{
  "boot_manifest_version": "1.0",
  "doctrine": [
    "metablooms_core_doctrine.md",
    "metablooms_epistemic_loop_doctrine_v1.md",
    "metablooms_reasoning_engine_doctrine_v1.md",
    "doctrine/BOOT_ATOMICITY_CONTRACT.md",
    "doctrine/SYSTEM_INDEX_SCHEMA_AUTHORITY.md",
    "doctrine/GATE_PURITY_DOCTRINE.md",
    "doctrine/ROOT_CAUSE_ENGINE_V2.md",
    "doctrine/BOOT_INDEX_DIFF_POLICY.md"
  ],
  "entrypoint": "BOOT_METABLOOMS.py",
  "metadata": {
    "bundle_name": "MultiMetaBlooms",
    "enforced_mode": "fail-closed",
    "entry_kind": "immutable"
  },
  "notes": "Project-files-bootable bundle: precomputed SYSTEM_INDEX.json is required (fail-closed); boot uses system_index_gate for fast validation and only regenerates if missing/corrupt.",
  "preflight": [
    "metablooms_boot_snapshot_gate.py",
    "metablooms_smoke_test.py",
    "metablooms_reasoning_engine_activation_proof.py",
    "metablooms_epistemic_loop_activation_proof.py",
    "metablooms_reasoning_wiring_gate.py",
    "_TDL/gates/temporal_claims_gate.py",
    "metablooms_memory_violation_gate_activation_proof.py",
    "metablooms_system_index_gate.py",
    "metablooms_system_index_schema_gate.py",
    "metablooms_system_index_consistency_gate.py",
    "metablooms_system_index_diff_gate.py",
    "metablooms_invariant_coverage_auditor.py",
    "metablooms_boot_atomicity_gate.py",
    "metablooms_boot_completeness_cert_gate.py",
    "metablooms_boot_gate.py"
  ],
  "version": "7.6.9R"
}