{
  "run_id": "PhaseC_SelfIndex_Checkpoint_20251226T012939Z",
  "timestamp_utc": "20251226T012939Z",
  "root": "/mnt/data",
  "files": [
    {
      "path": "PROJECT_SNAPSHOT/2025-12-20T174432Z_SASCCP_CPFS_COMPLETE_MANIFEST_v1.mips.json",
      "size_bytes": 82545,
      "mtime": 1766711663.7695212,
      "sha256": "41c6c2fc7d115ff3cc692135fb0224e321f1532674ae6f8ad27b2ffaabac3263"
    },
    {
      "path": "PROJECT_SNAPSHOT/2025-12-23_AlwaysOn_AttributionContinuityGuards_v2.zip",
      "size_bytes": 3258,
      "mtime": 1766711663.8927085,
      "sha256": "cd704e9b706813bc886f61d8391949f44d63f299917b6d785fb2fcae418affe0"
    },
    {
      "path": "PROJECT_SNAPSHOT/2025-12-23_PHASE2_GuardSynthesis_TERMUX_v1_20251223T235230Z.zip",
      "size_bytes": 6068,
      "mtime": 1766711660.7763634,
      "sha256": "5c0bc63c79ffbd2893d75fa4b5830312226f3ce3dbf4b68bcfa0cb5998a2d8ad"
    },
    {
      "path": "PROJECT_SNAPSHOT/2025-12-23_Phase1_TermuxFailure_HarvestPromote_v1_20251223T222535Z.zip",
      "size_bytes": 4367,
      "mtime": 1766711661.0533872,
      "sha256": "bd71b04b25672c6ff2d43007903792893c8e0d4bec0f69ab324d27dbc1617d2b"
    },
    {
      "path": "PROJECT_SNAPSHOT/2025-12-23_ProjectFiles_AuditSpec_SASCCP_Phase3_20251223T234610Z.zip",
      "size_bytes": 2248,
      "mtime": 1766711660.776236,
      "sha256": "cdf7373197a6a03f7c0a4c6145a0a41cff0c92944c685c93df02c95e7dead151"
    },
    {
      "path": "PROJECT_SNAPSHOT/2025-12-23_SASCCP_BIG_v1_OneDrop_BUNDLE.zip",
      "size_bytes": 17329,
      "mtime": 1766711660.6805363,
      "sha256": "24765cb2a0a459f24382123830d5bf59879e44246b92cb7b4e23c1c6736baf29"
    },
    {
      "path": "PROJECT_SNAPSHOT/2025-12-23_sasccp_boot_binding_delta_v1_2025-12-24T011841Z.zip",
      "size_bytes": 4750,
      "mtime": 1766711660.7763767,
      "sha256": "3f378f886030cc2ce34baaf72be7fc8553ef44d15d3b94a07812ddaa80890e6e"
    },
    {
      "path": "PROJECT_SNAPSHOT/2025-12-24_CPFS_ActionableAppend_Pack_v1.zip",
      "size_bytes": 14554,
      "mtime": 1766711663.8784554,
      "sha256": "1e28acafc72b2f203bb9f6acd9fa0ce65f43240e83ca8b28e085014686c0fc12"
    },
    {
      "path": "PROJECT_SNAPSHOT/2025-12-24_MetaBrain_Integration_Bundle_v1.zip",
      "size_bytes": 2453,
      "mtime": 1766711663.8211727,
      "sha256": "d165c52f9f568039550e65226c4f322cacbbcb032ecd62dffec5003751d889a3"
    },
    {
      "path": "PROJECT_SNAPSHOT/2025-12-24_MetaBrain_Integration_Bundle_v2.zip",
      "size_bytes": 3928,
      "mtime": 1766711663.9799066,
      "sha256": "2f83c0763b16abcdc46c7394221fa070632f5e37e5cd78ae1821fc4b0529db6e"
    },
    {
      "path": "PROJECT_SNAPSHOT/2025-12-24_PHASE5A_LinkFailure_RCA.md",
      "size_bytes": 2221,
      "mtime": 1766712579.2199736,
      "sha256": "f4a016e20ead68995d4064425aabcdfefb07332aa8632e6d73a3d704f6ef03de"
    },
    {
      "path": "PROJECT_SNAPSHOT/2025-12-24_SASCCP_SurfaceCanonicalAlias_Bundle_v1.zip",
      "size_bytes": 1232,
      "mtime": 1766711664.1425889,
      "sha256": "12fc7d36187ee9c13f2878adab45d7904f6301f3c410b580e36602d39854f643"
    },
    {
      "path": "PROJECT_SNAPSHOT/2025-12-24_metabrain_prompt_fix_bundle_v1.zip",
      "size_bytes": 5107,
      "mtime": 1766711664.1041667,
      "sha256": "1424537bd00f926e09794c0df41bb1c63c0281b1ab3fc2ba7300d0802ba15ec8"
    },
    {
      "path": "PROJECT_SNAPSHOT/2025-12-24_metabrain_prompts_verbosity_fuse_v3_2025-12-24T162123Z.zip",
      "size_bytes": 5504,
      "mtime": 1766711666.0125535,
      "sha256": "64e720b31b3a7a52c0bcea1d3de327d876ea5d78dfe3d8721ed98e73405790e4"
    },
    {
      "path": "PROJECT_SNAPSHOT/20251224T170400Z_SASCCP_DELTA_SANDCRAWLER_EXTERNAL_NEEDED_GATES_v1_1.zip",
      "size_bytes": 3723,
      "mtime": 1766711666.0306468,
      "sha256": "fa76c83e3c21d6e881fb2bc4ee38662ed4386ab7ce0df3c9549141d77bcc3075"
    },
    {
      "path": "PROJECT_SNAPSHOT/20251225T012708Z_BJE_CORE_V1_PERSIST_BUNDLE.zip",
      "size_bytes": 4481,
      "mtime": 1766711665.9959104,
      "sha256": "039e8497a600506ac8ee06b746c7e5e30c0c57014717dfda9328720fd24e95d5"
    },
    {
      "path": "PROJECT_SNAPSHOT/CONTROL_PLANE_DOCTRINE_BINDING_v1_SHIP_BUNDLE.zip",
      "size_bytes": 1016,
      "mtime": 1766711666.1538775,
      "sha256": "11c5fac1e76036c5b4a1b8d4f929846295d4c8ea2105da9718c9bbd4f0c1380e"
    },
    {
      "path": "PROJECT_SNAPSHOT/MetaBlooms_BOOTSTRAP_PROMPT_CANONICAL_2025-12-23_0945CT_RLFT_v1_20251223T160408Z.txt",
      "size_bytes": 2533,
      "mtime": 1766711661.0809188,
      "sha256": "f363c577bf310742cf8abbfe318d7da2f4e164f915c96108cb976305b49c73d1"
    },
    {
      "path": "PROJECT_SNAPSHOT/MetaBlooms_CANONICAL_ProjectFilesPack_2025-12-23_0945CT.zip",
      "size_bytes": 16576542,
      "mtime": 1766711661.568694,
      "sha256": "6e6bf0cf1de34d9ee900848f95e36f91e30dd38c4f6e7e347a4f3529d491017c"
    },
    {
      "path": "PROJECT_SNAPSHOT/MetaBlooms_CANONICAL_Step1_PERSIST_20251226T004053Z.zip",
      "size_bytes": 16603696,
      "mtime": 1766711662.1830485,
      "sha256": "6a939b34ebb784dd2ce4f42d0979b90097fd87f3cd61cf7eed47216bcfe57b38"
    },
    {
      "path": "PROJECT_SNAPSHOT/MetaBlooms_GitHubRelay_MVP_AlwaysOn_20251226T000750Z.zip",
      "size_bytes": 8364,
      "mtime": 1766711660.4503782,
      "sha256": "3a4c141dfbbeb46a7322a8010395a4f98cd91ae05705f4f060f7a60bcb012bf8"
    },
    {
      "path": "PROJECT_SNAPSHOT/MetaBlooms_Phase_B2_ArchiveIndex_Recommendation_Pack_20251225T231134Z.zip",
      "size_bytes": 1907,
      "mtime": 1766711656.623167,
      "sha256": "ab8e599d100fc1ecaf982c8e11b71a1ee9ee41b4a59812b6df3f19192bf4fa8d"
    },
    {
      "path": "PROJECT_SNAPSHOT/MetaBlooms_Phase_B_PERSISTED_20251226T011427Z.zip",
      "size_bytes": 1843,
      "mtime": 1766712579.0527928,
      "sha256": "154cc4bdf3beffa205dd3607df0429f3408e6a51c5b7cafd42a64fa9e751e165"
    },
    {
      "path": "PROJECT_SNAPSHOT/MetaBlooms_SandCrawler_AlwaysOn_Pack_20251225T192830Z.zip",
      "size_bytes": 1382,
      "mtime": 1766711656.773569,
      "sha256": "0078eb94565606225975410a5fa54c93d1562552590ca376e1da47fcebd18da4"
    },
    {
      "path": "PROJECT_SNAPSHOT/MetaBlooms_Spine_Merged_SandCrawler_v1_20251225T193120Z.zip",
      "size_bytes": 1269,
      "mtime": 1766711660.4815264,
      "sha256": "65baa93268bc6563d0c68b0361dff21d9be300862e1ea6ac4baef9f2a1c8ff1f"
    },
    {
      "path": "PROJECT_SNAPSHOT/PLL_v1_SHIP_BUNDLE.zip",
      "size_bytes": 667,
      "mtime": 1766711665.9911814,
      "sha256": "743d0eb54c5cd73a3ef43278bf3481470cfaf083ed23f67163645167ffb00f59"
    },
    {
      "path": "PROJECT_SNAPSHOT/Phase5B_GlobalFailureIndex.zip",
      "size_bytes": 1797,
      "mtime": 1766711663.977013,
      "sha256": "5880d1ee9185aa4a6886f325766a4d3cb6b7d2f6ad6b3154d61f66840ea7dc12"
    },
    {
      "path": "PROJECT_SNAPSHOT/RCL_ANALYTICS_v1_SHIP_BUNDLE.zip",
      "size_bytes": 2193,
      "mtime": 1766711666.1139994,
      "sha256": "4ab4b305c33aa2c8e5c383cc5ea99ae93fb50c479f593f27b6c476cf84f15b1e"
    },
    {
      "path": "PROJECT_SNAPSHOT/SASCCP_BIND_REPORT_20251225T133725Z.json",
      "size_bytes": 6276,
      "mtime": 1766711660.4850883,
      "sha256": "75566b6b71ba4808e9ceba9db120d6b8033d91f44e4415327f6533eb4574f80a"
    },
    {
      "path": "PROJECT_SNAPSHOT/SASCCP_DONT_BE_A_DUMBASS_GUARD_v1.zip",
      "size_bytes": 1394,
      "mtime": 1766711663.979112,
      "sha256": "cc0ad89c7d87f1c87b58fb92bf7fe5e8ea2d23031478b1f0d946b04bf126da50"
    },
    {
      "path": "PROJECT_SNAPSHOT/external_failures_normalized_20251224T004600Z.ndjson",
      "size_bytes": 611,
      "mtime": 1766711661.0758235,
      "sha256": "7c0071add957b9e6d9792d42add035c77dd98ba05dbb2eb76685289a335072c3"
    }
  ],
  "errors": []
}