{
  "run_id": "PhaseC_SelfIndex_Checkpoint_20251226T012939Z",
  "phase": "Phase B\u00bd \u2192 Phase C (Self-Index)",
  "timestamp_utc": "20251226T012939Z",
  "artifacts_written": [
    "/mnt/data/MetaBlooms/PhaseC_SelfIndex_Checkpoint_20251226T012939Z/META_EXECUTION_PROMPT.md",
    "/mnt/data/MetaBlooms/PhaseC_SelfIndex_Checkpoint_20251226T012939Z/SELF_INDEX.json",
    "/mnt/data/MetaBlooms/PhaseC_SelfIndex_Checkpoint_20251226T012939Z/PROJECT_SNAPSHOT"
  ],
  "file_count_indexed": 31,
  "error_count": 0,
  "next_step": "Phase C.1 \u2014 Build canonical registries (Tool Registry, Process Registry, Governance Registry) from SELF_INDEX + file content sampling, then package into Inchworm Bundle v1."
}