{
  "spec_id": "MB_SESSION_LIFECYCLE_SPEC_v1",
  "version": "1.0.0",
  "status": "canonical",
  "purpose": "Define deterministic session boundaries for BLE promotion and evidence aggregation",
  "definition": {
    "session_id": {
      "format": "uuid4",
      "generation_time": "session_start",
      "scope": "single logical build or interaction cycle"
    },
    "session_start": {
      "trigger_any": [
        "first tool invocation",
        "first file write",
        "explicit RUN/BUILD command",
        "explicit user directive initiating work"
      ],
      "notes": "Conversation-only chatter without operational intent does not start a session."
    },
    "session_end": {
      "trigger_any": [
        "explicit completion signal",
        "idle_timeout_exceeded",
        "fatal_error_without_retry",
        "supervisor_abort"
      ],
      "idle_timeout_seconds": 900,
      "notes": "Session closes deterministically even if work fails."
    }
  },
  "state_management": {
    "session_state_store": "MB_STATE_HUB/sessions/<session_id>.json",
    "append_only": true,
    "fields": [
      "session_id",
      "start_timestamp",
      "end_timestamp",
      "environment_ids",
      "artifacts_touched",
      "failure_events",
      "learning_events"
    ]
  },
  "interaction_with_ble": {
    "promotion_unit": "distinct_sessions",
    "rule": "Multiple events within one session count as one signal occurrence.",
    "anti_spam": "Identical signals within a session do not increment counters."
  },
  "interaction_with_trace": {
    "eat_binding": "All EATs generated during a session must reference the same session_id",
    "trace_diff_scope": "TraceDiff comparisons may span sessions but must cite both session_ids"
  },
  "edge_cases": {
    "nested_tasks": "Nested tasks inherit parent session_id",
    "parallel_tasks": "Parallel executions share session_id but track distinct artifact IDs",
    "crash_recovery": "If session_end not recorded, system auto-closes on next boot with reason=crash_recovery"
  }
}