{
  "activation_artifact": "control_plane/state_hub/activation_status_20251229T194922Z.json",
  "boot_id": null,
  "current_mode": null,
  "deltas_active": 2,
  "governance_certifications": [
    {
      "artifact_id": "MetaBlooms_Tight_OK_Certificate",
      "councils": [
        "Engineer",
        "Teacher",
        "Auditor",
        "Rationality",
        "Ethics"
      ],
      "guarantees": {
        "audit_before_ship": "pass",
        "bilingual_en_es": "pass",
        "chat_link_emission": "pass",
        "context_monitor": "pass",
        "delivery_guarantee": "pass",
        "mips_wrap_all": "pass",
        "sites_ipad_offline": "pass",
        "tts_every_step": "pass",
        "validation_report_required": "pass",
        "youtube_selector": "pass"
      },
      "kind": "mips_certificate",
      "sha256": "3d62e17374f35a29a974dcccd9a97ba2f5d317037c58ca38407ad97c6333ea47",
      "source": "OS_BatchPack_0001.mips.json",
      "status": "TIGHT_OK",
      "subject": "MetaBlooms_OS_v16.9.2_Production_FULL.mips.json",
      "timestamp": "2025-11-06T11:54:53"
    },
    {
      "artifact_id": "MetaBlooms_Tight_OK_Certificate",
      "councils": [
        "Engineer",
        "Teacher",
        "Auditor",
        "Rationality",
        "Ethics"
      ],
      "guarantees": {
        "audit_before_ship": "pass",
        "bilingual_en_es": "pass",
        "chat_link_emission": "pass",
        "context_monitor": "pass",
        "delivery_guarantee": "pass",
        "mips_wrap_all": "pass",
        "sites_ipad_offline": "pass",
        "tts_every_step": "pass",
        "validation_report_required": "pass",
        "youtube_selector": "pass"
      },
      "kind": "mips_certificate",
      "sha256": "3d62e17374f35a29a974dcccd9a97ba2f5d317037c58ca38407ad97c6333ea47",
      "source": "OS_BatchPack_0001.mips.json",
      "status": "TIGHT_OK",
      "subject": "MetaBlooms_OS_v16.9.2_Production_FULL.mips.json",
      "timestamp": "2025-11-06T11:54:53"
    }
  ],
  "last_activity": null,
  "last_delta": "delta_20251230T015200Z_governance_evidence_observability.json",
  "ledger_counts": {
    "chat": 0,
    "delta": 0,
    "diff": 0,
    "os": 0
  },
  "os_version": null,
  "status": "HEALTHY",
  "subsystems": {
    "BLE": "ACTIVE",
    "CONTROL_PLANE_CORE": "ACTIVE",
    "EGG_JUICER": "ACTIVE",
    "GOVERNANCE_CORE": "ACTIVE",
    "INTEGRATIONS": "ACTIVE",
    "SHOPPING_MODE_CONTROLLER": "ACTIVE",
    "SOPS": "ACTIVE",
    "TOOLS": "ACTIVE"
  },
  "timestamp": "2025-12-30T02:16:46.692477Z"
}