{
  "spec_id": "MB_EVIDENCE_HASH_SPEC_v1",
  "version": "1.0.0",
  "status": "canonical",
  "purpose": "Define deterministic evidence hashing for auditability and verification",
  "hash_algorithm": "sha256",
  "hashing_rules": {
    "textual_evidence": {
      "inputs": [
        "stderr_raw",
        "stdout_raw",
        "tool_command",
        "environment_id"
      ],
      "normalization": [
        "utf8_encode",
        "strip_trailing_whitespace",
        "normalize_line_endings"
      ],
      "hash_time": "immediately_after_capture"
    },
    "file_evidence": {
      "inputs": [
        "file_bytes"
      ],
      "normalization": [
        "raw_bytes_only"
      ],
      "hash_time": "before_and_after_mutation"
    },
    "json_evidence": {
      "inputs": [
        "canonical_json_string"
      ],
      "normalization": [
        "sorted_keys",
        "no_whitespace",
        "utf8_encode"
      ],
      "hash_time": "after_serialization"
    }
  },
  "storage": {
    "location": "MB_STATE_HUB/evidence/<session_id>/",
    "append_only": true,
    "required_fields": [
      "evidence_id",
      "session_id",
      "hash",
      "hash_time",
      "evidence_type",
      "source_component"
    ]
  },
  "verification": {
    "recompute_on_read": true,
    "mismatch_action": "invalidate_evidence_and_raise_alert"
  },
  "interaction_with_systems": {
    "BLE": "Evidence hashes are required for promotion eligibility",
    "TraceDiff": "Hashes anchor before/after comparisons",
    "Semantic_Shadow": "Shadow outputs must hash independently"
  }
}