{
  "$schema": "http://json-schema.org/draft-07/schema#",
  "title": "Chronology Evidence Object (CEO)",
  "description": "Timestamped, source-backed, tamper-evident event evidence for MetaBlooms chronology.",
  "type": "object",
  "properties": {
    "log_version": {
      "type": "string",
      "description": "Schema/log version."
    },
    "id": {
      "type": "string",
      "description": "Unique event id (UUIDv4 recommended)."
    },
    "ts_utc": {
      "type": "string",
      "format": "date-time",
      "description": "ISO 8601 UTC timestamp for the event."
    },
    "source": {
      "type": "string",
      "description": "Evidence source, e.g. internal, web.run, manual."
    },
    "actor_id": {
      "type": "string",
      "description": "Subsystem or actor emitting the event (e.g. TDL_GATE:verification)."
    },
    "context": {
      "type": "string",
      "description": "High-level context label (BOOT, RELEASE, GATE:<name>, LEDGER, etc.)."
    },
    "event_name": {
      "type": "string",
      "description": "Short event name (boot_started, gate_start, etc.)."
    },
    "event_type": {
      "type": "string",
      "enum": [
        "internal",
        "external",
        "reconstructed",
        "logical_order"
      ]
    },
    "logical_clock": {
      "type": "integer",
      "minimum": 0,
      "description": "Lamport-style logical clock for causal ordering."
    },
    "seq": {
      "type": "integer",
      "minimum": 0,
      "description": "Append-only sequence number within the log file."
    },
    "parent_event_ids": {
      "type": "array",
      "items": {
        "type": "string"
      },
      "description": "Explicit causal parents (optional)."
    },
    "evidence_refs": {
      "type": "array",
      "items": {
        "type": "string"
      },
      "description": "Pointers to artifacts or source ids (paths, web.run ref ids)."
    },
    "metadata": {
      "type": "object",
      "description": "Free-form structured metadata."
    },
    "hash_prev": {
      "type": [
        "string",
        "null"
      ],
      "description": "SHA256 of previous serialized CEO line (hash chain)."
    },
    "hash_self": {
      "type": "string",
      "description": "SHA256 of this CEO line with hash_prev filled."
    }
  },
  "required": [
    "log_version",
    "id",
    "ts_utc",
    "source",
    "actor_id",
    "context",
    "event_name",
    "event_type",
    "logical_clock",
    "seq",
    "evidence_refs",
    "metadata",
    "hash_prev",
    "hash_self"
  ]
}