{
  "P0_tools": [
    {
      "id": "eb44c737-517a-4976-af2a-e8565eec248c",
      "summary": "v6.2 rebuild with export gate",
      "timestamp": "2025-12-30T14:05:55.167844Z"
    }
  ],
  "P0_gates": [
    "artifact_contract_gate",
    "no_placeholders_gate",
    "intent_lock_gate",
    "temporal_claims_gate"
  ],
  "P0_outputs": [
    "intent_lock_status.json",
    "_TDL/chronology/chronology.ndjson",
    "_TDL/chronology/chronology.index.json"
  ],
  "P0_components": [
    "chronology_engine",
    "webrun_bridge"
  ],
  "P0_helpers": [
    "temporal_auto_inject"
  ],
  "P0_lint": [
    "temporal_linter"
  ],
  "P0_reports": [
    "temporal_rejection_report"
  ]
}