{
  "title": "ResolvedExternalTime v1",
  "type": "object",
  "required": [
    "query",
    "parsed_ts_utc",
    "web_source_ref"
  ],
  "properties": {
    "query": {
      "type": "string"
    },
    "parsed_ts_utc": {
      "type": "string",
      "description": "ISO 8601 UTC timestamp, timezone-aware"
    },
    "web_source_ref": {
      "type": "string",
      "description": "web.run evidence handle/ref id"
    },
    "evidence_url": {
      "type": [
        "string",
        "null"
      ]
    },
    "evidence_snippet": {
      "type": [
        "string",
        "null"
      ]
    },
    "extractor": {
      "type": [
        "string",
        "null"
      ]
    },
    "confidence": {
      "type": "string",
      "enum": [
        "high",
        "medium",
        "low"
      ]
    }
  }
}