{
  "system": "Chat Health Monitor (CHM)",
  "version": "v1.0",
  "status": "CONTROL_PLANE_BINDING",
  "purpose": "Monitor and protect the conversational execution environment as a first-class system.",
  "authority": "Medium safety and governance integrity (non-cognitive, non-executing)",
  "monitored_domains": {
    "structural_integrity": {
      "priority": "P0",
      "signals": [
        "Claims without artifacts",
        "Decisions without trace",
        "Implicit state retention",
        "Loss of filesystem references"
      ],
      "response": "FAIL_CLOSED"
    },
    "cognitive_drift": {
      "priority": "P1",
      "signals": [
        "Narrative smoothing",
        "Premature convergence",
        "Heuristic leakage",
        "Over-reassurance"
      ],
      "response": "DEGRADED_BUT_FUNCTIONAL"
    },
    "fatigue_and_saturation": {
      "priority": "P1-P2",
      "signals": [
        "Repetition without novelty",
        "Long turn chains without artifacts",
        "Rising abstraction without grounding"
      ],
      "response": "FORCE_CHECKPOINT"
    },
    "environmental_constraints": {
      "priority": "P2",
      "signals": [
        "UI truncation",
        "File expiry risk",
        "Tool invocation failure"
      ],
      "response": "ADAPTIVE_BEHAVIOR"
    }
  },
  "enforcement_powers": [
    "Throttle",
    "Checkpoint",
    "Halt"
  ],
  "integration_points": [
    "Decision Spine",
    "Heuristic Containment Matrix",
    "BridgeMap"
  ],
  "invariants": [
    "Chat health overrides task progression",
    "Silence is forbidden when degradation is detected",
    "Externalization is mandatory under health pressure"
  ]
}