{
  "created_utc": "2025-12-30T01:55:00Z",
  "delta_sha256": "d7c3b42be27dbb3a6d1b38b02489d7314055660cb806c2cf489aa4df1308a3cd",
  "id": "invariant_governance_cert_visibility_v1",
  "promoted_from_delta": "delta_20251230T015200Z_governance_evidence_observability.json",
  "rule": "If any governance certificate evidence exists under metablooms/evidence, it must be surfaced in HEALTH.json and STATUS.md. If not, boot must fail.",
  "scope": [
    "P0",
    "observability",
    "governance"
  ],
  "status": "ACTIVE"
}