{
  "version": "v1",
  "purpose": "Fail-closed CEJ autorun policy: choose minimal passes automatically for requests like 'do cej on this', always including optional precision passes.",
  "defaults": {
    "always_include_optional_precision": true,
    "output_dir": "/mnt/data/cej_out",
    "bundle_outputs": true
  },
  "pass_registry": [
    {
      "pass_id": "CEJ-1",
      "name": "Scope/Context",
      "kind": "context",
      "optional_precision": false
    },
    {
      "pass_id": "CEJ-2",
      "name": "Claims/Facts Extraction",
      "kind": "extraction",
      "optional_precision": false
    },
    {
      "pass_id": "CEJ-3",
      "name": "Failures",
      "kind": "core",
      "optional_precision": false
    },
    {
      "pass_id": "CEJ-4",
      "name": "Survivors",
      "kind": "core",
      "optional_precision": false
    },
    {
      "pass_id": "CEJ-5",
      "name": "Tools",
      "kind": "core",
      "optional_precision": false
    },
    {
      "pass_id": "CEJ-6",
      "name": "Gaps",
      "kind": "core",
      "optional_precision": false
    },
    {
      "pass_id": "CEJ-7",
      "name": "Integration Mapping",
      "kind": "synthesis",
      "optional_precision": false
    },
    {
      "pass_id": "CEJ-8",
      "name": "Constraints/Precision",
      "kind": "precision",
      "optional_precision": true
    },
    {
      "pass_id": "CEJ-9",
      "name": "Test Vectors/Acceptance",
      "kind": "precision",
      "optional_precision": true
    }
  ],
  "selection_profiles": {
    "auto": {
      "description": "Minimal useful CEJ run based on detected intent and artifact type.",
      "rules": [
        {
          "when": {
            "intent_any": [
              "boundary",
              "governance",
              "policy",
              "invariant",
              "freeze",
              "summarize",
              "compress",
              "guardrail"
            ]
          },
          "include_passes": [
            "CEJ-3",
            "CEJ-4",
            "CEJ-5",
            "CEJ-6"
          ],
          "optional_precision_passes": [
            "CEJ-8",
            "CEJ-9"
          ]
        },
        {
          "when": {
            "artifact_any": [
              "code",
              "html",
              "json_schema",
              "installer",
              "kernel_or_spec",
              "env_spec"
            ]
          },
          "include_passes": [
            "CEJ-3",
            "CEJ-4",
            "CEJ-5",
            "CEJ-6"
          ],
          "optional_precision_passes": [
            "CEJ-8",
            "CEJ-9"
          ]
        },
        {
          "when": {
            "intent_any": [
              "summarize",
              "extract",
              "study guide",
              "notes",
              "lesson plan"
            ]
          },
          "include_passes": [
            "CEJ-1",
            "CEJ-2",
            "CEJ-4"
          ],
          "optional_precision_passes": [
            "CEJ-8",
            "CEJ-9"
          ]
        },
        {
          "when": {
            "intent_any": [
              "root cause",
              "why did it fail",
              "postmortem",
              "debug"
            ]
          },
          "include_passes": [
            "CEJ-3",
            "CEJ-6",
            "CEJ-4",
            "CEJ-5"
          ],
          "optional_precision_passes": [
            "CEJ-8",
            "CEJ-9"
          ]
        }
      ],
      "fallback": {
        "include_passes": [
          "CEJ-3",
          "CEJ-4",
          "CEJ-5",
          "CEJ-6"
        ],
        "optional_precision_passes": [
          "CEJ-8",
          "CEJ-9"
        ]
      }
    },
    "full": {
      "description": "Runs CEJ-1..CEJ-9 (heavier, more noise).",
      "include_passes": [
        "CEJ-1",
        "CEJ-2",
        "CEJ-3",
        "CEJ-4",
        "CEJ-5",
        "CEJ-6",
        "CEJ-7",
        "CEJ-8",
        "CEJ-9"
      ]
    }
  },
  "outputs": {
    "bundle_name_template": "CEJ_{timestamp}_{stem}.zip",
    "artifacts": [
      "cej_run.meta.json",
      "CEJ-3.json",
      "CEJ-4.json",
      "CEJ-5.json",
      "CEJ-6.json",
      "CEJ-8.json",
      "CEJ-9.json"
    ]
  },
  "freeze_guard": {
    "enabled": true,
    "required_for_artifact_types": [
      "html",
      "code",
      "json_schema",
      "kernel_or_spec",
      "zip"
    ],
    "prepass_report_dir": "/mnt/data/eggjuicer_prepass_out",
    "report_suffix": ".report.json",
    "status_field": "status",
    "allowed_status_any": [
      "SAFE SUMMARY",
      "MIXED: FROZEN + COMPRESSIBLE",
      "NON-COMPRESSIBLE"
    ],
    "fail_closed_message": "BLOCKED (fail-closed): Freeze-First Prepass report not found. Run eggjuicer_freeze_prepass.py first and re-try, or pass --allow_unfrozen to override (not recommended)."
  }
}