{
  "spec_id": "MB_LEARNING_POLICY_PROMOTION_CRITERIA_v1",
  "version": "1.0.0",
  "status": "canonical",
  "purpose": "Define deterministic promotion and regression rules for MetaBlooms learning lanes",
  "lanes": {
    "observe_only": {
      "description": "No persistent learning; evidence collected only",
      "entry_conditions": [
        "system_boot",
        "new_signal_type"
      ],
      "promotion_to": {
        "nano_log": {
          "min_distinct_sessions": 1,
          "required": [
            "valid_evidence_hash"
          ],
          "approval": "automatic"
        }
      }
    },
    "nano_log": {
      "description": "Append-only learning with no behavioral change",
      "promotion_to": {
        "micro_log": {
          "min_distinct_sessions": 3,
          "required": [
            "consistent_cause_class",
            "valid_evidence_hash"
          ],
          "approval": "supervisor_optional"
        }
      }
    },
    "micro_log": {
      "description": "Candidate guardrails and soft warnings",
      "promotion_to": {
        "macro_log": {
          "min_distinct_sessions": 7,
          "required": [
            "no_regressions",
            "stable_trace_diff",
            "valid_evidence_hash"
          ],
          "approval": "supervisor_required"
        }
      }
    },
    "macro_log": {
      "description": "Eligible for canonical guardrail proposal",
      "promotion_to": {
        "canonical": {
          "min_distinct_sessions": 14,
          "required": [
            "supervisor_approval",
            "reversion_plan",
            "audit_review"
          ],
          "approval": "governance_council"
        }
      }
    }
  },
  "regression_handling": {
    "on_regression": [
      "freeze_promotion",
      "open_investigation",
      "require_supervisor_review"
    ],
    "rollback_trigger": [
      "evidence_hash_mismatch",
      "semantic_shadow_alert",
      "trace_diff_anomaly"
    ]
  },
  "constraints": {
    "automatic_canonical_promotion": false,
    "promotion_requires_session_lifecycle": true,
    "promotion_requires_evidence_hash": true
  }
}