{
  "bundle": "MultiMetaBlooms OS",
  "version": "7.6.9R",
  "payload_file_count": 68,
  "payload_files": [
    {
      "name": "2026-01-02_ADMIN_BRIEF_ELAR_TEKS_EXECUTION_GAPS_v1.md",
      "bytes": 4579,
      "sha256": "bad8113f69c58a8dce5cecfdd91619314274d149535d350f6b90a47a992da009"
    },
    {
      "name": "2026-01-02_ADMIN_BRIEF_ELAR_TEKS_EXECUTION_GAPS_v2_ANCHORED.md",
      "bytes": 4848,
      "sha256": "22175ff02ddbfa52eca582ed752b5e5ada5f616e9114565c942bc85dbc52209b"
    },
    {
      "name": "2026-01-02_BUILD_ROUTER_MASTERY_WIRING_REPORT_v1.md",
      "bytes": 1559,
      "sha256": "a5e33741b05d8a9ba25ac06ab853a3f93dcb88a1ac7779f13ffcefa46da73894"
    },
    {
      "name": "2026-01-02_CLAIMS_TO_CITATIONS_TABLE_v2_CITATION_HYGIENE.md",
      "bytes": 3104,
      "sha256": "65c605946d3da4a88a1b2fb3f85b1367d5116c9a1daafad1e51d284d0a738fca"
    },
    {
      "name": "2026-01-02_CLAIMS_TO_CITATIONS_TABLE_v3_LOCKED_TRANSFER.md",
      "bytes": 3491,
      "sha256": "2ca25ec92b26e21e072fbe29758f2d4fa7d0c49a54cf139ae79fafc0fc596957"
    },
    {
      "name": "2026-01-02_CLAIMS_TO_CITATIONS_TABLE_v4_ANCHORED.md",
      "bytes": 3531,
      "sha256": "4ba92c5358dd27ebf43a5d2e4408e5543799be92df721a9d3e01643647dd1362"
    },
    {
      "name": "2026-01-02_DUAL_TRACK_BUNDLE_v1.zip",
      "bytes": 10733,
      "sha256": "e44047833c9157651ca72c7a09765e2aca54a3b8ac05b3286cb5bd58c2933897"
    },
    {
      "name": "2026-01-02_ELAR_EXECUTION_GAP_CREDIBILITY_PACK_v1.zip",
      "bytes": 4308,
      "sha256": "ae0b9168a5a2dfa932d7bc351b1ece41aaed4c9c6de4b6a5b0d863fef2e041f1"
    },
    {
      "name": "2026-01-02_ELAR_PUBLICATION_PACK_v1.zip",
      "bytes": 9583,
      "sha256": "7335629e0189b1eae357f48ce87f00d0e3439b6971a12b0a7e3cfdf63e48dccb"
    },
    {
      "name": "2026-01-02_EVG_OPPOSITIONAL_AUDIT_GATE_v1.md",
      "bytes": 875,
      "sha256": "8d86acf08ce6e8cf840272f14d74485c4ae4058138f10701c72e27780a150575"
    },
    {
      "name": "2026-01-02_EVIDENCE_MEMO_SANDCRAWLER_v1.md",
      "bytes": 4219,
      "sha256": "cf64e81f2379716a24ead16142eba2111959de76fe29c5a34c36f68bbbdcf364"
    },
    {
      "name": "2026-01-02_EXEC_SUMMARY_BUILD_ROUTER_MASTERY_HOOK_v1.md",
      "bytes": 663,
      "sha256": "bf0ca42620a586dfaae855104655d24d3592baed2136dc237c5486c3a5761beb"
    },
    {
      "name": "2026-01-02_EXEC_SUMMARY_ELAR_EXEC_GAP_v1.md",
      "bytes": 1014,
      "sha256": "17b387ed8c4106cde2c5c94424de9761da973bc20cf135f167f2b9b3b56dea8e"
    },
    {
      "name": "2026-01-02_EXEC_SUMMARY_PUBLICATION_PACK_ELAR_v1.md",
      "bytes": 513,
      "sha256": "4dc870d1d5f962d00c3dbe536143d3efce481183c06a0394b201e103775d8780"
    },
    {
      "name": "2026-01-02_INDEX_COVERAGE_AND_QUERY_ROUTER_PATHS.json",
      "bytes": 732,
      "sha256": "529a1d1380ae21d04f01c6cf06c34f9285531685cf822bde0df2735afa7f2029"
    },
    {
      "name": "2026-01-02_INDEX_COVERAGE_AND_QUERY_ROUTER_PATHS.md",
      "bytes": 1346,
      "sha256": "f82f9684eb43cde86d3814fdee7c02a59f5a9fe07715007bfe6374b183b90916"
    },
    {
      "name": "2026-01-02_MULTIMETABLOOMS_AGENTIC_CHECK_REPORT.json",
      "bytes": 1184,
      "sha256": "53abc28c01cd8ef649528a06fa66a3f9a06f487325d3d5083dc4caf6c22154ee"
    },
    {
      "name": "2026-01-02_MULTIMETABLOOMS_AGENTIC_CHECK_REPORT.md",
      "bytes": 2864,
      "sha256": "cac4526f9ed2c568438cbbf8ff85add5fa15d407606ca9a2d4b4ccc8602b4b3a"
    },
    {
      "name": "2026-01-02_OPPOSITIONAL_AUDIT_BUILD_MASTERY_ROUTER_v1.md",
      "bytes": 3430,
      "sha256": "6dbad87cf2e5f3158112ce10b81a22e884a64fcd535d329d4c21cd90051b341c"
    },
    {
      "name": "2026-01-02_OPPOSITIONAL_AUDIT_PLAN_PUBLICATION_PACK_v1.md",
      "bytes": 3091,
      "sha256": "4937474b19bb92366966fb76d0fcd62e86a3f4ce33b065a71644cb95a8dedf4a"
    },
    {
      "name": "2026-01-02_OS_INDEXING_MASTER_PLAN_v1.md",
      "bytes": 10008,
      "sha256": "26f9895de5e7c3701ba5fde43126948ccf36c170167f0e5818c681c8ec8189fa"
    },
    {
      "name": "2026-01-02_OS_INDEXING_REVIEW_v1.md",
      "bytes": 5603,
      "sha256": "0fb100f51db99f26eb4b606196798f8145805b47bdfc9e7caae2505e3b27d5b3"
    },
    {
      "name": "2026-01-02_PUBLICATION_PACK_MANIFEST_ELAR_v1.md",
      "bytes": 1040,
      "sha256": "28f7ba6eb867886699856ebd5b9a484c67fc7f72fa91f1b69638dc239664b46c"
    },
    {
      "name": "2026-01-02_RETROACTIVE_AUDIT_LEDGER_v1.json",
      "bytes": 755,
      "sha256": "aef2f38a252f20130c55c2bc1e48c1ca98ff15aaf4af92d5ba361a5fbd252274"
    },
    {
      "name": "2026-01-02_ROOT_CAUSE_ENGINE_FIX_SYSTEM_INDEX_v1.md",
      "bytes": 4205,
      "sha256": "911d07abe2ba9dd6e5004ce33e695e92b53855799e22545b0c6e0baa082c293c"
    },
    {
      "name": "2026-01-02_SANDCRAWLER_VALUE_LEDGER_v1.ndjson",
      "bytes": 4380,
      "sha256": "ac3f87d88abc02b8f4a31b13de258ee0b6d9af3904c26ca87319848c9bc8c45e"
    },
    {
      "name": "2026-01-02_SCIENCE_OF_READING_TEKS_CAP_PIPELINE_SCHEMA_v1.json",
      "bytes": 2874,
      "sha256": "1b7ccb648a00b23c145962cffea854fd8784b2ecb62c5cdcc8d1fc6be0ae920b"
    },
    {
      "name": "2026-01-02_SCIENCE_OF_READING_TEKS_CODE_AS_PROSE_RESUME_PLAN_v1.md",
      "bytes": 5072,
      "sha256": "d0a476095bd87630635c52dda2e163435f65d553f8b532627dbcf72f093411d7"
    },
    {
      "name": "2026-01-02_SOR_TEKS_CAP_SEED_REPORT_v1.json",
      "bytes": 1201,
      "sha256": "75d4c9ab6b08dff41aa5f731ff3b6d0c5db907bf46615b0a5705afffd4a785b2"
    },
    {
      "name": "2026-01-02_SOR_TEKS_CAP_SEED_REPORT_v1.md",
      "bytes": 1061,
      "sha256": "1b6d07c658d4159c84455dcd4dae4a373f79ca887b3201781626a9bdce4f2314"
    },
    {
      "name": "2026-01-02_TEKS_ELAR_ANCHOR_MAP_v1.json",
      "bytes": 1543,
      "sha256": "b377351a90e124f1ac537f127482c1d6f392040546c8f22b006016b2304e4d72"
    },
    {
      "name": "2026-01-02_TEKS_ELAR_ANCHOR_MAP_v1.md",
      "bytes": 1211,
      "sha256": "e39e6fa7377c2b63271bfa7c03fa5bcecdc4fda5b5c939838787f5e62e6449bd"
    },
    {
      "name": "2026-01-03_epistemic_loop_top_wiring_diff.md",
      "bytes": 1525,
      "sha256": "3f9f70d66b4ae0d03119e227f1c2cb8febf67ecede3dfd82c3d6e510f43d9230"
    },
    {
      "name": "BOOT.md",
      "bytes": 1035,
      "sha256": "3486763b2cd08507c1b76c0abc8b30deac8a263a2112521b244fcfe20e59601f"
    },
    {
      "name": "CHANGELOG_FASTBOOT_CONVENIENCE.md",
      "bytes": 1707,
      "sha256": "fa243cec345119978b8897ea234322ae7ceccdf30985cd46c48714eab1d398d2"
    },
    {
      "name": "GULP.md",
      "bytes": 359,
      "sha256": "fcf42512923328ca1f25acbb280791c5406c78121382d5a11aebdb68fbc60885"
    },
    {
      "name": "INDEX_QUICKREF.md",
      "bytes": 1910,
      "sha256": "eec1c105009775c29d9788fd6459d1a4e40c7b05ba93b3466b22db35deaff553"
    },
    {
      "name": "MultiMetaBlooms_OS_v7_6_6_FULL.zip",
      "bytes": 2227415,
      "sha256": "dfcd1a5be2d8b10f89a411c8112054d5d0b65f1458b3784552adc775a3f54604"
    },
    {
      "name": "MultiMetaBlooms_OS_v7_6_6_FULL_INDEXED_ROUTER.zip",
      "bytes": 2196274,
      "sha256": "df6f0ac3173f4d36bc0830e9d8a39f444cb54b5dd880d33b26d555cd1eab5b24"
    },
    {
      "name": "MultiMetaBlooms_OS_v7_6_6_FULL_INDEXED_ROUTER_INTENT.zip",
      "bytes": 2234333,
      "sha256": "5a5e0976f23ed35804b21ca7ff999d07835cdc4a56f35ec5bc1d4474abb1cd7d"
    },
    {
      "name": "MultiMetaBlooms_OS_v7_6_7_FULL_INDEXED_ROUTER_INTENT_SOR_SEED.zip",
      "bytes": 2242130,
      "sha256": "c69d25dffdbbeb5ca42e53cac387b1d4377a30e4f4657021b5b3c6ce7e0594eb"
    },
    {
      "name": "MultiMetaBlooms_OS_v7_6_8_FULL_INDEXED_ROUTER_INTENT_SOR_SEED_MASTERY_WIRED.zip",
      "bytes": 2225149,
      "sha256": "241e059e039747316d24658d9ea6e8ffa3733974d6cad0f3a00bd69c90998736"
    },
    {
      "name": "ch-110-elar-english-i-iv-amended-0621.pdf",
      "bytes": 995755,
      "sha256": "a90703cd74a76b3145d8d349eedcf35b45adaeb11d7e686b1fef670c5b020abf"
    },
    {
      "name": "metablooms_boot_gate.py",
      "bytes": 1433,
      "sha256": "a11acb36f867999f9b0d87112f903076973c7a650f385e19c72acad6dc3d333f"
    },
    {
      "name": "metablooms_core_doctrine.md",
      "bytes": 609,
      "sha256": "19a0a78d25afeead60a778354911c27462527144ae7e1b17ade29b6852d58e2a"
    },
    {
      "name": "metablooms_epistemic_loop.py",
      "bytes": 12080,
      "sha256": "bdb3cbb5301614daa59f55fd0f40cc1cbf0617051301bdae68d131a4e35581b3"
    },
    {
      "name": "metablooms_epistemic_loop_activation_proof.py",
      "bytes": 1616,
      "sha256": "f12519ac9e4e4b13bc3fd6fcf6f6fcc575bd365db82aebed8525664740ca2f7d"
    },
    {
      "name": "metablooms_epistemic_loop_doctrine_v1.md",
      "bytes": 2612,
      "sha256": "6be60c03ef186ee366a2f8431bf9ef3e68e6ac4f26780df43e995e377137fe6b"
    },
    {
      "name": "metablooms_export_memory_gate_hook.py",
      "bytes": 1770,
      "sha256": "c786cb82c915adb84086c55af84e3df0e18c068f56c9add3f064cf072ac0b4db"
    },
    {
      "name": "metablooms_literacy_wqi_v1.py",
      "bytes": 882,
      "sha256": "7ce762890462d404fc5f9a95a5459c2495d8952a688e36dd3485c80f35c189e1"
    },
    {
      "name": "metablooms_mastery_gate_v1.py",
      "bytes": 4812,
      "sha256": "13052023d02603e174e6efd8d3766a708ad23406048a5cc670999c4876e970ba"
    },
    {
      "name": "metablooms_memory_violation_checklist_v1.md",
      "bytes": 1265,
      "sha256": "780e9ba8e8c68206c13ca291e612e7ba18ad9928050d5c5dd820fd39cfb3055d"
    },
    {
      "name": "metablooms_memory_violation_gate.py",
      "bytes": 1740,
      "sha256": "c8658d2d0a97cf6f978dead21873454aa060491e88357b0f5488c4ecc02e27b8"
    },
    {
      "name": "metablooms_memory_violation_gate_activation_proof.py",
      "bytes": 1481,
      "sha256": "ac38acf3086327bdab2609456439c04f7ea4b6a69c9fdbdaad9f6bf7d8ade83f"
    },
    {
      "name": "metablooms_mer_producer_v1.py",
      "bytes": 6053,
      "sha256": "45fb065f32ae42ce486a2bdc8f6aaa4516c5c133b2770bbd0419b284c4ad264b"
    },
    {
      "name": "metablooms_mer_producer_v2_demo_data_rule.py",
      "bytes": 4476,
      "sha256": "ed47a0dbd46012682bd3c79d13988ea0d162f07d0fc3141fb5128599bd8597cc"
    },
    {
      "name": "metablooms_mer_runner_stub_v1.py",
      "bytes": 1783,
      "sha256": "7e86fa07f09dc753d53a61692d61536f7f7e453ac52aefb09ebd33b54be386b3"
    },
    {
      "name": "metablooms_mer_transfer_probe_v1.py",
      "bytes": 2493,
      "sha256": "8c99724d742f2c8fac0e7ef9c65ab81bce5bd085ed2eba8c5213f1b89107ae6a"
    },
    {
      "name": "metablooms_query_router_mastery_hook_v1.py",
      "bytes": 3746,
      "sha256": "26203c471353f90b374f61d72deda1c5cb0a24f7b925f29921e298c6fb2e2d05"
    },
    {
      "name": "metablooms_reasoning_engine.py",
      "bytes": 4194,
      "sha256": "16249a2a4da5751ddce2f06cf2c2c6b8116d931daf1a671e76814834e6e8e031"
    },
    {
      "name": "metablooms_reasoning_engine_activation_proof.py",
      "bytes": 1019,
      "sha256": "8898e0e59e364c6ad087237383a5c9b0d44651f0a1644018cb1e43f6f9939d22"
    },
    {
      "name": "metablooms_reasoning_engine_doctrine_v1.md",
      "bytes": 392,
      "sha256": "3205b492e0448c1c8e62cc4ef79b3d1e9fe0c05e88cdce546d0cbd1db58289a2"
    },
    {
      "name": "metablooms_reasoning_wiring_gate.py",
      "bytes": 1280,
      "sha256": "0f4bc72bd186dc5e1b2a591d68b7abd3ed7a583ec1c8a8061bd991699473238a"
    },
    {
      "name": "metablooms_smoke_test.py",
      "bytes": 1295,
      "sha256": "f3927364c5df6435b083eded4f5382b4198fd8863da4e0eff492b81357ce622d"
    },
    {
      "name": "metablooms_system_index.py",
      "bytes": 4457,
      "sha256": "b5966948b4e36fe9e32d9e89c55350ed8e9b2393f06185f829e78a0f6463c305"
    },
    {
      "name": "metablooms_system_index_gate.py",
      "bytes": 3198,
      "sha256": "dca19db99f828e03fea07d5f9fe634e2d27088f4df4ea4d71559ccb81116c1ad"
    },
    {
      "name": "metablooms_system_indexer.py",
      "bytes": 1470,
      "sha256": "b9455ceb1e8f9704bdcdde0e087fecac9dc2fd7c835c5a9153f6b1786a4d3aef"
    },
    {
      "name": "query_router.py",
      "bytes": 5020,
      "sha256": "299784d23b6177d372ce14831648bb437d5ff414c2f8ab0f1463460b6de744d8"
    }
  ],
  "reasoning_engine_self_check": {
    "ok": true,
    "engine_uses_epistemic_loop": true,
    "rigor_level": "forensic",
    "has_alarms": false,
    "has_hard_alarm": false,
    "notes": "OK"
  }
}