{
  "activation_requirements": {
    "requires": [
      "OBSERVABILITY_CORE"
    ],
    "verify": [
      "HEALTH.json parses",
      "STATUS.md generated",
      "HEALTH.json includes last_delta field"
    ]
  },
  "author": "MetaBlooms_Auto",
  "created_utc": "2025-12-30T01:33:32Z",
  "delta_id": "delta_20251230T013332Z",
  "hash_sha256": "94d1c02184a62e85d53f80a17477d843636124be9eda58a261207757db1cf61f",
  "links": {
    "chat_session_id": "unknown",
    "chat_turn_id": "unknown"
  },
  "operations": [
    {
      "op": "add",
      "path": "docs/SOP_Close_Research_Loop_v1.md",
      "why": "Formalize procedure to convert research findings into enforceable system change."
    },
    {
      "op": "add",
      "path": "docs/patterns/PATTERN_Runtime_Governance_Control_Surface_v1.md",
      "why": "Document runtime governance control-surface pattern for internal reuse."
    },
    {
      "op": "modify",
      "path": "metablooms/observability/generators/generate_health.py",
      "why": "Surface deltas_active and last_delta in HEALTH.json for research-loop visibility."
    },
    {
      "op": "modify",
      "path": "metablooms/observability/generators/generate_status.py",
      "why": "Surface last_delta in STATUS.md for immediate human legibility."
    },
    {
      "op": "modify",
      "path": "metablooms/observability/templates/STATUS.md.template",
      "why": "Add Last delta line to status template."
    }
  ],
  "schema": "MetaBlooms::DeltaPack::v1",
  "scope": "governance",
  "tags": [
    "research_loop",
    "runtime_governance",
    "observability"
  ]
}