{
  "MIPS": {
    "artifact_id": "2025-12-20T174432Z_SASCCP_CPFS_COMPLETE_MANIFEST_v1",
    "parent_bundle": "SAS-CCP/CPFS",
    "version": "1.0",
    "timestamp_utc": "2025-12-20T17:44:33.032788Z",
    "content_type": "application/json",
    "councils": [
      "Archivist",
      "Auditor",
      "ReliabilityEngineer"
    ],
    "description": "Complete manifest/index of all SAS-CCP + CPFS files currently present in /mnt/data, including ZIP member inventories and embedded MIPS entries where present.",
    "links": [
      "/mnt/data/2025-12-20T174432Z_SASCCP_CPFS_COMPLETE_MANIFEST_v1_FILES.csv"
    ]
  },
  "body": {
    "scope": {
      "root": "/mnt/data",
      "file_count_total": 19,
      "unique_by_sha256": 9,
      "duplicate_groups": [
        {
          "sha256": "941267d1a567bf4a6ff971f1902b2bd81f7a9c7d62ac51912457eeb6a6031ee3",
          "files": [
            "2025-12-18_CPFS_NEXT_STEPS (1).zip",
            "2025-12-18_CPFS_NEXT_STEPS (2).zip",
            "2025-12-18_CPFS_NEXT_STEPS.zip"
          ]
        },
        {
          "sha256": "0430bb2783262d269264e6ea8e8fd8c788577b6744b3f3c93975fef078044878",
          "files": [
            "2025-12-18_SAS-CCP_AllArtifacts_ENDCAP_v1 (1).zip",
            "2025-12-18_SAS-CCP_AllArtifacts_ENDCAP_v1.zip"
          ]
        },
        {
          "sha256": "63143bb558676592af0fc5cca23521d09557f6b633400fee2169a38dc1576b4f",
          "files": [
            "2025-12-18_SAS-CCP_BUNDLE_MANIFEST_ENDCAP_v1.mips (1).json",
            "2025-12-18_SAS-CCP_BUNDLE_MANIFEST_ENDCAP_v1.mips.json"
          ]
        },
        {
          "sha256": "f6a97c2e72a475645009c8192f4f1aca60aa884bf4640e39fe07be28c5eb0649",
          "files": [
            "2025-12-18_SAS-CCP_DELTA_CHAT_DELTA_SHORTCUT_V1.mips (1).json",
            "2025-12-18_SAS-CCP_DELTA_CHAT_DELTA_SHORTCUT_V1.mips.json"
          ]
        },
        {
          "sha256": "d621182933df335268f7b499cc04727a316146388334f44403e3ffeadc3d81be",
          "files": [
            "2025-12-18_SAS-CCP_DELTA_TURNIODIC_CONTROL_AND_INGEST_V1.mips (1).json",
            "2025-12-18_SAS-CCP_DELTA_TURNIODIC_CONTROL_AND_INGEST_V1.mips.json"
          ]
        },
        {
          "sha256": "662ee88e47bf56fce6fcf9aff82eadbd379db79f396fb81ef1b7d359df9bd2e2",
          "files": [
            "2025-12-18_SAS-CCP_Drift_Watchdog_FAIL_CLOSED_v1.mips (1).json",
            "2025-12-18_SAS-CCP_Drift_Watchdog_FAIL_CLOSED_v1.mips.json"
          ]
        },
        {
          "sha256": "4bf87810e6c9aaf7708f52c3c19627657311a4fa83f226db29e93f58efc93c7c",
          "files": [
            "CPFS_FULL_SNAPSHOT (1).zip",
            "CPFS_FULL_SNAPSHOT.zip"
          ]
        },
        {
          "sha256": "da09f699141bdd1ac97bb952eda4b48295dae670004dc374f1e9209532ba9763",
          "files": [
            "SAS-CCP_CANONICAL_v1_1.mips (1) (1).json",
            "SAS-CCP_CANONICAL_v1_1.mips (1).json"
          ]
        },
        {
          "sha256": "fbb54ca21a6e1bb3b4547b2b4fa2030376d1d2e8cf07cc90a364d3bc90166fec",
          "files": [
            "SAS-CCP_MANIFEST_CANONICAL_v1_1.mips (1).json",
            "SAS-CCP_MANIFEST_CANONICAL_v1_1.mips.json"
          ]
        }
      ]
    },
    "files": [
      {
        "filename": "2025-12-18_CPFS_NEXT_STEPS (1).zip",
        "path": "/mnt/data/2025-12-18_CPFS_NEXT_STEPS (1).zip",
        "bytes": 679,
        "modified_utc": "2025-12-20T17:43:00.775518Z",
        "content_type": "application/zip",
        "sha256": "941267d1a567bf4a6ff971f1902b2bd81f7a9c7d62ac51912457eeb6a6031ee3",
        "zip": {
          "file_count": 1,
          "members": [
            {
              "path": "2025-12-18_CPFS_NEXT_STEPS_README.txt",
              "bytes": 974,
              "compressed_bytes": 507,
              "crc32": "3dd125bc",
              "modified": "2025-12-18T22:37:56Z"
            }
          ]
        }
      },
      {
        "filename": "2025-12-18_CPFS_NEXT_STEPS (2).zip",
        "path": "/mnt/data/2025-12-18_CPFS_NEXT_STEPS (2).zip",
        "bytes": 679,
        "modified_utc": "2025-12-20T17:43:00.793156Z",
        "content_type": "application/zip",
        "sha256": "941267d1a567bf4a6ff971f1902b2bd81f7a9c7d62ac51912457eeb6a6031ee3",
        "zip": {
          "file_count": 1,
          "members": [
            {
              "path": "2025-12-18_CPFS_NEXT_STEPS_README.txt",
              "bytes": 974,
              "compressed_bytes": 507,
              "crc32": "3dd125bc",
              "modified": "2025-12-18T22:37:56Z"
            }
          ]
        }
      },
      {
        "filename": "2025-12-18_CPFS_NEXT_STEPS.zip",
        "path": "/mnt/data/2025-12-18_CPFS_NEXT_STEPS.zip",
        "bytes": 679,
        "modified_utc": "2025-12-20T17:43:00.523467Z",
        "content_type": "application/zip",
        "sha256": "941267d1a567bf4a6ff971f1902b2bd81f7a9c7d62ac51912457eeb6a6031ee3",
        "zip": {
          "file_count": 1,
          "members": [
            {
              "path": "2025-12-18_CPFS_NEXT_STEPS_README.txt",
              "bytes": 974,
              "compressed_bytes": 507,
              "crc32": "3dd125bc",
              "modified": "2025-12-18T22:37:56Z"
            }
          ]
        }
      },
      {
        "filename": "2025-12-18_SAS-CCP_AllArtifacts_ENDCAP_v1 (1).zip",
        "path": "/mnt/data/2025-12-18_SAS-CCP_AllArtifacts_ENDCAP_v1 (1).zip",
        "bytes": 5681980,
        "modified_utc": "2025-12-20T17:43:01.026314Z",
        "content_type": "application/zip",
        "sha256": "0430bb2783262d269264e6ea8e8fd8c788577b6744b3f3c93975fef078044878",
        "zip": {
          "file_count": 28,
          "members": [
            {
              "path": "2025-12-18_SAS-CCP_BUNDLE_MANIFEST_ENDCAP_v1.mips.json",
              "bytes": 6017,
              "compressed_bytes": 2112,
              "crc32": "02f2cf92",
              "modified": "2025-12-19T00:48:56Z"
            },
            {
              "path": "2025-12-18_NextSteps_TriageAndMiningPlan_v1.mips.json",
              "bytes": 15540,
              "compressed_bytes": 2708,
              "crc32": "e1b24d3d",
              "modified": "2025-12-19T00:45:02Z"
            },
            {
              "path": "2025-12-18_ORDER_AllButSequence_v1.mips.json",
              "bytes": 3175,
              "compressed_bytes": 1367,
              "crc32": "a9a33d16",
              "modified": "2025-12-19T00:45:02Z"
            },
            {
              "path": "2025-12-18_ProjectFiles_Audit_v1.mips.json",
              "bytes": 13281,
              "compressed_bytes": 3113,
              "crc32": "6ca39e67",
              "modified": "2025-12-19T00:45:08Z"
            },
            {
              "path": "2025-12-18_RepoInventory_Bundle_CurrentBatch_v1.mips.json",
              "bytes": 13040,
              "compressed_bytes": 2269,
              "crc32": "874a083d",
              "modified": "2025-12-19T00:45:02Z"
            },
            {
              "path": "2025-12-18_RepoInventory_Bundle_NextBatch_v1.mips.json",
              "bytes": 2524,
              "compressed_bytes": 1029,
              "crc32": "b74477ee",
              "modified": "2025-12-19T00:45:02Z"
            },
            {
              "path": "2025-12-18_RepoInventory_EleutherAI__lm-evaluation-harness_v1.mips.json",
              "bytes": 4351092,
              "compressed_bytes": 854537,
              "crc32": "7cb7d8d3",
              "modified": "2025-12-19T00:45:04Z"
            },
            {
              "path": "2025-12-18_RepoInventory_Mooler0410__LLMsPracticalGuide_v1.mips.json",
              "bytes": 4987,
              "compressed_bytes": 1619,
              "crc32": "5a3f384a",
              "modified": "2025-12-19T00:45:02Z"
            },
            {
              "path": "2025-12-18_RepoInventory_argoproj__argo-workflows_v1.mips.json",
              "bytes": 699362,
              "compressed_bytes": 151758,
              "crc32": "9646d874",
              "modified": "2025-12-19T00:45:02Z"
            },
            {
              "path": "2025-12-18_RepoInventory_grafana__grafana_v1.mips.json",
              "bytes": 5873497,
              "compressed_bytes": 1142195,
              "crc32": "51bbcb40",
              "modified": "2025-12-19T00:45:02Z"
            },
            {
              "path": "2025-12-18_RepoInventory_hashicorp__terraform_v1.mips.json",
              "bytes": 1602852,
              "compressed_bytes": 254024,
              "crc32": "551291e3",
              "modified": "2025-12-19T00:45:02Z"
            },
            {
              "path": "2025-12-18_RepoInventory_open-telemetry__opentelemetry-collector_v1.mips.json",
              "bytes": 631265,
              "compressed_bytes": 121872,
              "crc32": "31bee75e",
              "modified": "2025-12-19T00:45:02Z"
            },
            {
              "path": "2025-12-18_RepoInventory_openai__evals_v1.mips.json",
              "bytes": 461218,
              "compressed_bytes": 111162,
              "crc32": "0ee158f0",
              "modified": "2025-12-19T00:45:02Z"
            },
            {
              "path": "2025-12-18_RepoInventory_temporalio__temporal_v1.mips.json",
              "bytes": 811145,
              "compressed_bytes": 169258,
              "crc32": "2d52a2d0",
              "modified": "2025-12-19T00:45:02Z"
            },
            {
              "path": "2025-12-18_SAS-CCP_BUNDLE_MANIFEST_v1.mips.json",
              "bytes": 5208,
              "compressed_bytes": 1864,
              "crc32": "2f84e633",
              "modified": "2025-12-19T00:45:18Z"
            },
            {
              "path": "2025-12-18_SAS-CCP_DELTA_CHAT_DELTA_SHORTCUT_V1.mips.json",
              "bytes": 2180,
              "compressed_bytes": 1010,
              "crc32": "9de66693",
              "modified": "2025-12-19T00:48:50Z"
            },
            {
              "path": "2025-12-18_SAS-CCP_DELTA_CHECKPOINT_AND_RESUME_v2_PROMOTED.mips.json",
              "bytes": 2665,
              "compressed_bytes": 1184,
              "crc32": "d3f54e83",
              "modified": "2025-12-19T00:45:02Z"
            },
            {
              "path": "2025-12-18_SAS-CCP_DELTA_TELEMETRY_CARDINALITY_BUDGETS_v1_PROMOTED.mips.json",
              "bytes": 3048,
              "compressed_bytes": 1355,
              "crc32": "defe1b27",
              "modified": "2025-12-19T00:48:56Z"
            },
            {
              "path": "2025-12-18_SAS-CCP_DELTA_TURNIODIC_CONTROLLER_CORE_v1.mips.json",
              "bytes": 5043,
              "compressed_bytes": 2021,
              "crc32": "5a4d112d",
              "modified": "2025-12-19T00:45:02Z"
            },
            {
              "path": "2025-12-18_SAS-CCP_DELTA_TURNIODIC_CONTROL_AND_INGEST_V1.mips.json",
              "bytes": 2050,
              "compressed_bytes": 1014,
              "crc32": "b63cce1d",
              "modified": "2025-12-19T00:48:48Z"
            },
            {
              "path": "2025-12-18_SAS-CCP_DELTA_VETO_TURNS_v2_PROMOTED.mips.json",
              "bytes": 2111,
              "compressed_bytes": 1003,
              "crc32": "e69ee926",
              "modified": "2025-12-19T00:45:18Z"
            },
            {
              "path": "2025-12-18_SAS-CCP_PROMOTION_RECEIPT_P3_v1.mips.json",
              "bytes": 543,
              "compressed_bytes": 326,
              "crc32": "84246baf",
              "modified": "2025-12-19T00:45:02Z"
            },
            {
              "path": "2025-12-18_SAS-CCP_PROMOTION_RECEIPT_P4_v1.mips.json",
              "bytes": 532,
              "compressed_bytes": 317,
              "crc32": "9b0123bc",
              "modified": "2025-12-19T00:45:18Z"
            },
            {
              "path": "2025-12-18_SAS-CCP_PROMOTION_RECEIPT_P5_v1.mips.json",
              "bytes": 551,
              "compressed_bytes": 334,
              "crc32": "5ede661d",
              "modified": "2025-12-19T00:48:56Z"
            },
            {
              "path": "2025-12-18_SAS-CCP_RepoRegistry_Snapshot_v1.mips.json",
              "bytes": 15548,
              "compressed_bytes": 3934,
              "crc32": "b3f8af1d",
              "modified": "2025-12-19T00:45:04Z"
            },
            {
              "path": "2025-12-18_repo_ingest_derivatives_v1.mips.json",
              "bytes": 5162,
              "compressed_bytes": 2309,
              "crc32": "f7033fd7",
              "modified": "2025-12-19T00:45:04Z"
            },
            {
              "path": "2025-12-18_repo_inventory_k8s_prometheus_phase0_v1.mips.json",
              "bytes": 17173,
              "compressed_bytes": 3769,
              "crc32": "f50b1f0e",
              "modified": "2025-12-19T00:45:04Z"
            },
            {
              "path": "2025-12-18_SAS-CCP_AllArtifacts_Bundle_v1.zip",
              "bytes": 2840250,
              "compressed_bytes": 2837171,
              "crc32": "11773d19",
              "modified": "2025-12-19T00:45:18Z"
            }
          ],
          "mips_entries": [
            {
              "path": "2025-12-18_SAS-CCP_BUNDLE_MANIFEST_ENDCAP_v1.mips.json",
              "artifact_id": "2025-12-18_SAS-CCP_BUNDLE_MANIFEST_ENDCAP_v1",
              "parent_bundle": "SAS-CCP",
              "version": "1.0",
              "timestamp_utc": "2025-12-19T00:48:56Z",
              "content_type": "application/json",
              "sha256": "69e7069027a9889ef0d426c74aa60af8b640b7160e9580efc9cc906f4d09ec82",
              "councils": [
                "Archivist",
                "Auditor"
              ],
              "description": "",
              "body_top_keys": [
                "bundle_name",
                "created_utc",
                "file_count",
                "files"
              ]
            },
            {
              "path": "2025-12-18_NextSteps_TriageAndMiningPlan_v1.mips.json",
              "artifact_id": "2025-12-18_NextSteps_TriageAndMiningPlan_v1",
              "parent_bundle": "SAS-CCP",
              "version": "1.0",
              "timestamp_utc": "2025-12-19T00:28:24Z",
              "content_type": "application/json",
              "sha256": "8bfc561c0594e00bd3688c5a061b6ca498e89de1f731a16be4730d461adcbf2f",
              "councils": [
                "Auditor",
                "Operator",
                "Architect"
              ],
              "description": "",
              "body_top_keys": [
                "acceptance_tests_to_generate_next",
                "triage_table",
                "what_next_now"
              ]
            },
            {
              "path": "2025-12-18_ORDER_AllButSequence_v1.mips.json",
              "artifact_id": "2025-12-18_ORDER_AllButSequence_v1",
              "parent_bundle": "SAS-CCP",
              "version": "1.0",
              "timestamp_utc": "2025-12-19T00:31:16Z",
              "content_type": "application/json",
              "sha256": "7dd8ec7e1592afbeddfdedbcaf02320bd8e345b42304e13a0855b2b62ed62cae",
              "councils": [
                "Auditor",
                "Operator",
                "Architect"
              ],
              "description": "",
              "body_top_keys": [
                "ordered_work",
                "principle",
                "stop_conditions",
                "why_this_order_is_correct"
              ]
            },
            {
              "path": "2025-12-18_ProjectFiles_Audit_v1.mips.json",
              "artifact_id": "2025-12-18_ProjectFiles_Audit_v1",
              "parent_bundle": "SAS-CCP",
              "version": "1.0",
              "timestamp_utc": "2025-12-18T22:54:59Z",
              "content_type": "application/json",
              "sha256": null,
              "councils": [
                "Auditor",
                "Recorder"
              ],
              "description": "",
              "body_top_keys": [
                "bulk_manifest_excerpt",
                "checks",
                "files",
                "notes",
                "scope",
                "summary"
              ]
            },
            {
              "path": "2025-12-18_RepoInventory_Bundle_CurrentBatch_v1.mips.json",
              "artifact_id": "2025-12-18_RepoInventory_Bundle_CurrentBatch_v1",
              "parent_bundle": "SAS-CCP",
              "version": "1.0",
              "timestamp_utc": "2025-12-19T00:20:17Z",
              "content_type": "application/json",
              "sha256": "8628bb7c51cdb297c9d7d201f015e88abf7049d864d6d66221b4f10af397837d",
              "councils": [
                "Auditor",
                "Archivist",
                "Operator"
              ],
              "description": "",
              "body_top_keys": [
                "dedupe_registry_note",
                "purpose",
                "repo_inventory_files",
                "repos",
                "what_to_do_next_now"
              ]
            },
            {
              "path": "2025-12-18_RepoInventory_Bundle_NextBatch_v1.mips.json",
              "artifact_id": "2025-12-18_RepoInventory_Bundle_NextBatch_v1",
              "parent_bundle": "SAS-CCP",
              "version": "1.0",
              "timestamp_utc": "2025-12-19T00:27:13Z",
              "content_type": "application/json",
              "sha256": "0529bac4bcad159b02eea566c6c4aadeb6d444b56015d77b56ea58af7e52cba3",
              "councils": [
                "Auditor",
                "Operator"
              ],
              "description": "",
              "body_top_keys": [
                "next_actions",
                "purpose",
                "repos"
              ]
            },
            {
              "path": "2025-12-18_RepoInventory_EleutherAI__lm-evaluation-harness_v1.mips.json",
              "artifact_id": "2025-12-18_RepoInventory_EleutherAI__lm-evaluation-harness_v1",
              "parent_bundle": "SAS-CCP",
              "version": "1.0",
              "timestamp_utc": "2025-12-19T00:20:17Z",
              "content_type": "application/json",
              "sha256": "d55c17b28e868a98db328a9f8b7d00683906f3b159b25ded671861886820a223",
              "councils": [
                "Auditor"
              ],
              "description": "",
              "body_top_keys": [
                "file_total",
                "inventory",
                "repo_artifact",
                "zip_sha256"
              ]
            },
            {
              "path": "2025-12-18_RepoInventory_Mooler0410__LLMsPracticalGuide_v1.mips.json",
              "artifact_id": "2025-12-18_RepoInventory_Mooler0410__LLMsPracticalGuide_v1",
              "parent_bundle": "SAS-CCP",
              "version": "1.0",
              "timestamp_utc": "2025-12-19T00:20:17Z",
              "content_type": "application/json",
              "sha256": "8ae700f4afefaa72c1225cbbf6d26458a7d406cb61a4fe12225372918e8c6cc0",
              "councils": [
                "Auditor"
              ],
              "description": "",
              "body_top_keys": [
                "file_total",
                "inventory",
                "repo_artifact",
                "zip_sha256"
              ]
            },
            {
              "path": "2025-12-18_RepoInventory_argoproj__argo-workflows_v1.mips.json",
              "artifact_id": "2025-12-18_RepoInventory_argoproj__argo-workflows_v1",
              "parent_bundle": "SAS-CCP",
              "version": "1.0",
              "timestamp_utc": "2025-12-19T00:27:08Z",
              "content_type": "application/json",
              "sha256": "b6dbd67c611f7d4f8c38d192e71a31974d99e61f5990923e85785bb28322e67c",
              "councils": [
                "Auditor",
                "Archivist"
              ],
              "description": "",
              "body_top_keys": [
                "elapsed_seconds",
                "file_hashed",
                "file_total_entries",
                "file_total_files",
                "inventory",
                "notes",
                "repo_artifact",
                "status",
                "zip_sha256"
              ]
            },
            {
              "path": "2025-12-18_RepoInventory_grafana__grafana_v1.mips.json",
              "artifact_id": "2025-12-18_RepoInventory_grafana__grafana_v1",
              "parent_bundle": "SAS-CCP",
              "version": "1.0",
              "timestamp_utc": "2025-12-19T00:27:12Z",
              "content_type": "application/json",
              "sha256": "e27a180071cb9379d94b6011cb752e5b72a864e1f0b404dd23dba8010ad1504e",
              "councils": [
                "Auditor",
                "Archivist"
              ],
              "description": "",
              "body_top_keys": [
                "elapsed_seconds",
                "file_hashed",
                "file_total_entries",
                "file_total_files",
                "inventory",
                "notes",
                "repo_artifact",
                "status",
                "zip_sha256"
              ]
            },
            {
              "path": "2025-12-18_RepoInventory_hashicorp__terraform_v1.mips.json",
              "artifact_id": "2025-12-18_RepoInventory_hashicorp__terraform_v1",
              "parent_bundle": "SAS-CCP",
              "version": "1.0",
              "timestamp_utc": "2025-12-19T00:27:13Z",
              "content_type": "application/json",
              "sha256": "d7b5f539a2df7e86c1e7b1b284799e49e0df417bced0ee987bb75980455ab7bd",
              "councils": [
                "Auditor",
                "Archivist"
              ],
              "description": "",
              "body_top_keys": [
                "elapsed_seconds",
                "file_hashed",
                "file_total_entries",
                "file_total_files",
                "inventory",
                "notes",
                "repo_artifact",
                "status",
                "zip_sha256"
              ]
            },
            {
              "path": "2025-12-18_RepoInventory_open-telemetry__opentelemetry-collector_v1.mips.json",
              "artifact_id": "2025-12-18_RepoInventory_open-telemetry__opentelemetry-collector_v1",
              "parent_bundle": "SAS-CCP",
              "version": "1.0",
              "timestamp_utc": "2025-12-19T00:27:09Z",
              "content_type": "application/json",
              "sha256": "8910e68eca8075b1c3a31bb09e12ac3c2c1ca24b7fa8b261cd9eafbbdefbef86",
              "councils": [
                "Auditor",
                "Archivist"
              ],
              "description": "",
              "body_top_keys": [
                "elapsed_seconds",
                "file_hashed",
                "file_total_entries",
                "file_total_files",
                "inventory",
                "notes",
                "repo_artifact",
                "status",
                "zip_sha256"
              ]
            },
            {
              "path": "2025-12-18_RepoInventory_openai__evals_v1.mips.json",
              "artifact_id": "2025-12-18_RepoInventory_openai__evals_v1",
              "parent_bundle": "SAS-CCP",
              "version": "1.0",
              "timestamp_utc": "2025-12-19T00:20:17Z",
              "content_type": "application/json",
              "sha256": "836b3c8b683ae3279067902b83b15d8ecac09ad7fb332c926d31eae156be6dba",
              "councils": [
                "Auditor"
              ],
              "description": "",
              "body_top_keys": [
                "file_total",
                "inventory",
                "repo_artifact",
                "zip_sha256"
              ]
            },
            {
              "path": "2025-12-18_RepoInventory_temporalio__temporal_v1.mips.json",
              "artifact_id": "2025-12-18_RepoInventory_temporalio__temporal_v1",
              "parent_bundle": "SAS-CCP",
              "version": "1.0",
              "timestamp_utc": "2025-12-19T00:27:09Z",
              "content_type": "application/json",
              "sha256": "4d07eb7b5f8a2545c5832a90980008d5a7c362aa350770971ac585da5b4c1c1b",
              "councils": [
                "Auditor",
                "Archivist"
              ],
              "description": "",
              "body_top_keys": [
                "elapsed_seconds",
                "file_hashed",
                "file_total_entries",
                "file_total_files",
                "inventory",
                "notes",
                "repo_artifact",
                "status",
                "zip_sha256"
              ]
            },
            {
              "path": "2025-12-18_SAS-CCP_BUNDLE_MANIFEST_v1.mips.json",
              "artifact_id": "2025-12-18_SAS-CCP_BUNDLE_MANIFEST_v1",
              "parent_bundle": "SAS-CCP",
              "version": "1.0",
              "timestamp_utc": "2025-12-19T00:45:19Z",
              "content_type": "application/json",
              "sha256": "4c94a7341423e1c71eec11ea1bea915f9b3e17923463c0427f2c8933407539a7",
              "councils": [
                "Archivist",
                "Auditor"
              ],
              "description": "",
              "body_top_keys": [
                "bundle_name",
                "created_utc",
                "file_count",
                "files"
              ]
            },
            {
              "path": "2025-12-18_SAS-CCP_DELTA_CHAT_DELTA_SHORTCUT_V1.mips.json",
              "artifact_id": "2025-12-18_SAS-CCP_DELTA_CHAT_DELTA_SHORTCUT_V1",
              "parent_bundle": "SAS-CCP",
              "version": "1.0",
              "timestamp_utc": "2025-12-18T23:24:13.848169Z",
              "content_type": "application/json",
              "sha256": null,
              "councils": [],
              "description": "",
              "body_top_keys": [
                "canonical_prompt_body",
                "delta_type",
                "intent",
                "new_operator_command",
                "rollback",
                "title"
              ]
            },
            {
              "path": "2025-12-18_SAS-CCP_DELTA_CHECKPOINT_AND_RESUME_v2_PROMOTED.mips.json",
              "artifact_id": "2025-12-18_SAS-CCP_DELTA_CHECKPOINT_AND_RESUME_v2_PROMOTED",
              "parent_bundle": "SAS-CCP",
              "version": "1.0",
              "timestamp_utc": "2025-12-19T00:42:13Z",
              "content_type": "application/json",
              "sha256": "900a3b6bee254672fb7fbbb6b108ef32e2083c7dc87e64ff63d585ddf3fe95f4",
              "councils": [
                "Operator",
                "Auditor",
                "Archivist"
              ],
              "description": "",
              "body_top_keys": [
                "acceptance_tests",
                "artifacts",
                "checkpoint_key",
                "delta_name",
                "hard_gates",
                "promoted_under",
                "promotion_receipt",
                "purpose",
                "rollback",
                "status"
              ]
            },
            {
              "path": "2025-12-18_SAS-CCP_DELTA_TELEMETRY_CARDINALITY_BUDGETS_v1_PROMOTED.mips.json",
              "artifact_id": "2025-12-18_SAS-CCP_DELTA_TELEMETRY_CARDINALITY_BUDGETS_v1_PROMOTED",
              "parent_bundle": "SAS-CCP",
              "version": "1.0",
              "timestamp_utc": "2025-12-19T00:48:56Z",
              "content_type": "application/json",
              "sha256": "4092fa90b391e62f3342b69c322585952828d7ee5a04ad8dc5ec1b53add38e6c",
              "councils": [
                "Operator",
                "Auditor",
                "Archivist"
              ],
              "description": "",
              "body_top_keys": [
                "acceptance_tests",
                "budgets_default",
                "delta_name",
                "enforcement",
                "hard_gates",
                "promoted_under",
                "promotion_receipt",
                "purpose",
                "rollback",
                "status"
              ]
            },
            {
              "path": "2025-12-18_SAS-CCP_DELTA_TURNIODIC_CONTROLLER_CORE_v1.mips.json",
              "artifact_id": "2025-12-18_SAS-CCP_DELTA_TURNIODIC_CONTROLLER_CORE_v1",
              "parent_bundle": "SAS-CCP",
              "version": "1.0",
              "timestamp_utc": "2025-12-19T00:33:21Z",
              "content_type": "application/json",
              "sha256": "3d5bd99fd81a313d29ce1c607b1acac2604e1d868dbc1a5946403366cfd56853",
              "councils": [
                "Operator",
                "Auditor",
                "Architect"
              ],
              "description": "",
              "body_top_keys": [
                "acceptance_tests",
                "core_algorithm_pseudocode",
                "delta_name",
                "enforcement_mode",
                "hard_gates",
                "inputs",
                "notes",
                "outputs",
                "purpose",
                "rollback",
                "status",
                "turn_pipeline_stages"
              ]
            },
            {
              "path": "2025-12-18_SAS-CCP_DELTA_TURNIODIC_CONTROL_AND_INGEST_V1.mips.json",
              "artifact_id": "2025-12-18_SAS-CCP_DELTA_TURNIODIC_CONTROL_AND_INGEST_V1",
              "parent_bundle": "SAS-CCP",
              "version": "1.0",
              "timestamp_utc": "2025-12-18T23:15:44.472013Z",
              "content_type": "application/json",
              "sha256": null,
              "councils": [],
              "description": "",
              "body_top_keys": [
                "control_plane_upgrades",
                "known_heuristics_to_ignore",
                "new_primitives",
                "rollback",
                "summary"
              ]
            },
            {
              "path": "2025-12-18_SAS-CCP_DELTA_VETO_TURNS_v2_PROMOTED.mips.json",
              "artifact_id": "2025-12-18_SAS-CCP_DELTA_VETO_TURNS_v2_PROMOTED",
              "parent_bundle": "SAS-CCP",
              "version": "1.0",
              "timestamp_utc": "2025-12-19T00:45:18Z",
              "content_type": "application/json",
              "sha256": "97dd52bb168264efc7a64384dbcc43f6c787342aff0373f0a028f403cb75d1b3",
              "councils": [
                "Operator",
                "Auditor",
                "Archivist"
              ],
              "description": "",
              "body_top_keys": [
                "acceptance_tests",
                "artifact",
                "delta_name",
                "hard_gates",
                "promoted_under",
                "promotion_receipt",
                "purpose",
                "rollback",
                "status"
              ]
            },
            {
              "path": "2025-12-18_SAS-CCP_PROMOTION_RECEIPT_P3_v1.mips.json",
              "artifact_id": "2025-12-18_SAS-CCP_PROMOTION_RECEIPT_P3_v1",
              "parent_bundle": "SAS-CCP",
              "version": "1.0",
              "timestamp_utc": "2025-12-19T00:42:13Z",
              "content_type": "application/json",
              "sha256": "dfdbaadccbcd56356a5e5a68399147a44f397c946200fcdcd363c5bc19dec561",
              "councils": [
                "Operator",
                "Auditor"
              ],
              "description": "",
              "body_top_keys": [
                "delta_name",
                "promotion_id",
                "status",
                "timestamp_utc"
              ]
            },
            {
              "path": "2025-12-18_SAS-CCP_PROMOTION_RECEIPT_P4_v1.mips.json",
              "artifact_id": "2025-12-18_SAS-CCP_PROMOTION_RECEIPT_P4_v1",
              "parent_bundle": "SAS-CCP",
              "version": "1.0",
              "timestamp_utc": "2025-12-19T00:45:18Z",
              "content_type": "application/json",
              "sha256": "a54b92f7721fe3434eeb3e904352d695d82d39a902addf3cf278cf8325eaae9c",
              "councils": [
                "Operator",
                "Auditor"
              ],
              "description": "",
              "body_top_keys": [
                "delta_name",
                "promotion_id",
                "status",
                "timestamp_utc"
              ]
            },
            {
              "path": "2025-12-18_SAS-CCP_PROMOTION_RECEIPT_P5_v1.mips.json",
              "artifact_id": "2025-12-18_SAS-CCP_PROMOTION_RECEIPT_P5_v1",
              "parent_bundle": "SAS-CCP",
              "version": "1.0",
              "timestamp_utc": "2025-12-19T00:48:56Z",
              "content_type": "application/json",
              "sha256": "6f95f95bd2f524ff12dabf89dc432f6b30a1607264260c8f2d2ab53f3b38d2af",
              "councils": [
                "Operator",
                "Auditor"
              ],
              "description": "",
              "body_top_keys": [
                "delta_name",
                "promotion_id",
                "status",
                "timestamp_utc"
              ]
            },
            {
              "path": "2025-12-18_SAS-CCP_RepoRegistry_Snapshot_v1.mips.json",
              "artifact_id": "2025-12-18_SAS-CCP_RepoRegistry_Snapshot_v1",
              "parent_bundle": "SAS-CCP",
              "version": "1.0",
              "timestamp_utc": "2025-12-19T00:17:55Z",
              "content_type": "application/json",
              "sha256": null,
              "councils": [
                "Auditor",
                "Archivist",
                "Operator"
              ],
              "description": "",
              "body_top_keys": [
                "counts",
                "dedupe_rule",
                "duplicates",
                "entries",
                "purpose",
                "what_to_do_now"
              ]
            },
            {
              "path": "2025-12-18_repo_inventory_k8s_prometheus_phase0_v1.mips.json",
              "artifact_id": "2025-12-18_repo_inventory_k8s_prometheus_phase0_v1",
              "parent_bundle": "SAS-CCP",
              "version": "1.0",
              "timestamp_utc": "2025-12-19T00:16:18Z",
              "content_type": "application/json",
              "sha256": "bca1d737f09fd846a85242fe68d1a4437c8da77e7f78ba00c082fe121e78d92a",
              "councils": [
                "Auditor",
                "Archivist",
                "Rationalist"
              ],
              "description": "",
              "body_top_keys": [
                "answer",
                "ingestion_status",
                "inventories",
                "next_batch_recommendation_after_these",
                "what_comes_from_them_next"
              ]
            }
          ]
        }
      },
      {
        "filename": "2025-12-18_SAS-CCP_AllArtifacts_ENDCAP_v1.zip",
        "path": "/mnt/data/2025-12-18_SAS-CCP_AllArtifacts_ENDCAP_v1.zip",
        "bytes": 5681980,
        "modified_utc": "2025-12-20T17:43:01.825235Z",
        "content_type": "application/zip",
        "sha256": "0430bb2783262d269264e6ea8e8fd8c788577b6744b3f3c93975fef078044878",
        "zip": {
          "file_count": 28,
          "members": [
            {
              "path": "2025-12-18_SAS-CCP_BUNDLE_MANIFEST_ENDCAP_v1.mips.json",
              "bytes": 6017,
              "compressed_bytes": 2112,
              "crc32": "02f2cf92",
              "modified": "2025-12-19T00:48:56Z"
            },
            {
              "path": "2025-12-18_NextSteps_TriageAndMiningPlan_v1.mips.json",
              "bytes": 15540,
              "compressed_bytes": 2708,
              "crc32": "e1b24d3d",
              "modified": "2025-12-19T00:45:02Z"
            },
            {
              "path": "2025-12-18_ORDER_AllButSequence_v1.mips.json",
              "bytes": 3175,
              "compressed_bytes": 1367,
              "crc32": "a9a33d16",
              "modified": "2025-12-19T00:45:02Z"
            },
            {
              "path": "2025-12-18_ProjectFiles_Audit_v1.mips.json",
              "bytes": 13281,
              "compressed_bytes": 3113,
              "crc32": "6ca39e67",
              "modified": "2025-12-19T00:45:08Z"
            },
            {
              "path": "2025-12-18_RepoInventory_Bundle_CurrentBatch_v1.mips.json",
              "bytes": 13040,
              "compressed_bytes": 2269,
              "crc32": "874a083d",
              "modified": "2025-12-19T00:45:02Z"
            },
            {
              "path": "2025-12-18_RepoInventory_Bundle_NextBatch_v1.mips.json",
              "bytes": 2524,
              "compressed_bytes": 1029,
              "crc32": "b74477ee",
              "modified": "2025-12-19T00:45:02Z"
            },
            {
              "path": "2025-12-18_RepoInventory_EleutherAI__lm-evaluation-harness_v1.mips.json",
              "bytes": 4351092,
              "compressed_bytes": 854537,
              "crc32": "7cb7d8d3",
              "modified": "2025-12-19T00:45:04Z"
            },
            {
              "path": "2025-12-18_RepoInventory_Mooler0410__LLMsPracticalGuide_v1.mips.json",
              "bytes": 4987,
              "compressed_bytes": 1619,
              "crc32": "5a3f384a",
              "modified": "2025-12-19T00:45:02Z"
            },
            {
              "path": "2025-12-18_RepoInventory_argoproj__argo-workflows_v1.mips.json",
              "bytes": 699362,
              "compressed_bytes": 151758,
              "crc32": "9646d874",
              "modified": "2025-12-19T00:45:02Z"
            },
            {
              "path": "2025-12-18_RepoInventory_grafana__grafana_v1.mips.json",
              "bytes": 5873497,
              "compressed_bytes": 1142195,
              "crc32": "51bbcb40",
              "modified": "2025-12-19T00:45:02Z"
            },
            {
              "path": "2025-12-18_RepoInventory_hashicorp__terraform_v1.mips.json",
              "bytes": 1602852,
              "compressed_bytes": 254024,
              "crc32": "551291e3",
              "modified": "2025-12-19T00:45:02Z"
            },
            {
              "path": "2025-12-18_RepoInventory_open-telemetry__opentelemetry-collector_v1.mips.json",
              "bytes": 631265,
              "compressed_bytes": 121872,
              "crc32": "31bee75e",
              "modified": "2025-12-19T00:45:02Z"
            },
            {
              "path": "2025-12-18_RepoInventory_openai__evals_v1.mips.json",
              "bytes": 461218,
              "compressed_bytes": 111162,
              "crc32": "0ee158f0",
              "modified": "2025-12-19T00:45:02Z"
            },
            {
              "path": "2025-12-18_RepoInventory_temporalio__temporal_v1.mips.json",
              "bytes": 811145,
              "compressed_bytes": 169258,
              "crc32": "2d52a2d0",
              "modified": "2025-12-19T00:45:02Z"
            },
            {
              "path": "2025-12-18_SAS-CCP_BUNDLE_MANIFEST_v1.mips.json",
              "bytes": 5208,
              "compressed_bytes": 1864,
              "crc32": "2f84e633",
              "modified": "2025-12-19T00:45:18Z"
            },
            {
              "path": "2025-12-18_SAS-CCP_DELTA_CHAT_DELTA_SHORTCUT_V1.mips.json",
              "bytes": 2180,
              "compressed_bytes": 1010,
              "crc32": "9de66693",
              "modified": "2025-12-19T00:48:50Z"
            },
            {
              "path": "2025-12-18_SAS-CCP_DELTA_CHECKPOINT_AND_RESUME_v2_PROMOTED.mips.json",
              "bytes": 2665,
              "compressed_bytes": 1184,
              "crc32": "d3f54e83",
              "modified": "2025-12-19T00:45:02Z"
            },
            {
              "path": "2025-12-18_SAS-CCP_DELTA_TELEMETRY_CARDINALITY_BUDGETS_v1_PROMOTED.mips.json",
              "bytes": 3048,
              "compressed_bytes": 1355,
              "crc32": "defe1b27",
              "modified": "2025-12-19T00:48:56Z"
            },
            {
              "path": "2025-12-18_SAS-CCP_DELTA_TURNIODIC_CONTROLLER_CORE_v1.mips.json",
              "bytes": 5043,
              "compressed_bytes": 2021,
              "crc32": "5a4d112d",
              "modified": "2025-12-19T00:45:02Z"
            },
            {
              "path": "2025-12-18_SAS-CCP_DELTA_TURNIODIC_CONTROL_AND_INGEST_V1.mips.json",
              "bytes": 2050,
              "compressed_bytes": 1014,
              "crc32": "b63cce1d",
              "modified": "2025-12-19T00:48:48Z"
            },
            {
              "path": "2025-12-18_SAS-CCP_DELTA_VETO_TURNS_v2_PROMOTED.mips.json",
              "bytes": 2111,
              "compressed_bytes": 1003,
              "crc32": "e69ee926",
              "modified": "2025-12-19T00:45:18Z"
            },
            {
              "path": "2025-12-18_SAS-CCP_PROMOTION_RECEIPT_P3_v1.mips.json",
              "bytes": 543,
              "compressed_bytes": 326,
              "crc32": "84246baf",
              "modified": "2025-12-19T00:45:02Z"
            },
            {
              "path": "2025-12-18_SAS-CCP_PROMOTION_RECEIPT_P4_v1.mips.json",
              "bytes": 532,
              "compressed_bytes": 317,
              "crc32": "9b0123bc",
              "modified": "2025-12-19T00:45:18Z"
            },
            {
              "path": "2025-12-18_SAS-CCP_PROMOTION_RECEIPT_P5_v1.mips.json",
              "bytes": 551,
              "compressed_bytes": 334,
              "crc32": "5ede661d",
              "modified": "2025-12-19T00:48:56Z"
            },
            {
              "path": "2025-12-18_SAS-CCP_RepoRegistry_Snapshot_v1.mips.json",
              "bytes": 15548,
              "compressed_bytes": 3934,
              "crc32": "b3f8af1d",
              "modified": "2025-12-19T00:45:04Z"
            },
            {
              "path": "2025-12-18_repo_ingest_derivatives_v1.mips.json",
              "bytes": 5162,
              "compressed_bytes": 2309,
              "crc32": "f7033fd7",
              "modified": "2025-12-19T00:45:04Z"
            },
            {
              "path": "2025-12-18_repo_inventory_k8s_prometheus_phase0_v1.mips.json",
              "bytes": 17173,
              "compressed_bytes": 3769,
              "crc32": "f50b1f0e",
              "modified": "2025-12-19T00:45:04Z"
            },
            {
              "path": "2025-12-18_SAS-CCP_AllArtifacts_Bundle_v1.zip",
              "bytes": 2840250,
              "compressed_bytes": 2837171,
              "crc32": "11773d19",
              "modified": "2025-12-19T00:45:18Z"
            }
          ],
          "mips_entries": [
            {
              "path": "2025-12-18_SAS-CCP_BUNDLE_MANIFEST_ENDCAP_v1.mips.json",
              "artifact_id": "2025-12-18_SAS-CCP_BUNDLE_MANIFEST_ENDCAP_v1",
              "parent_bundle": "SAS-CCP",
              "version": "1.0",
              "timestamp_utc": "2025-12-19T00:48:56Z",
              "content_type": "application/json",
              "sha256": "69e7069027a9889ef0d426c74aa60af8b640b7160e9580efc9cc906f4d09ec82",
              "councils": [
                "Archivist",
                "Auditor"
              ],
              "description": "",
              "body_top_keys": [
                "bundle_name",
                "created_utc",
                "file_count",
                "files"
              ]
            },
            {
              "path": "2025-12-18_NextSteps_TriageAndMiningPlan_v1.mips.json",
              "artifact_id": "2025-12-18_NextSteps_TriageAndMiningPlan_v1",
              "parent_bundle": "SAS-CCP",
              "version": "1.0",
              "timestamp_utc": "2025-12-19T00:28:24Z",
              "content_type": "application/json",
              "sha256": "8bfc561c0594e00bd3688c5a061b6ca498e89de1f731a16be4730d461adcbf2f",
              "councils": [
                "Auditor",
                "Operator",
                "Architect"
              ],
              "description": "",
              "body_top_keys": [
                "acceptance_tests_to_generate_next",
                "triage_table",
                "what_next_now"
              ]
            },
            {
              "path": "2025-12-18_ORDER_AllButSequence_v1.mips.json",
              "artifact_id": "2025-12-18_ORDER_AllButSequence_v1",
              "parent_bundle": "SAS-CCP",
              "version": "1.0",
              "timestamp_utc": "2025-12-19T00:31:16Z",
              "content_type": "application/json",
              "sha256": "7dd8ec7e1592afbeddfdedbcaf02320bd8e345b42304e13a0855b2b62ed62cae",
              "councils": [
                "Auditor",
                "Operator",
                "Architect"
              ],
              "description": "",
              "body_top_keys": [
                "ordered_work",
                "principle",
                "stop_conditions",
                "why_this_order_is_correct"
              ]
            },
            {
              "path": "2025-12-18_ProjectFiles_Audit_v1.mips.json",
              "artifact_id": "2025-12-18_ProjectFiles_Audit_v1",
              "parent_bundle": "SAS-CCP",
              "version": "1.0",
              "timestamp_utc": "2025-12-18T22:54:59Z",
              "content_type": "application/json",
              "sha256": null,
              "councils": [
                "Auditor",
                "Recorder"
              ],
              "description": "",
              "body_top_keys": [
                "bulk_manifest_excerpt",
                "checks",
                "files",
                "notes",
                "scope",
                "summary"
              ]
            },
            {
              "path": "2025-12-18_RepoInventory_Bundle_CurrentBatch_v1.mips.json",
              "artifact_id": "2025-12-18_RepoInventory_Bundle_CurrentBatch_v1",
              "parent_bundle": "SAS-CCP",
              "version": "1.0",
              "timestamp_utc": "2025-12-19T00:20:17Z",
              "content_type": "application/json",
              "sha256": "8628bb7c51cdb297c9d7d201f015e88abf7049d864d6d66221b4f10af397837d",
              "councils": [
                "Auditor",
                "Archivist",
                "Operator"
              ],
              "description": "",
              "body_top_keys": [
                "dedupe_registry_note",
                "purpose",
                "repo_inventory_files",
                "repos",
                "what_to_do_next_now"
              ]
            },
            {
              "path": "2025-12-18_RepoInventory_Bundle_NextBatch_v1.mips.json",
              "artifact_id": "2025-12-18_RepoInventory_Bundle_NextBatch_v1",
              "parent_bundle": "SAS-CCP",
              "version": "1.0",
              "timestamp_utc": "2025-12-19T00:27:13Z",
              "content_type": "application/json",
              "sha256": "0529bac4bcad159b02eea566c6c4aadeb6d444b56015d77b56ea58af7e52cba3",
              "councils": [
                "Auditor",
                "Operator"
              ],
              "description": "",
              "body_top_keys": [
                "next_actions",
                "purpose",
                "repos"
              ]
            },
            {
              "path": "2025-12-18_RepoInventory_EleutherAI__lm-evaluation-harness_v1.mips.json",
              "artifact_id": "2025-12-18_RepoInventory_EleutherAI__lm-evaluation-harness_v1",
              "parent_bundle": "SAS-CCP",
              "version": "1.0",
              "timestamp_utc": "2025-12-19T00:20:17Z",
              "content_type": "application/json",
              "sha256": "d55c17b28e868a98db328a9f8b7d00683906f3b159b25ded671861886820a223",
              "councils": [
                "Auditor"
              ],
              "description": "",
              "body_top_keys": [
                "file_total",
                "inventory",
                "repo_artifact",
                "zip_sha256"
              ]
            },
            {
              "path": "2025-12-18_RepoInventory_Mooler0410__LLMsPracticalGuide_v1.mips.json",
              "artifact_id": "2025-12-18_RepoInventory_Mooler0410__LLMsPracticalGuide_v1",
              "parent_bundle": "SAS-CCP",
              "version": "1.0",
              "timestamp_utc": "2025-12-19T00:20:17Z",
              "content_type": "application/json",
              "sha256": "8ae700f4afefaa72c1225cbbf6d26458a7d406cb61a4fe12225372918e8c6cc0",
              "councils": [
                "Auditor"
              ],
              "description": "",
              "body_top_keys": [
                "file_total",
                "inventory",
                "repo_artifact",
                "zip_sha256"
              ]
            },
            {
              "path": "2025-12-18_RepoInventory_argoproj__argo-workflows_v1.mips.json",
              "artifact_id": "2025-12-18_RepoInventory_argoproj__argo-workflows_v1",
              "parent_bundle": "SAS-CCP",
              "version": "1.0",
              "timestamp_utc": "2025-12-19T00:27:08Z",
              "content_type": "application/json",
              "sha256": "b6dbd67c611f7d4f8c38d192e71a31974d99e61f5990923e85785bb28322e67c",
              "councils": [
                "Auditor",
                "Archivist"
              ],
              "description": "",
              "body_top_keys": [
                "elapsed_seconds",
                "file_hashed",
                "file_total_entries",
                "file_total_files",
                "inventory",
                "notes",
                "repo_artifact",
                "status",
                "zip_sha256"
              ]
            },
            {
              "path": "2025-12-18_RepoInventory_grafana__grafana_v1.mips.json",
              "artifact_id": "2025-12-18_RepoInventory_grafana__grafana_v1",
              "parent_bundle": "SAS-CCP",
              "version": "1.0",
              "timestamp_utc": "2025-12-19T00:27:12Z",
              "content_type": "application/json",
              "sha256": "e27a180071cb9379d94b6011cb752e5b72a864e1f0b404dd23dba8010ad1504e",
              "councils": [
                "Auditor",
                "Archivist"
              ],
              "description": "",
              "body_top_keys": [
                "elapsed_seconds",
                "file_hashed",
                "file_total_entries",
                "file_total_files",
                "inventory",
                "notes",
                "repo_artifact",
                "status",
                "zip_sha256"
              ]
            },
            {
              "path": "2025-12-18_RepoInventory_hashicorp__terraform_v1.mips.json",
              "artifact_id": "2025-12-18_RepoInventory_hashicorp__terraform_v1",
              "parent_bundle": "SAS-CCP",
              "version": "1.0",
              "timestamp_utc": "2025-12-19T00:27:13Z",
              "content_type": "application/json",
              "sha256": "d7b5f539a2df7e86c1e7b1b284799e49e0df417bced0ee987bb75980455ab7bd",
              "councils": [
                "Auditor",
                "Archivist"
              ],
              "description": "",
              "body_top_keys": [
                "elapsed_seconds",
                "file_hashed",
                "file_total_entries",
                "file_total_files",
                "inventory",
                "notes",
                "repo_artifact",
                "status",
                "zip_sha256"
              ]
            },
            {
              "path": "2025-12-18_RepoInventory_open-telemetry__opentelemetry-collector_v1.mips.json",
              "artifact_id": "2025-12-18_RepoInventory_open-telemetry__opentelemetry-collector_v1",
              "parent_bundle": "SAS-CCP",
              "version": "1.0",
              "timestamp_utc": "2025-12-19T00:27:09Z",
              "content_type": "application/json",
              "sha256": "8910e68eca8075b1c3a31bb09e12ac3c2c1ca24b7fa8b261cd9eafbbdefbef86",
              "councils": [
                "Auditor",
                "Archivist"
              ],
              "description": "",
              "body_top_keys": [
                "elapsed_seconds",
                "file_hashed",
                "file_total_entries",
                "file_total_files",
                "inventory",
                "notes",
                "repo_artifact",
                "status",
                "zip_sha256"
              ]
            },
            {
              "path": "2025-12-18_RepoInventory_openai__evals_v1.mips.json",
              "artifact_id": "2025-12-18_RepoInventory_openai__evals_v1",
              "parent_bundle": "SAS-CCP",
              "version": "1.0",
              "timestamp_utc": "2025-12-19T00:20:17Z",
              "content_type": "application/json",
              "sha256": "836b3c8b683ae3279067902b83b15d8ecac09ad7fb332c926d31eae156be6dba",
              "councils": [
                "Auditor"
              ],
              "description": "",
              "body_top_keys": [
                "file_total",
                "inventory",
                "repo_artifact",
                "zip_sha256"
              ]
            },
            {
              "path": "2025-12-18_RepoInventory_temporalio__temporal_v1.mips.json",
              "artifact_id": "2025-12-18_RepoInventory_temporalio__temporal_v1",
              "parent_bundle": "SAS-CCP",
              "version": "1.0",
              "timestamp_utc": "2025-12-19T00:27:09Z",
              "content_type": "application/json",
              "sha256": "4d07eb7b5f8a2545c5832a90980008d5a7c362aa350770971ac585da5b4c1c1b",
              "councils": [
                "Auditor",
                "Archivist"
              ],
              "description": "",
              "body_top_keys": [
                "elapsed_seconds",
                "file_hashed",
                "file_total_entries",
                "file_total_files",
                "inventory",
                "notes",
                "repo_artifact",
                "status",
                "zip_sha256"
              ]
            },
            {
              "path": "2025-12-18_SAS-CCP_BUNDLE_MANIFEST_v1.mips.json",
              "artifact_id": "2025-12-18_SAS-CCP_BUNDLE_MANIFEST_v1",
              "parent_bundle": "SAS-CCP",
              "version": "1.0",
              "timestamp_utc": "2025-12-19T00:45:19Z",
              "content_type": "application/json",
              "sha256": "4c94a7341423e1c71eec11ea1bea915f9b3e17923463c0427f2c8933407539a7",
              "councils": [
                "Archivist",
                "Auditor"
              ],
              "description": "",
              "body_top_keys": [
                "bundle_name",
                "created_utc",
                "file_count",
                "files"
              ]
            },
            {
              "path": "2025-12-18_SAS-CCP_DELTA_CHAT_DELTA_SHORTCUT_V1.mips.json",
              "artifact_id": "2025-12-18_SAS-CCP_DELTA_CHAT_DELTA_SHORTCUT_V1",
              "parent_bundle": "SAS-CCP",
              "version": "1.0",
              "timestamp_utc": "2025-12-18T23:24:13.848169Z",
              "content_type": "application/json",
              "sha256": null,
              "councils": [],
              "description": "",
              "body_top_keys": [
                "canonical_prompt_body",
                "delta_type",
                "intent",
                "new_operator_command",
                "rollback",
                "title"
              ]
            },
            {
              "path": "2025-12-18_SAS-CCP_DELTA_CHECKPOINT_AND_RESUME_v2_PROMOTED.mips.json",
              "artifact_id": "2025-12-18_SAS-CCP_DELTA_CHECKPOINT_AND_RESUME_v2_PROMOTED",
              "parent_bundle": "SAS-CCP",
              "version": "1.0",
              "timestamp_utc": "2025-12-19T00:42:13Z",
              "content_type": "application/json",
              "sha256": "900a3b6bee254672fb7fbbb6b108ef32e2083c7dc87e64ff63d585ddf3fe95f4",
              "councils": [
                "Operator",
                "Auditor",
                "Archivist"
              ],
              "description": "",
              "body_top_keys": [
                "acceptance_tests",
                "artifacts",
                "checkpoint_key",
                "delta_name",
                "hard_gates",
                "promoted_under",
                "promotion_receipt",
                "purpose",
                "rollback",
                "status"
              ]
            },
            {
              "path": "2025-12-18_SAS-CCP_DELTA_TELEMETRY_CARDINALITY_BUDGETS_v1_PROMOTED.mips.json",
              "artifact_id": "2025-12-18_SAS-CCP_DELTA_TELEMETRY_CARDINALITY_BUDGETS_v1_PROMOTED",
              "parent_bundle": "SAS-CCP",
              "version": "1.0",
              "timestamp_utc": "2025-12-19T00:48:56Z",
              "content_type": "application/json",
              "sha256": "4092fa90b391e62f3342b69c322585952828d7ee5a04ad8dc5ec1b53add38e6c",
              "councils": [
                "Operator",
                "Auditor",
                "Archivist"
              ],
              "description": "",
              "body_top_keys": [
                "acceptance_tests",
                "budgets_default",
                "delta_name",
                "enforcement",
                "hard_gates",
                "promoted_under",
                "promotion_receipt",
                "purpose",
                "rollback",
                "status"
              ]
            },
            {
              "path": "2025-12-18_SAS-CCP_DELTA_TURNIODIC_CONTROLLER_CORE_v1.mips.json",
              "artifact_id": "2025-12-18_SAS-CCP_DELTA_TURNIODIC_CONTROLLER_CORE_v1",
              "parent_bundle": "SAS-CCP",
              "version": "1.0",
              "timestamp_utc": "2025-12-19T00:33:21Z",
              "content_type": "application/json",
              "sha256": "3d5bd99fd81a313d29ce1c607b1acac2604e1d868dbc1a5946403366cfd56853",
              "councils": [
                "Operator",
                "Auditor",
                "Architect"
              ],
              "description": "",
              "body_top_keys": [
                "acceptance_tests",
                "core_algorithm_pseudocode",
                "delta_name",
                "enforcement_mode",
                "hard_gates",
                "inputs",
                "notes",
                "outputs",
                "purpose",
                "rollback",
                "status",
                "turn_pipeline_stages"
              ]
            },
            {
              "path": "2025-12-18_SAS-CCP_DELTA_TURNIODIC_CONTROL_AND_INGEST_V1.mips.json",
              "artifact_id": "2025-12-18_SAS-CCP_DELTA_TURNIODIC_CONTROL_AND_INGEST_V1",
              "parent_bundle": "SAS-CCP",
              "version": "1.0",
              "timestamp_utc": "2025-12-18T23:15:44.472013Z",
              "content_type": "application/json",
              "sha256": null,
              "councils": [],
              "description": "",
              "body_top_keys": [
                "control_plane_upgrades",
                "known_heuristics_to_ignore",
                "new_primitives",
                "rollback",
                "summary"
              ]
            },
            {
              "path": "2025-12-18_SAS-CCP_DELTA_VETO_TURNS_v2_PROMOTED.mips.json",
              "artifact_id": "2025-12-18_SAS-CCP_DELTA_VETO_TURNS_v2_PROMOTED",
              "parent_bundle": "SAS-CCP",
              "version": "1.0",
              "timestamp_utc": "2025-12-19T00:45:18Z",
              "content_type": "application/json",
              "sha256": "97dd52bb168264efc7a64384dbcc43f6c787342aff0373f0a028f403cb75d1b3",
              "councils": [
                "Operator",
                "Auditor",
                "Archivist"
              ],
              "description": "",
              "body_top_keys": [
                "acceptance_tests",
                "artifact",
                "delta_name",
                "hard_gates",
                "promoted_under",
                "promotion_receipt",
                "purpose",
                "rollback",
                "status"
              ]
            },
            {
              "path": "2025-12-18_SAS-CCP_PROMOTION_RECEIPT_P3_v1.mips.json",
              "artifact_id": "2025-12-18_SAS-CCP_PROMOTION_RECEIPT_P3_v1",
              "parent_bundle": "SAS-CCP",
              "version": "1.0",
              "timestamp_utc": "2025-12-19T00:42:13Z",
              "content_type": "application/json",
              "sha256": "dfdbaadccbcd56356a5e5a68399147a44f397c946200fcdcd363c5bc19dec561",
              "councils": [
                "Operator",
                "Auditor"
              ],
              "description": "",
              "body_top_keys": [
                "delta_name",
                "promotion_id",
                "status",
                "timestamp_utc"
              ]
            },
            {
              "path": "2025-12-18_SAS-CCP_PROMOTION_RECEIPT_P4_v1.mips.json",
              "artifact_id": "2025-12-18_SAS-CCP_PROMOTION_RECEIPT_P4_v1",
              "parent_bundle": "SAS-CCP",
              "version": "1.0",
              "timestamp_utc": "2025-12-19T00:45:18Z",
              "content_type": "application/json",
              "sha256": "a54b92f7721fe3434eeb3e904352d695d82d39a902addf3cf278cf8325eaae9c",
              "councils": [
                "Operator",
                "Auditor"
              ],
              "description": "",
              "body_top_keys": [
                "delta_name",
                "promotion_id",
                "status",
                "timestamp_utc"
              ]
            },
            {
              "path": "2025-12-18_SAS-CCP_PROMOTION_RECEIPT_P5_v1.mips.json",
              "artifact_id": "2025-12-18_SAS-CCP_PROMOTION_RECEIPT_P5_v1",
              "parent_bundle": "SAS-CCP",
              "version": "1.0",
              "timestamp_utc": "2025-12-19T00:48:56Z",
              "content_type": "application/json",
              "sha256": "6f95f95bd2f524ff12dabf89dc432f6b30a1607264260c8f2d2ab53f3b38d2af",
              "councils": [
                "Operator",
                "Auditor"
              ],
              "description": "",
              "body_top_keys": [
                "delta_name",
                "promotion_id",
                "status",
                "timestamp_utc"
              ]
            },
            {
              "path": "2025-12-18_SAS-CCP_RepoRegistry_Snapshot_v1.mips.json",
              "artifact_id": "2025-12-18_SAS-CCP_RepoRegistry_Snapshot_v1",
              "parent_bundle": "SAS-CCP",
              "version": "1.0",
              "timestamp_utc": "2025-12-19T00:17:55Z",
              "content_type": "application/json",
              "sha256": null,
              "councils": [
                "Auditor",
                "Archivist",
                "Operator"
              ],
              "description": "",
              "body_top_keys": [
                "counts",
                "dedupe_rule",
                "duplicates",
                "entries",
                "purpose",
                "what_to_do_now"
              ]
            },
            {
              "path": "2025-12-18_repo_inventory_k8s_prometheus_phase0_v1.mips.json",
              "artifact_id": "2025-12-18_repo_inventory_k8s_prometheus_phase0_v1",
              "parent_bundle": "SAS-CCP",
              "version": "1.0",
              "timestamp_utc": "2025-12-19T00:16:18Z",
              "content_type": "application/json",
              "sha256": "bca1d737f09fd846a85242fe68d1a4437c8da77e7f78ba00c082fe121e78d92a",
              "councils": [
                "Auditor",
                "Archivist",
                "Rationalist"
              ],
              "description": "",
              "body_top_keys": [
                "answer",
                "ingestion_status",
                "inventories",
                "next_batch_recommendation_after_these",
                "what_comes_from_them_next"
              ]
            }
          ]
        }
      },
      {
        "filename": "2025-12-18_SAS-CCP_BUNDLE_MANIFEST_ENDCAP_v1.mips (1).json",
        "path": "/mnt/data/2025-12-18_SAS-CCP_BUNDLE_MANIFEST_ENDCAP_v1.mips (1).json",
        "bytes": 6017,
        "modified_utc": "2025-12-20T17:43:00.350819Z",
        "content_type": "application/json",
        "sha256": "63143bb558676592af0fc5cca23521d09557f6b633400fee2169a38dc1576b4f",
        "mips": {
          "artifact_id": "2025-12-18_SAS-CCP_BUNDLE_MANIFEST_ENDCAP_v1",
          "parent_bundle": "SAS-CCP",
          "version": "1.0",
          "timestamp_utc": "2025-12-19T00:48:56Z",
          "content_type": "application/json",
          "councils": [
            "Archivist",
            "Auditor"
          ],
          "sha256": "69e7069027a9889ef0d426c74aa60af8b640b7160e9580efc9cc906f4d09ec82"
        },
        "body_top_keys": [
          "bundle_name",
          "created_utc",
          "file_count",
          "files"
        ]
      },
      {
        "filename": "2025-12-18_SAS-CCP_BUNDLE_MANIFEST_ENDCAP_v1.mips.json",
        "path": "/mnt/data/2025-12-18_SAS-CCP_BUNDLE_MANIFEST_ENDCAP_v1.mips.json",
        "bytes": 6017,
        "modified_utc": "2025-12-20T17:43:01.300167Z",
        "content_type": "application/json",
        "sha256": "63143bb558676592af0fc5cca23521d09557f6b633400fee2169a38dc1576b4f",
        "mips": {
          "artifact_id": "2025-12-18_SAS-CCP_BUNDLE_MANIFEST_ENDCAP_v1",
          "parent_bundle": "SAS-CCP",
          "version": "1.0",
          "timestamp_utc": "2025-12-19T00:48:56Z",
          "content_type": "application/json",
          "councils": [
            "Archivist",
            "Auditor"
          ],
          "sha256": "69e7069027a9889ef0d426c74aa60af8b640b7160e9580efc9cc906f4d09ec82"
        },
        "body_top_keys": [
          "bundle_name",
          "created_utc",
          "file_count",
          "files"
        ]
      },
      {
        "filename": "2025-12-18_SAS-CCP_DELTA_CHAT_DELTA_SHORTCUT_V1.mips (1).json",
        "path": "/mnt/data/2025-12-18_SAS-CCP_DELTA_CHAT_DELTA_SHORTCUT_V1.mips (1).json",
        "bytes": 2180,
        "modified_utc": "2025-12-20T17:43:00.517097Z",
        "content_type": "application/json",
        "sha256": "f6a97c2e72a475645009c8192f4f1aca60aa884bf4640e39fe07be28c5eb0649",
        "mips": {
          "artifact_id": "2025-12-18_SAS-CCP_DELTA_CHAT_DELTA_SHORTCUT_V1",
          "parent_bundle": "SAS-CCP",
          "version": "1.0",
          "timestamp_utc": "2025-12-18T23:24:13.848169Z",
          "content_type": "application/json",
          "evidence_chain": "chat_session_2025-12-18",
          "links": []
        },
        "body_top_keys": [
          "canonical_prompt_body",
          "delta_type",
          "intent",
          "new_operator_command",
          "rollback",
          "title"
        ]
      },
      {
        "filename": "2025-12-18_SAS-CCP_DELTA_CHAT_DELTA_SHORTCUT_V1.mips.json",
        "path": "/mnt/data/2025-12-18_SAS-CCP_DELTA_CHAT_DELTA_SHORTCUT_V1.mips.json",
        "bytes": 2180,
        "modified_utc": "2025-12-20T17:43:00.601257Z",
        "content_type": "application/json",
        "sha256": "f6a97c2e72a475645009c8192f4f1aca60aa884bf4640e39fe07be28c5eb0649",
        "mips": {
          "artifact_id": "2025-12-18_SAS-CCP_DELTA_CHAT_DELTA_SHORTCUT_V1",
          "parent_bundle": "SAS-CCP",
          "version": "1.0",
          "timestamp_utc": "2025-12-18T23:24:13.848169Z",
          "content_type": "application/json",
          "evidence_chain": "chat_session_2025-12-18",
          "links": []
        },
        "body_top_keys": [
          "canonical_prompt_body",
          "delta_type",
          "intent",
          "new_operator_command",
          "rollback",
          "title"
        ]
      },
      {
        "filename": "2025-12-18_SAS-CCP_DELTA_TURNIODIC_CONTROL_AND_INGEST_V1.mips (1).json",
        "path": "/mnt/data/2025-12-18_SAS-CCP_DELTA_TURNIODIC_CONTROL_AND_INGEST_V1.mips (1).json",
        "bytes": 2050,
        "modified_utc": "2025-12-20T17:43:00.791949Z",
        "content_type": "application/json",
        "sha256": "d621182933df335268f7b499cc04727a316146388334f44403e3ffeadc3d81be",
        "mips": {
          "artifact_id": "2025-12-18_SAS-CCP_DELTA_TURNIODIC_CONTROL_AND_INGEST_V1",
          "parent_bundle": "SAS-CCP",
          "version": "1.0",
          "timestamp_utc": "2025-12-18T23:15:44.472013Z",
          "content_type": "application/json",
          "evidence_chain": "chat_session_2025-12-18"
        },
        "body_top_keys": [
          "control_plane_upgrades",
          "known_heuristics_to_ignore",
          "new_primitives",
          "rollback",
          "summary"
        ]
      },
      {
        "filename": "2025-12-18_SAS-CCP_DELTA_TURNIODIC_CONTROL_AND_INGEST_V1.mips.json",
        "path": "/mnt/data/2025-12-18_SAS-CCP_DELTA_TURNIODIC_CONTROL_AND_INGEST_V1.mips.json",
        "bytes": 2050,
        "modified_utc": "2025-12-20T17:43:00.606412Z",
        "content_type": "application/json",
        "sha256": "d621182933df335268f7b499cc04727a316146388334f44403e3ffeadc3d81be",
        "mips": {
          "artifact_id": "2025-12-18_SAS-CCP_DELTA_TURNIODIC_CONTROL_AND_INGEST_V1",
          "parent_bundle": "SAS-CCP",
          "version": "1.0",
          "timestamp_utc": "2025-12-18T23:15:44.472013Z",
          "content_type": "application/json",
          "evidence_chain": "chat_session_2025-12-18"
        },
        "body_top_keys": [
          "control_plane_upgrades",
          "known_heuristics_to_ignore",
          "new_primitives",
          "rollback",
          "summary"
        ]
      },
      {
        "filename": "2025-12-18_SAS-CCP_Drift_Watchdog_FAIL_CLOSED_v1.mips (1).json",
        "path": "/mnt/data/2025-12-18_SAS-CCP_Drift_Watchdog_FAIL_CLOSED_v1.mips (1).json",
        "bytes": 3526,
        "modified_utc": "2025-12-20T17:43:00.340584Z",
        "content_type": "application/json",
        "sha256": "662ee88e47bf56fce6fcf9aff82eadbd379db79f396fb81ef1b7d359df9bd2e2",
        "mips": {
          "artifact_id": "2025-12-18_SAS-CCP_Drift_Watchdog_FAIL_CLOSED_v1",
          "parent_bundle": "SAS-CCP",
          "version": "1.0",
          "timestamp_utc": "2025-12-19T01:49:35Z",
          "content_type": "application/json",
          "councils": [
            "Auditor",
            "ReliabilityEngineer",
            "Operator",
            "Archivist"
          ],
          "description": "Fail-closed watchdog that enforces SAS-CCP binding, preflight, hardening, and artifact emission on every turn.",
          "sha256": "a8d9d0930596ba2f7ef38dcdcffbbe988312b76eee723ce923e6cdabcba6b24a"
        },
        "body_top_keys": [
          "acceptance_tests",
          "auto_repair_actions",
          "hard_bans",
          "integration_instructions",
          "problem_statement",
          "root_cause_confirmed",
          "solution",
          "turn_gate_sequence",
          "turniodic_state_machine"
        ]
      },
      {
        "filename": "2025-12-18_SAS-CCP_Drift_Watchdog_FAIL_CLOSED_v1.mips.json",
        "path": "/mnt/data/2025-12-18_SAS-CCP_Drift_Watchdog_FAIL_CLOSED_v1.mips.json",
        "bytes": 3526,
        "modified_utc": "2025-12-20T17:43:01.288818Z",
        "content_type": "application/json",
        "sha256": "662ee88e47bf56fce6fcf9aff82eadbd379db79f396fb81ef1b7d359df9bd2e2",
        "mips": {
          "artifact_id": "2025-12-18_SAS-CCP_Drift_Watchdog_FAIL_CLOSED_v1",
          "parent_bundle": "SAS-CCP",
          "version": "1.0",
          "timestamp_utc": "2025-12-19T01:49:35Z",
          "content_type": "application/json",
          "councils": [
            "Auditor",
            "ReliabilityEngineer",
            "Operator",
            "Archivist"
          ],
          "description": "Fail-closed watchdog that enforces SAS-CCP binding, preflight, hardening, and artifact emission on every turn.",
          "sha256": "a8d9d0930596ba2f7ef38dcdcffbbe988312b76eee723ce923e6cdabcba6b24a"
        },
        "body_top_keys": [
          "acceptance_tests",
          "auto_repair_actions",
          "hard_bans",
          "integration_instructions",
          "problem_statement",
          "root_cause_confirmed",
          "solution",
          "turn_gate_sequence",
          "turniodic_state_machine"
        ]
      },
      {
        "filename": "CPFS_FULL_SNAPSHOT (1).zip",
        "path": "/mnt/data/CPFS_FULL_SNAPSHOT (1).zip",
        "bytes": 2763,
        "modified_utc": "2025-12-20T17:43:00.803380Z",
        "content_type": "application/zip",
        "sha256": "4bf87810e6c9aaf7708f52c3c19627657311a4fa83f226db29e93f58efc93c7c",
        "zip": {
          "file_count": 8,
          "members": [
            {
              "path": "README.txt",
              "bytes": 60,
              "compressed_bytes": 57,
              "crc32": "7aa71113",
              "modified": "2025-12-18T22:33:46Z"
            },
            {
              "path": "manifest.json",
              "bytes": 452,
              "compressed_bytes": 182,
              "crc32": "91857f14",
              "modified": "2025-12-18T22:33:48Z"
            },
            {
              "path": "tools/autodelta_mvp.py",
              "bytes": 780,
              "compressed_bytes": 436,
              "crc32": "f99947f1",
              "modified": "2025-12-18T22:33:46Z"
            },
            {
              "path": "tools/safeguard_validator.py",
              "bytes": 33,
              "compressed_bytes": 35,
              "crc32": "ad713967",
              "modified": "2025-12-18T22:33:46Z"
            },
            {
              "path": "tools/mistake_detector.py",
              "bytes": 30,
              "compressed_bytes": 32,
              "crc32": "fca7a887",
              "modified": "2025-12-18T22:33:46Z"
            },
            {
              "path": "tools/manifest.py",
              "bytes": 307,
              "compressed_bytes": 218,
              "crc32": "86d79090",
              "modified": "2025-12-18T22:33:46Z"
            },
            {
              "path": "bootstrap/hmcp_bootstrap.py",
              "bytes": 1141,
              "compressed_bytes": 610,
              "crc32": "3dfbda7a",
              "modified": "2025-12-18T22:33:46Z"
            },
            {
              "path": "contract/control_plane_contract.json",
              "bytes": 274,
              "compressed_bytes": 207,
              "crc32": "4d0141ea",
              "modified": "2025-12-18T22:33:46Z"
            }
          ]
        }
      },
      {
        "filename": "CPFS_FULL_SNAPSHOT.zip",
        "path": "/mnt/data/CPFS_FULL_SNAPSHOT.zip",
        "bytes": 2763,
        "modified_utc": "2025-12-20T17:43:00.345321Z",
        "content_type": "application/zip",
        "sha256": "4bf87810e6c9aaf7708f52c3c19627657311a4fa83f226db29e93f58efc93c7c",
        "zip": {
          "file_count": 8,
          "members": [
            {
              "path": "README.txt",
              "bytes": 60,
              "compressed_bytes": 57,
              "crc32": "7aa71113",
              "modified": "2025-12-18T22:33:46Z"
            },
            {
              "path": "manifest.json",
              "bytes": 452,
              "compressed_bytes": 182,
              "crc32": "91857f14",
              "modified": "2025-12-18T22:33:48Z"
            },
            {
              "path": "tools/autodelta_mvp.py",
              "bytes": 780,
              "compressed_bytes": 436,
              "crc32": "f99947f1",
              "modified": "2025-12-18T22:33:46Z"
            },
            {
              "path": "tools/safeguard_validator.py",
              "bytes": 33,
              "compressed_bytes": 35,
              "crc32": "ad713967",
              "modified": "2025-12-18T22:33:46Z"
            },
            {
              "path": "tools/mistake_detector.py",
              "bytes": 30,
              "compressed_bytes": 32,
              "crc32": "fca7a887",
              "modified": "2025-12-18T22:33:46Z"
            },
            {
              "path": "tools/manifest.py",
              "bytes": 307,
              "compressed_bytes": 218,
              "crc32": "86d79090",
              "modified": "2025-12-18T22:33:46Z"
            },
            {
              "path": "bootstrap/hmcp_bootstrap.py",
              "bytes": 1141,
              "compressed_bytes": 610,
              "crc32": "3dfbda7a",
              "modified": "2025-12-18T22:33:46Z"
            },
            {
              "path": "contract/control_plane_contract.json",
              "bytes": 274,
              "compressed_bytes": 207,
              "crc32": "4d0141ea",
              "modified": "2025-12-18T22:33:46Z"
            }
          ]
        }
      },
      {
        "filename": "SAS-CCP_CANONICAL_v1_1.mips (1) (1).json",
        "path": "/mnt/data/SAS-CCP_CANONICAL_v1_1.mips (1) (1).json",
        "bytes": 1093072,
        "modified_utc": "2025-12-20T17:42:59.033620Z",
        "content_type": "application/json",
        "sha256": "da09f699141bdd1ac97bb952eda4b48295dae670004dc374f1e9209532ba9763",
        "mips": {
          "artifact_id": "2025-12-18_SAS-CCP::CANONICAL_CONTROL_PLANE_V1",
          "parent_bundle": "SAS-CCP",
          "version": "1.1",
          "councils": [
            "Facilitator",
            "Auditor",
            "Synthesist",
            "Recorder"
          ],
          "sha256": "0e16b006ba87072b86220ea9fff04fcb8d908aacfbeef81d4ce5c5540d37bac8",
          "timestamp_utc": "2025-12-18T15:59:20Z",
          "timestamp_ct": "2025-12-18T09:59:20-06:00",
          "evidence_chain": "conversation+project_files",
          "content_type": "application/json",
          "links": []
        },
        "body_top_keys": [
          "applied_patches",
          "binding_protocol_fail_closed_v1",
          "canon",
          "control_plane",
          "duplicate_canonical_detection_v1",
          "export_protocol_flat_v1_locked",
          "name",
          "runtime_pointer",
          "session_deltas_locked",
          "sources_incorporated",
          "terminology_guard_v1",
          "timeframe_note"
        ]
      },
      {
        "filename": "SAS-CCP_CANONICAL_v1_1.mips (1).json",
        "path": "/mnt/data/SAS-CCP_CANONICAL_v1_1.mips (1).json",
        "bytes": 1093072,
        "modified_utc": "2025-12-20T17:43:00.506038Z",
        "content_type": "application/json",
        "sha256": "da09f699141bdd1ac97bb952eda4b48295dae670004dc374f1e9209532ba9763",
        "mips": {
          "artifact_id": "2025-12-18_SAS-CCP::CANONICAL_CONTROL_PLANE_V1",
          "parent_bundle": "SAS-CCP",
          "version": "1.1",
          "councils": [
            "Facilitator",
            "Auditor",
            "Synthesist",
            "Recorder"
          ],
          "sha256": "0e16b006ba87072b86220ea9fff04fcb8d908aacfbeef81d4ce5c5540d37bac8",
          "timestamp_utc": "2025-12-18T15:59:20Z",
          "timestamp_ct": "2025-12-18T09:59:20-06:00",
          "evidence_chain": "conversation+project_files",
          "content_type": "application/json",
          "links": []
        },
        "body_top_keys": [
          "applied_patches",
          "binding_protocol_fail_closed_v1",
          "canon",
          "control_plane",
          "duplicate_canonical_detection_v1",
          "export_protocol_flat_v1_locked",
          "name",
          "runtime_pointer",
          "session_deltas_locked",
          "sources_incorporated",
          "terminology_guard_v1",
          "timeframe_note"
        ]
      },
      {
        "filename": "SAS-CCP_MANIFEST_CANONICAL_v1_1.mips (1).json",
        "path": "/mnt/data/SAS-CCP_MANIFEST_CANONICAL_v1_1.mips (1).json",
        "bytes": 1209,
        "modified_utc": "2025-12-20T17:42:59.746919Z",
        "content_type": "application/json",
        "sha256": "fbb54ca21a6e1bb3b4547b2b4fa2030376d1d2e8cf07cc90a364d3bc90166fec",
        "mips": {
          "artifact_id": "2025-12-18_SAS-CCP::MANIFEST_CANONICAL_V1",
          "parent_bundle": "SAS-CCP",
          "version": "1.0",
          "councils": [
            "Facilitator",
            "Auditor",
            "Synthesist",
            "Recorder"
          ],
          "sha256": "8513fb02584ef492eb21a3a403c83fe1dcf6ac59894b198d145115a2f0fbff83",
          "timestamp_utc": "2025-12-18T15:59:20Z",
          "timestamp_ct": "2025-12-18T09:59:20-06:00",
          "evidence_chain": "conversation+project_files",
          "content_type": "application/json",
          "links": []
        },
        "body_top_keys": [
          "canonical_file",
          "files",
          "generated_at_ct",
          "generated_at_utc",
          "load_order",
          "name",
          "notes"
        ]
      },
      {
        "filename": "SAS-CCP_MANIFEST_CANONICAL_v1_1.mips.json",
        "path": "/mnt/data/SAS-CCP_MANIFEST_CANONICAL_v1_1.mips.json",
        "bytes": 1209,
        "modified_utc": "2025-12-20T17:43:00.369245Z",
        "content_type": "application/json",
        "sha256": "fbb54ca21a6e1bb3b4547b2b4fa2030376d1d2e8cf07cc90a364d3bc90166fec",
        "mips": {
          "artifact_id": "2025-12-18_SAS-CCP::MANIFEST_CANONICAL_V1",
          "parent_bundle": "SAS-CCP",
          "version": "1.0",
          "councils": [
            "Facilitator",
            "Auditor",
            "Synthesist",
            "Recorder"
          ],
          "sha256": "8513fb02584ef492eb21a3a403c83fe1dcf6ac59894b198d145115a2f0fbff83",
          "timestamp_utc": "2025-12-18T15:59:20Z",
          "timestamp_ct": "2025-12-18T09:59:20-06:00",
          "evidence_chain": "conversation+project_files",
          "content_type": "application/json",
          "links": []
        },
        "body_top_keys": [
          "canonical_file",
          "files",
          "generated_at_ct",
          "generated_at_utc",
          "load_order",
          "name",
          "notes"
        ]
      }
    ]
  }
}