{
  "bind_report_version": "1.0",
  "generated_utc": "2025-12-25T13:37:14Z",
  "alias_manifest": {
    "path": "/mnt/data/_sasccp_bind_extract/SAS-CCP_MANIFEST_CANONICAL_v1_1.mips.json",
    "header": {
      "id": "SAS-CCP_MANIFEST_CANONICAL_v1_1_ALIAS_2025-12-24T15:04:58Z",
      "title": "SAS-CCP Canonical Manifest Pointer (Alias)",
      "created_utc": "2025-12-24T15:04:58Z",
      "purpose": "Provide a stable, path-exact boot target for MetaBrain/MetaBlooms boot procedures.",
      "append_only": true
    },
    "pointer": {
      "canonical_manifest_path": "/mnt/data/2025-12-20T174432Z_SASCCP_CPFS_COMPLETE_MANIFEST_v1.mips.json",
      "canonical_manifest_sha256": "41c6c2fc7d115ff3cc692135fb0224e321f1532674ae6f8ad27b2ffaabac3263",
      "canonical_manifest_size_bytes": 82545
    }
  },
  "cpfs_manifest": {
    "path": "/mnt/data/2025-12-20T174432Z_SASCCP_CPFS_COMPLETE_MANIFEST_v1.mips.json",
    "bytes": 82545,
    "sha256": "41c6c2fc7d115ff3cc692135fb0224e321f1532674ae6f8ad27b2ffaabac3263",
    "mips_artifact_id": "2025-12-20T174432Z_SASCCP_CPFS_COMPLETE_MANIFEST_v1"
  },
  "resolution_summary": {
    "declared_files": 19,
    "found_direct": 0,
    "found_in_zip": 1,
    "missing": 18,
    "zip_containers_scanned": 20
  },
  "resolved_files": [
    {
      "filename": "2025-12-18_CPFS_NEXT_STEPS (1).zip",
      "status": "MISSING",
      "declared_sha256": "941267d1a567bf4a6ff971f1902b2bd81f7a9c7d62ac51912457eeb6a6031ee3",
      "declared_bytes": 679
    },
    {
      "filename": "2025-12-18_CPFS_NEXT_STEPS (2).zip",
      "status": "MISSING",
      "declared_sha256": "941267d1a567bf4a6ff971f1902b2bd81f7a9c7d62ac51912457eeb6a6031ee3",
      "declared_bytes": 679
    },
    {
      "filename": "2025-12-18_CPFS_NEXT_STEPS.zip",
      "status": "MISSING",
      "declared_sha256": "941267d1a567bf4a6ff971f1902b2bd81f7a9c7d62ac51912457eeb6a6031ee3",
      "declared_bytes": 679
    },
    {
      "filename": "2025-12-18_SAS-CCP_AllArtifacts_ENDCAP_v1 (1).zip",
      "status": "MISSING",
      "declared_sha256": "0430bb2783262d269264e6ea8e8fd8c788577b6744b3f3c93975fef078044878",
      "declared_bytes": 5681980
    },
    {
      "filename": "2025-12-18_SAS-CCP_AllArtifacts_ENDCAP_v1.zip",
      "status": "MISSING",
      "declared_sha256": "0430bb2783262d269264e6ea8e8fd8c788577b6744b3f3c93975fef078044878",
      "declared_bytes": 5681980
    },
    {
      "filename": "2025-12-18_SAS-CCP_BUNDLE_MANIFEST_ENDCAP_v1.mips (1).json",
      "status": "MISSING",
      "declared_sha256": "63143bb558676592af0fc5cca23521d09557f6b633400fee2169a38dc1576b4f",
      "declared_bytes": 6017
    },
    {
      "filename": "2025-12-18_SAS-CCP_BUNDLE_MANIFEST_ENDCAP_v1.mips.json",
      "status": "MISSING",
      "declared_sha256": "63143bb558676592af0fc5cca23521d09557f6b633400fee2169a38dc1576b4f",
      "declared_bytes": 6017
    },
    {
      "filename": "2025-12-18_SAS-CCP_DELTA_CHAT_DELTA_SHORTCUT_V1.mips (1).json",
      "status": "MISSING",
      "declared_sha256": "f6a97c2e72a475645009c8192f4f1aca60aa884bf4640e39fe07be28c5eb0649",
      "declared_bytes": 2180
    },
    {
      "filename": "2025-12-18_SAS-CCP_DELTA_CHAT_DELTA_SHORTCUT_V1.mips.json",
      "status": "MISSING",
      "declared_sha256": "f6a97c2e72a475645009c8192f4f1aca60aa884bf4640e39fe07be28c5eb0649",
      "declared_bytes": 2180
    },
    {
      "filename": "2025-12-18_SAS-CCP_DELTA_TURNIODIC_CONTROL_AND_INGEST_V1.mips (1).json",
      "status": "MISSING",
      "declared_sha256": "d621182933df335268f7b499cc04727a316146388334f44403e3ffeadc3d81be",
      "declared_bytes": 2050
    },
    {
      "filename": "2025-12-18_SAS-CCP_DELTA_TURNIODIC_CONTROL_AND_INGEST_V1.mips.json",
      "status": "MISSING",
      "declared_sha256": "d621182933df335268f7b499cc04727a316146388334f44403e3ffeadc3d81be",
      "declared_bytes": 2050
    },
    {
      "filename": "2025-12-18_SAS-CCP_Drift_Watchdog_FAIL_CLOSED_v1.mips (1).json",
      "status": "MISSING",
      "declared_sha256": "662ee88e47bf56fce6fcf9aff82eadbd379db79f396fb81ef1b7d359df9bd2e2",
      "declared_bytes": 3526
    },
    {
      "filename": "2025-12-18_SAS-CCP_Drift_Watchdog_FAIL_CLOSED_v1.mips.json",
      "status": "MISSING",
      "declared_sha256": "662ee88e47bf56fce6fcf9aff82eadbd379db79f396fb81ef1b7d359df9bd2e2",
      "declared_bytes": 3526
    },
    {
      "filename": "CPFS_FULL_SNAPSHOT (1).zip",
      "status": "MISSING",
      "declared_sha256": "4bf87810e6c9aaf7708f52c3c19627657311a4fa83f226db29e93f58efc93c7c",
      "declared_bytes": 2763
    },
    {
      "filename": "CPFS_FULL_SNAPSHOT.zip",
      "status": "MISSING",
      "declared_sha256": "4bf87810e6c9aaf7708f52c3c19627657311a4fa83f226db29e93f58efc93c7c",
      "declared_bytes": 2763
    },
    {
      "filename": "SAS-CCP_CANONICAL_v1_1.mips (1) (1).json",
      "status": "MISSING",
      "declared_sha256": "da09f699141bdd1ac97bb952eda4b48295dae670004dc374f1e9209532ba9763",
      "declared_bytes": 1093072
    },
    {
      "filename": "SAS-CCP_CANONICAL_v1_1.mips (1).json",
      "status": "MISSING",
      "declared_sha256": "da09f699141bdd1ac97bb952eda4b48295dae670004dc374f1e9209532ba9763",
      "declared_bytes": 1093072
    },
    {
      "filename": "SAS-CCP_MANIFEST_CANONICAL_v1_1.mips (1).json",
      "status": "MISSING",
      "declared_sha256": "fbb54ca21a6e1bb3b4547b2b4fa2030376d1d2e8cf07cc90a364d3bc90166fec",
      "declared_bytes": 1209
    },
    {
      "filename": "SAS-CCP_MANIFEST_CANONICAL_v1_1.mips.json",
      "status": "FOUND_IN_ZIP",
      "container_zip": "2025-12-24_SASCCP_SurfaceCanonicalAlias_Bundle_v1.zip",
      "member": "SAS-CCP_MANIFEST_CANONICAL_v1_1.mips.json",
      "bytes": 883,
      "sha256": "bffe78b4a35ddbd4754f6badafcf6a987f5cb1589f8bd65c3b37fe997aea7329",
      "declared_sha256": "fbb54ca21a6e1bb3b4547b2b4fa2030376d1d2e8cf07cc90a364d3bc90166fec",
      "declared_bytes": 1209
    }
  ],
  "binding": {
    "active_canonical_manifest": "/mnt/data/2025-12-20T174432Z_SASCCP_CPFS_COMPLETE_MANIFEST_v1.mips.json",
    "active_alias_boot_target": "/mnt/data/_sasccp_bind_extract/SAS-CCP_MANIFEST_CANONICAL_v1_1.mips.json",
    "notes": "Bound to SASCCP via alias\u2192CPFS manifest. Declared artifacts resolved from local zips when possible."
  }
}