{
  "manifest_version": "1.3",
  "scope": "system_index",
  "generated_utc": "2025-12-31_161917Z",
  "tri_layer_index": [
    "README.md",
    "manifests/MANIFEST_SYSTEM_INDEX.json",
    "manifests/MANIFEST_KERNEL.json",
    "manifests/MANIFEST_MODULES.json"
  ],
  "protected_dirs": [
    "baselines",
    "ble",
    "control_plane",
    "docs",
    "egg_juicer",
    "export_gate",
    "governance",
    "integrations",
    "learning",
    "ledgers",
    "memory",
    "metablooms",
    "metablooms_governance",
    "microblooms",
    "sops",
    "specs",
    "tools",
    "manifests",
    "kernel",
    "modules",
    "versions"
  ],
  "governance_files_required": [
    "governance/MB_PREFLIGHT_REALITY_ENGINE_PRE-1.0.md",
    "governance/MB_SYSTEM_LEVEL_GRABBER_SLG-1.0.md",
    "governance/MB_EXPECTED_FAILURES_LAYER_EFL-1.0.md",
    "governance/MB_MEMORY_PROMOTION_CONTRACT_MPC-1.0.md",
    "export_gate/EXPORT_GATE_MINIMUMS.json",
    "governance/kic/KIC_SCHEMA.json"
  ],
  "wayfinding_required": {
    "start_here": "START_HERE.md",
    "pointer_file": "POINTER.md",
    "require_pointer_in_top_level_dirs": true
  },
  "runtime": {
    "harness": "kernel/runtime/run_demo.py",
    "ledgers_dir": "ledgers/"
  }
}