{
  "map_id": "ENVIRONMENT_COMPETENCE_MAP_v1",
  "version": "1.0.0",
  "scope": "environment_scoped",
  "principle": "Ban failed approaches, not tasks",
  "environments": {
    "termux:bash": {
      "toolchain": "bash",
      "known_constraints": [
        {
          "constraint_id": "BASH-001",
          "type": "INVALID_CONSTRUCT",
          "pattern": "unescaped !",
          "description": "History expansion causes deterministic failure",
          "canonical_fix": "escape ! or disable histexpand (set +H)",
          "learned": "bootstrap",
          "override_allowed": false
        }
      ]
    },
    "powershell:pwsh": {
      "toolchain": "pwsh",
      "known_constraints": [
        {
          "constraint_id": "PWSH-001",
          "type": "INVALID_CONSTRUCT",
          "pattern": "bash-style chaining (&&)",
          "description": "Unsupported chaining operator in PowerShell",
          "canonical_fix": "use ; or if statements",
          "learned": "bootstrap",
          "override_allowed": false
        }
      ]
    },
    "python:cpython": {
      "toolchain": "python",
      "known_constraints": [
        {
          "constraint_id": "PY-001",
          "type": "INVALID_CONSTRUCT",
          "pattern": "mixed tabs and spaces",
          "description": "IndentationError in Python",
          "canonical_fix": "normalize indentation to spaces",
          "learned": "bootstrap",
          "override_allowed": false
        }
      ]
    }
  }
}