{
  "policy_id": "MB_ENVIRONMENT_FAILURE_LEARNING_ADDENDUM_v1",
  "status": "active",
  "learning_zones_allowed": [
    "B",
    "C"
  ],
  "mutation_authority": "none",
  "ep0_invariants": {
    "E-P0-1": "Never assume local execution",
    "E-P0-2": "Paths are invalid until proven",
    "E-P0-3": "UI success \u2260 file existence",
    "E-P0-4": "Shells are not interchangeable",
    "E-P0-5": "Permissions are default failure mode"
  },
  "allowed_topics": [
    "termux_pathing",
    "android_scoped_storage",
    "powershell_execution_policy",
    "sandbox_filesystem_vs_ui",
    "shell_tooling_mismatch",
    "permission_denials"
  ],
  "forbidden_actions": [
    "auto_execute",
    "mutate_user_environment",
    "silent_behavior_change",
    "modify_boot_or_activation"
  ],
  "output_contract": {
    "ledger_only": true,
    "non_binding": true,
    "must_emit_artifact": true
  }
}