{
  "schema": "metablooms.mips.index_core.v1",
  "generated_utc": "2026-01-06T23:19:07Z",
  "root": ".",
  "entrypoint": "BOOT_METABLOOMS.py",
  "runtime_entry": "RUN_METABLOOMS.py",
  "counts": {
    "files_indexed": 80
  },
  "files": [
    {
      "module_id": "file::BOOT_METABLOOMS.py",
      "kind": "file",
      "relpath": "BOOT_METABLOOMS.py",
      "sha256": "b90c9e5152a8242a3741885d91836189601d87f3c0842a8774a72097e7fb17bf",
      "bytes": 3684,
      "mtime_utc": "2026-01-06T23:16:56Z"
    },
    {
      "module_id": "file::RUN_METABLOOMS.py",
      "kind": "file",
      "relpath": "RUN_METABLOOMS.py",
      "sha256": "4fdeaa34ec7249adcd725b87b4981619a85ff62699736a8f9f0610633df5206f",
      "bytes": 1464,
      "mtime_utc": "2026-01-06T23:16:56Z"
    },
    {
      "module_id": "file::boot_manifest.json",
      "kind": "file",
      "relpath": "boot_manifest.json",
      "sha256": "b3cfdc224ead804759f2ac477288f32bb3396f1ce6231f2e893b0ed54826037b",
      "bytes": 1229,
      "mtime_utc": "2026-01-06T23:18:26Z"
    },
    {
      "module_id": "file::metablooms/__init__.py",
      "kind": "file",
      "relpath": "metablooms/__init__.py",
      "sha256": "498629ca2e1e6ee92cdf4c21b2130fba57b5c139c693f64f79b29183e14af535",
      "bytes": 42,
      "mtime_utc": "2026-01-06T23:16:57Z"
    },
    {
      "module_id": "file::metablooms/cache/REHYDRATE_PROMPT_TEMPLATE.txt",
      "kind": "file",
      "relpath": "metablooms/cache/REHYDRATE_PROMPT_TEMPLATE.txt",
      "sha256": "129009cbf25a04ac1b39ce910c349456c69da0e7839a8a3d846488d8ecc6616e",
      "bytes": 456,
      "mtime_utc": "2026-01-06T23:16:57Z"
    },
    {
      "module_id": "file::metablooms/cache/SPEC_CONTEXT_OFFLOAD_CACHE_v1.md",
      "kind": "file",
      "relpath": "metablooms/cache/SPEC_CONTEXT_OFFLOAD_CACHE_v1.md",
      "sha256": "a60e390dd2b4cd6c770226ae9359009a549fd67c9623102aa6fad4a42212318e",
      "bytes": 1991,
      "mtime_utc": "2026-01-06T23:16:57Z"
    },
    {
      "module_id": "file::metablooms/cache/context_capsules/26415dec3f885ae6.json",
      "kind": "file",
      "relpath": "metablooms/cache/context_capsules/26415dec3f885ae6.json",
      "sha256": "97efadb7b4e91d4bc9f86830159a3ed16cad9aac6e0daa0b4eb7759c89b51eaf",
      "bytes": 1321,
      "mtime_utc": "2026-01-06T23:16:57Z"
    },
    {
      "module_id": "file::metablooms/cache/context_capsules/9b2bedf6546bdf80.json",
      "kind": "file",
      "relpath": "metablooms/cache/context_capsules/9b2bedf6546bdf80.json",
      "sha256": "5b863a9890d9ddccc6899179586429220646cf16ade7265d790bf69227db0227",
      "bytes": 2222,
      "mtime_utc": "2026-01-06T23:16:57Z"
    },
    {
      "module_id": "file::metablooms/cache/context_capsules/capsule_export_sim_20260105_151910.json",
      "kind": "file",
      "relpath": "metablooms/cache/context_capsules/capsule_export_sim_20260105_151910.json",
      "sha256": "6c6d81f9947d58973650c729a9c83d1d8664154e8b1bbd61c6297c9d417f7899",
      "bytes": 254,
      "mtime_utc": "2026-01-06T23:16:57Z"
    },
    {
      "module_id": "file::metablooms/cache/context_capsules/cf0e2218320d0fa2.json",
      "kind": "file",
      "relpath": "metablooms/cache/context_capsules/cf0e2218320d0fa2.json",
      "sha256": "e1dba54c349d88375160922fcb98a40bb4c1aa9ef7a61c432e1a6383cd1e0240",
      "bytes": 3079,
      "mtime_utc": "2026-01-06T23:16:57Z"
    },
    {
      "module_id": "file::metablooms/cache/context_index.json",
      "kind": "file",
      "relpath": "metablooms/cache/context_index.json",
      "sha256": "52ac4053797ea9f11725b3a4e25aee470b7a853b58b7872269fafb8560e0d957",
      "bytes": 810,
      "mtime_utc": "2026-01-06T23:16:57Z"
    },
    {
      "module_id": "file::metablooms/cache/tools/metablooms_context_cache_packer.py",
      "kind": "file",
      "relpath": "metablooms/cache/tools/metablooms_context_cache_packer.py",
      "sha256": "4364ece8a2297ffa80711e79b95a1e12bcee563cfbe03b45eb3135cb87311d1e",
      "bytes": 4705,
      "mtime_utc": "2026-01-06T23:16:57Z"
    },
    {
      "module_id": "file::metablooms/engines/audit_registry_engine.py",
      "kind": "file",
      "relpath": "metablooms/engines/audit_registry_engine.py",
      "sha256": "f994bc1e3ab81c2ab92bf974ee2ab24cab66756b72faeec392a47bb5d75b101d",
      "bytes": 1654,
      "mtime_utc": "2026-01-06T23:16:57Z"
    },
    {
      "module_id": "file::metablooms/engines/prompt_governance_engine.py",
      "kind": "file",
      "relpath": "metablooms/engines/prompt_governance_engine.py",
      "sha256": "d748f3e3472d6650dd2557c113d0577cb765c4baf3dc532ae12582416aa44d71",
      "bytes": 1486,
      "mtime_utc": "2026-01-06T23:16:57Z"
    },
    {
      "module_id": "file::metablooms/governance/CLAUDE_SESSION_RECONCILIATION_DELTA.json",
      "kind": "file",
      "relpath": "metablooms/governance/CLAUDE_SESSION_RECONCILIATION_DELTA.json",
      "sha256": "962783ca2ec851dbc004c745ada5a255e3e4d1e3b3858225eacce19b742ec897",
      "bytes": 1432,
      "mtime_utc": "2026-01-06T23:16:42Z"
    },
    {
      "module_id": "file::metablooms/governance/CLAUDE_SESSION_RECONCILIATION_DELTA.md",
      "kind": "file",
      "relpath": "metablooms/governance/CLAUDE_SESSION_RECONCILIATION_DELTA.md",
      "sha256": "219d49fae5e1478683393c0b483698de34363c5c8862389240fcc36de26b384a",
      "bytes": 2658,
      "mtime_utc": "2026-01-06T23:16:41Z"
    },
    {
      "module_id": "file::metablooms/governance/CODE_AS_PROSE_CLAUDEMODE_DELTA.json",
      "kind": "file",
      "relpath": "metablooms/governance/CODE_AS_PROSE_CLAUDEMODE_DELTA.json",
      "sha256": "ba0dfa97851f4823161df394ce257f0c9afd9250a4c7a48510457c8f1ba18600",
      "bytes": 1233,
      "mtime_utc": "2026-01-06T23:16:40Z"
    },
    {
      "module_id": "file::metablooms/governance/DOCTRINE_CODE_AS_PROSE_CLAUDEMODE_DELTA.md",
      "kind": "file",
      "relpath": "metablooms/governance/DOCTRINE_CODE_AS_PROSE_CLAUDEMODE_DELTA.md",
      "sha256": "5bc9afa6a98fcb329bab8ce60bfb3f5c0d966b358371f73f5b615cd7e9b584d4",
      "bytes": 3669,
      "mtime_utc": "2026-01-06T23:16:41Z"
    },
    {
      "module_id": "file::metablooms/governance/DOCTRINE_EDITORIAL_GOVERNANCE_P0.md",
      "kind": "file",
      "relpath": "metablooms/governance/DOCTRINE_EDITORIAL_GOVERNANCE_P0.md",
      "sha256": "b0393125ba5bfd10b47ac23729a576708728db691cd9e2979b1b6e0b2396282a",
      "bytes": 1531,
      "mtime_utc": "2026-01-06T23:16:57Z"
    },
    {
      "module_id": "file::metablooms/governance/DOCTRINE_GAP_GOVERNANCE_P0.md",
      "kind": "file",
      "relpath": "metablooms/governance/DOCTRINE_GAP_GOVERNANCE_P0.md",
      "sha256": "e1489a324a24199d672d16f238866dceb2eb8a99c2de9ccad28fd7b7c2d3e115",
      "bytes": 2437,
      "mtime_utc": "2026-01-06T23:16:57Z"
    },
    {
      "module_id": "file::metablooms/governance/DOCTRINE_GULP_P0.md",
      "kind": "file",
      "relpath": "metablooms/governance/DOCTRINE_GULP_P0.md",
      "sha256": "bf247f6a72e281c228eb71b200ec08de3a19132a7b4ecc54fe796397a2a55000",
      "bytes": 222,
      "mtime_utc": "2026-01-06T23:16:57Z"
    },
    {
      "module_id": "file::metablooms/governance/DOCTRINE_HOW_TO_READ_DELTA.md",
      "kind": "file",
      "relpath": "metablooms/governance/DOCTRINE_HOW_TO_READ_DELTA.md",
      "sha256": "b8228c9b37d51e6f7ec1f8077f8c9d683159b2cb72f657dfee812948ac805a89",
      "bytes": 2191,
      "mtime_utc": "2026-01-06T23:16:41Z"
    },
    {
      "module_id": "file::metablooms/governance/DOCTRINE_INCREMENTAL_K12_READING_DELTA.md",
      "kind": "file",
      "relpath": "metablooms/governance/DOCTRINE_INCREMENTAL_K12_READING_DELTA.md",
      "sha256": "40de48473ac532798b7c81983d88a05ed0ec7bdd1bc1e494c3fe738895af61f3",
      "bytes": 4408,
      "mtime_utc": "2026-01-06T23:16:41Z"
    },
    {
      "module_id": "file::metablooms/governance/DOCTRINE_RRU-000_EPISTEMIC_DELTA.md",
      "kind": "file",
      "relpath": "metablooms/governance/DOCTRINE_RRU-000_EPISTEMIC_DELTA.md",
      "sha256": "4076b7c672eaa5e477c6548485f8791d0147b53e3c817b50eba51a6e957789bf",
      "bytes": 2073,
      "mtime_utc": "2026-01-06T23:16:41Z"
    },
    {
      "module_id": "file::metablooms/governance/EDITORIAL_EVIDENCE_SCHEMA.json",
      "kind": "file",
      "relpath": "metablooms/governance/EDITORIAL_EVIDENCE_SCHEMA.json",
      "sha256": "ddf072dac8f3350a6a54c5f632e97e3ee8a382689024d1fd8fc56e4b20df40fc",
      "bytes": 1591,
      "mtime_utc": "2026-01-06T23:16:57Z"
    },
    {
      "module_id": "file::metablooms/governance/ENFORCEMENT_NOTE.md",
      "kind": "file",
      "relpath": "metablooms/governance/ENFORCEMENT_NOTE.md",
      "sha256": "34602b501654721c65659eff62501e570321f140f26f600811c78ac5a5a0dd0f",
      "bytes": 85,
      "mtime_utc": "2026-01-06T23:16:57Z"
    },
    {
      "module_id": "file::metablooms/governance/GULP_EVIDENCE_SCHEMA.json",
      "kind": "file",
      "relpath": "metablooms/governance/GULP_EVIDENCE_SCHEMA.json",
      "sha256": "9a40556c33191de07924a18ed3b60efa31a4e74026d5e45a0b8df2c8206e4a6f",
      "bytes": 508,
      "mtime_utc": "2026-01-06T23:16:57Z"
    },
    {
      "module_id": "file::metablooms/governance/GULP_GATE_RUNTIME.py",
      "kind": "file",
      "relpath": "metablooms/governance/GULP_GATE_RUNTIME.py",
      "sha256": "a38e53bc6f80571a899ab1820ebba2392018b72a553498d2f1619d0cf735ea2f",
      "bytes": 3618,
      "mtime_utc": "2026-01-06T23:16:57Z"
    },
    {
      "module_id": "file::metablooms/governance/HOW_TO_READ_DELTA.json",
      "kind": "file",
      "relpath": "metablooms/governance/HOW_TO_READ_DELTA.json",
      "sha256": "e2ab3cbde129638369b23b7e5684410fe5ebed4cf1f3d51ee47cafd292b9223c",
      "bytes": 744,
      "mtime_utc": "2026-01-06T23:16:41Z"
    },
    {
      "module_id": "file::metablooms/governance/INCREMENTAL_K12_READING_DELTA.json",
      "kind": "file",
      "relpath": "metablooms/governance/INCREMENTAL_K12_READING_DELTA.json",
      "sha256": "b62624e53966d16459bc7d9b4d052637dfc9bba9598bb7f0bc95e32c67ffe26c",
      "bytes": 773,
      "mtime_utc": "2026-01-06T23:16:41Z"
    },
    {
      "module_id": "file::metablooms/governance/RRU-000_EPISTEMIC_DELTA.json",
      "kind": "file",
      "relpath": "metablooms/governance/RRU-000_EPISTEMIC_DELTA.json",
      "sha256": "b486e988c99435ecf02ca943e3ace4df8ed381e304cc6d09902db77de182bb7f",
      "bytes": 774,
      "mtime_utc": "2026-01-06T23:16:42Z"
    },
    {
      "module_id": "file::metablooms/governance/__init__.py",
      "kind": "file",
      "relpath": "metablooms/governance/__init__.py",
      "sha256": "498629ca2e1e6ee92cdf4c21b2130fba57b5c139c693f64f79b29183e14af535",
      "bytes": 42,
      "mtime_utc": "2026-01-06T23:16:57Z"
    },
    {
      "module_id": "file::metablooms/governance/csrd_thresholds.json",
      "kind": "file",
      "relpath": "metablooms/governance/csrd_thresholds.json",
      "sha256": "dd32e377927d3ca057873f31262a0af46f6a220fd32036adc831a3d3d053b318",
      "bytes": 387,
      "mtime_utc": "2026-01-06T23:16:57Z"
    },
    {
      "module_id": "file::metablooms/governance/editorial/EDITORIAL_GOVERNANCE_REGRESSION_SUITE.md",
      "kind": "file",
      "relpath": "metablooms/governance/editorial/EDITORIAL_GOVERNANCE_REGRESSION_SUITE.md",
      "sha256": "6cd56da3564ad26bb29dfc2891f305580757eb00c5a9402a37f6a2158f91cf51",
      "bytes": 4512,
      "mtime_utc": "2026-01-06T23:16:57Z"
    },
    {
      "module_id": "file::metablooms/governance/editorial/editorial_governance_tests.json",
      "kind": "file",
      "relpath": "metablooms/governance/editorial/editorial_governance_tests.json",
      "sha256": "ea19235906312fceb68cb1f0a5e4ca4220409be8028d21a0252f316cd9523f94",
      "bytes": 2396,
      "mtime_utc": "2026-01-06T23:16:57Z"
    },
    {
      "module_id": "file::metablooms/governance/enforcement_resolver.py",
      "kind": "file",
      "relpath": "metablooms/governance/enforcement_resolver.py",
      "sha256": "f75753a80771241106eabac9d5cfa20a8a85755649baa86a3f99bce15edf8b1d",
      "bytes": 2684,
      "mtime_utc": "2026-01-06T23:16:57Z"
    },
    {
      "module_id": "file::metablooms/governance/gapfiller.py",
      "kind": "file",
      "relpath": "metablooms/governance/gapfiller.py",
      "sha256": "aa72849e4f2c3a25557b2d92531b4da5da15456e748e6f625ca47a76f71c3fab",
      "bytes": 2326,
      "mtime_utc": "2026-01-06T23:16:57Z"
    },
    {
      "module_id": "file::metablooms/governance/gapfinder.py",
      "kind": "file",
      "relpath": "metablooms/governance/gapfinder.py",
      "sha256": "f97f0d6ba290c984a6fd77d89d3698b4f1a42f5112be7dd8613ee30f9f0f3bf5",
      "bytes": 6179,
      "mtime_utc": "2026-01-06T23:16:57Z"
    },
    {
      "module_id": "file::metablooms/governance/invariants/INVARIANT_MUTATION_AUTONOMY_TDME.md",
      "kind": "file",
      "relpath": "metablooms/governance/invariants/INVARIANT_MUTATION_AUTONOMY_TDME.md",
      "sha256": "b5ffb4e4d53514657d6ddfbc76ea01b410f4bfd4e663bf361d5bb1ce0bb46aa8",
      "bytes": 296,
      "mtime_utc": "2026-01-06T23:16:57Z"
    },
    {
      "module_id": "file::metablooms/governance/invariants/INVARIANT_SANDCRAWLER_IMPROVEMENT_REPORT.md",
      "kind": "file",
      "relpath": "metablooms/governance/invariants/INVARIANT_SANDCRAWLER_IMPROVEMENT_REPORT.md",
      "sha256": "a87556b3e60cc5affeaed5b7e1982c6681ba84fc4365d0a40477e4cb823d830e",
      "bytes": 2737,
      "mtime_utc": "2026-01-06T23:16:57Z"
    },
    {
      "module_id": "file::metablooms/governance/mutation_registry.json",
      "kind": "file",
      "relpath": "metablooms/governance/mutation_registry.json",
      "sha256": "d76f1cb004582c3ec718864b96e463c11aa17eb5ea4c2fdb2c68406d88aa1e4f",
      "bytes": 1398,
      "mtime_utc": "2026-01-06T23:16:57Z"
    },
    {
      "module_id": "file::metablooms/governance/post_boot_enforcer.py",
      "kind": "file",
      "relpath": "metablooms/governance/post_boot_enforcer.py",
      "sha256": "e7885d5ecb0a6d16ce688e040790195f2f3b681fce1fb516670f1ddcaec71917",
      "bytes": 5186,
      "mtime_utc": "2026-01-06T23:16:57Z"
    },
    {
      "module_id": "file::metablooms/governance/preflight_gate.py",
      "kind": "file",
      "relpath": "metablooms/governance/preflight_gate.py",
      "sha256": "3cf7e2ffe91fea0cf5758b0decd102aa53ad26eac4fcb7769251157018cb2c4c",
      "bytes": 2056,
      "mtime_utc": "2026-01-06T23:16:57Z"
    },
    {
      "module_id": "file::metablooms/ingest/hostile_inbox/Plateau_Pack_Week5 (1).zip",
      "kind": "file",
      "relpath": "metablooms/ingest/hostile_inbox/Plateau_Pack_Week5 (1).zip",
      "sha256": "78d26fe28179bd7bee1142f5174b2d363e7e5b2d75bc5592058fae6d809fa7bd",
      "bytes": 101260,
      "mtime_utc": "2026-01-06T23:16:45Z"
    },
    {
      "module_id": "file::metablooms/ingest/hostile_inbox/R12_DualMode_CreatorEconomy_FullBundle (1).zip",
      "kind": "file",
      "relpath": "metablooms/ingest/hostile_inbox/R12_DualMode_CreatorEconomy_FullBundle (1).zip",
      "sha256": "8739c76e681f900923b900c9df0ef75cf421d39cabb54650c4b9ad19b6a76d85",
      "bytes": 22,
      "mtime_utc": "2026-01-06T23:16:45Z"
    },
    {
      "module_id": "file::metablooms/ingest/hostile_inbox/SESSION_EXPORT_2026-01-06.md",
      "kind": "file",
      "relpath": "metablooms/ingest/hostile_inbox/SESSION_EXPORT_2026-01-06.md",
      "sha256": "1eaf42cc49ea90e055ea714faa3bb9e2ddcb7e4b9aa93073d879ec2aa7b1edc9",
      "bytes": 11769,
      "mtime_utc": "2026-01-06T23:16:42Z"
    },
    {
      "module_id": "file::metablooms/ingest/hostile_inbox/hostile_inbox_manifest.json",
      "kind": "file",
      "relpath": "metablooms/ingest/hostile_inbox/hostile_inbox_manifest.json",
      "sha256": "8f74e9d0dfda54ac78253947d219a9266be680a72a1cd452b646a6a798fcacde",
      "bytes": 630,
      "mtime_utc": "2026-01-06T23:19:01Z"
    },
    {
      "module_id": "file::metablooms/ledgers/SCHEMAS_LEDGER_v1.json",
      "kind": "file",
      "relpath": "metablooms/ledgers/SCHEMAS_LEDGER_v1.json",
      "sha256": "026358f7c09eb5ba548ba57d5f8a35c2156b0ff4ae3252fa2701f57901ad2845",
      "bytes": 3638,
      "mtime_utc": "2026-01-06T23:16:57Z"
    },
    {
      "module_id": "file::metablooms/ledgers/SPEC_HVM_LAYER_v1.md",
      "kind": "file",
      "relpath": "metablooms/ledgers/SPEC_HVM_LAYER_v1.md",
      "sha256": "6ce137b18d447724d82503abb6b910a890477b55d4c43727733ebaffe359c4fb",
      "bytes": 2064,
      "mtime_utc": "2026-01-06T23:16:57Z"
    },
    {
      "module_id": "file::metablooms/ledgers/SPEC_LEDGER_SYSTEM_v1.md",
      "kind": "file",
      "relpath": "metablooms/ledgers/SPEC_LEDGER_SYSTEM_v1.md",
      "sha256": "f9e5e541d70a556028bd717399cc507594f433800f6631593edddbeb435e753c",
      "bytes": 4377,
      "mtime_utc": "2026-01-06T23:16:57Z"
    },
    {
      "module_id": "file::metablooms/ledgers/artifact_ledger.ndjson",
      "kind": "file",
      "relpath": "metablooms/ledgers/artifact_ledger.ndjson",
      "sha256": "e8029f803a341bf295fb1396061df8f1c454216b1c7304efe5072ae5eb398566",
      "bytes": 1916,
      "mtime_utc": "2026-01-06T23:16:57Z"
    },
    {
      "module_id": "file::metablooms/ledgers/evidence_log_v2.md",
      "kind": "file",
      "relpath": "metablooms/ledgers/evidence_log_v2.md",
      "sha256": "45fc145b80483287d149cd7dd774207aeb598393584c64227a42cba94b0feebe",
      "bytes": 111,
      "mtime_utc": "2026-01-06T23:16:57Z"
    },
    {
      "module_id": "file::metablooms/ledgers/run_ledger.ndjson",
      "kind": "file",
      "relpath": "metablooms/ledgers/run_ledger.ndjson",
      "sha256": "3a7c0be87e2e40368f24cfc888acb759b55a1b138ff90ec4d30aedb9ea60d436",
      "bytes": 1398,
      "mtime_utc": "2026-01-06T23:16:57Z"
    },
    {
      "module_id": "file::metablooms/ledgers/sample/2026-01-05_metablooms_ledgers_sample.zip",
      "kind": "file",
      "relpath": "metablooms/ledgers/sample/2026-01-05_metablooms_ledgers_sample.zip",
      "sha256": "046bf1bd2bdfa94bce6c4762c345b96f6f865e1b98279a5d4208a761f71b625c",
      "bytes": 1965,
      "mtime_utc": "2026-01-06T23:16:57Z"
    },
    {
      "module_id": "file::metablooms/ledgers/tools/metablooms_ledger_writer_v1.py",
      "kind": "file",
      "relpath": "metablooms/ledgers/tools/metablooms_ledger_writer_v1.py",
      "sha256": "a06857813c518390b5314caad487dccbf26c690369fbb339e9e4230d3572f6be",
      "bytes": 3500,
      "mtime_utc": "2026-01-06T23:16:57Z"
    },
    {
      "module_id": "file::metablooms/mips/MIPS_EVIDENCE_POINTERS.mips.json",
      "kind": "file",
      "relpath": "metablooms/mips/MIPS_EVIDENCE_POINTERS.mips.json",
      "sha256": "304f892efb77709e780ebd939268309b28d0f93f900cf5477e1cc45fd5034af5",
      "bytes": 401,
      "mtime_utc": "2026-01-06T23:16:57Z"
    },
    {
      "module_id": "file::metablooms/mips/MIPS_GRAPH_CORE.mips.json",
      "kind": "file",
      "relpath": "metablooms/mips/MIPS_GRAPH_CORE.mips.json",
      "sha256": "ef9d3824f0921a9f30c8957bf4a103b48c6efb745933c06e7593ffd7dba141ad",
      "bytes": 911,
      "mtime_utc": "2026-01-06T23:16:57Z"
    },
    {
      "module_id": "file::metablooms/mips/MIPS_INDEX_CORE.mips.json",
      "kind": "file",
      "relpath": "metablooms/mips/MIPS_INDEX_CORE.mips.json",
      "sha256": "27590e9f8743233bd4f8a09d3fec82843397b7c858a5718be4d09216cbb85f7f",
      "bytes": 21205,
      "mtime_utc": "2026-01-06T23:16:57Z"
    },
    {
      "module_id": "file::metablooms/mips/__init__.py",
      "kind": "file",
      "relpath": "metablooms/mips/__init__.py",
      "sha256": "3b52ca5ebc4d1436e1ab8d867221088bcd72d03f6ed1775f2ca6772fe384722c",
      "bytes": 31,
      "mtime_utc": "2026-01-06T23:16:57Z"
    },
    {
      "module_id": "file::metablooms/mips/indexer.py",
      "kind": "file",
      "relpath": "metablooms/mips/indexer.py",
      "sha256": "1da2bce8d3b32bcec7fb21b570fac083e0aa9ac867e0744bb84de8078bd7a48f",
      "bytes": 4037,
      "mtime_utc": "2026-01-06T23:16:57Z"
    },
    {
      "module_id": "file::metablooms/output/register.py",
      "kind": "file",
      "relpath": "metablooms/output/register.py",
      "sha256": "0af10f08e2f81bec416ad2d4f7ddd471164e8b6c8b0261489b094d6b830ef027",
      "bytes": 561,
      "mtime_utc": "2026-01-06T23:16:57Z"
    },
    {
      "module_id": "file::metablooms/output/schemas/FINAL_AUDIT_v1.schema.json",
      "kind": "file",
      "relpath": "metablooms/output/schemas/FINAL_AUDIT_v1.schema.json",
      "sha256": "fd4b22bbbcac6a50fe1368c53912721de184f2e51e82576e6789d1badb5492a7",
      "bytes": 80,
      "mtime_utc": "2026-01-06T23:16:57Z"
    },
    {
      "module_id": "file::metablooms/registry/audit_registry.jsonl",
      "kind": "file",
      "relpath": "metablooms/registry/audit_registry.jsonl",
      "sha256": "e3b0c44298fc1c149afbf4c8996fb92427ae41e4649b934ca495991b7852b855",
      "bytes": 0,
      "mtime_utc": "2026-01-06T23:16:57Z"
    },
    {
      "module_id": "file::metablooms/sandcrawler/ASSESSMENT_CITATION_REQUIREMENT.md",
      "kind": "file",
      "relpath": "metablooms/sandcrawler/ASSESSMENT_CITATION_REQUIREMENT.md",
      "sha256": "bda9432f05ff5361749925183fcd040ccb1e7ca9f596bf21c913e2321d1d9b25",
      "bytes": 1958,
      "mtime_utc": "2026-01-06T23:16:57Z"
    },
    {
      "module_id": "file::metablooms/sandcrawler/IMPROVEMENT_REPORT_HARNESS_v1.py",
      "kind": "file",
      "relpath": "metablooms/sandcrawler/IMPROVEMENT_REPORT_HARNESS_v1.py",
      "sha256": "e1550c08e18be480cde0d18792384fe86ff0ea2182993b20615b4b677caa34ad",
      "bytes": 4307,
      "mtime_utc": "2026-01-06T23:16:57Z"
    },
    {
      "module_id": "file::metablooms/sandcrawler/INVARIANT.md",
      "kind": "file",
      "relpath": "metablooms/sandcrawler/INVARIANT.md",
      "sha256": "78024984bf1315e46e3d146c762cca1c67d95d79b3a97acade18f37fb9f8a345",
      "bytes": 218,
      "mtime_utc": "2026-01-06T23:16:57Z"
    },
    {
      "module_id": "file::metablooms/sandcrawler/core.py",
      "kind": "file",
      "relpath": "metablooms/sandcrawler/core.py",
      "sha256": "ffbc503cd89292ae5618d084d73ff64d8bd2d04062887aea5f5889fe95b0a2f0",
      "bytes": 188,
      "mtime_utc": "2026-01-06T23:16:57Z"
    },
    {
      "module_id": "file::metablooms/sandcrawler/sandcrawler_report_closeout.py",
      "kind": "file",
      "relpath": "metablooms/sandcrawler/sandcrawler_report_closeout.py",
      "sha256": "27d46b98aa254fc9982b0f119571eaac623b9f30441f445433a5999fa0f32071",
      "bytes": 6501,
      "mtime_utc": "2026-01-06T23:16:57Z"
    },
    {
      "module_id": "file::metablooms/sandcrawler/stats.py",
      "kind": "file",
      "relpath": "metablooms/sandcrawler/stats.py",
      "sha256": "f82fb93b6d60bdca4c462ea34010c6d331abb8e3497feba13ba736c3490b81ab",
      "bytes": 230,
      "mtime_utc": "2026-01-06T23:16:57Z"
    },
    {
      "module_id": "file::metablooms/schemas/audit_registry.schema.json",
      "kind": "file",
      "relpath": "metablooms/schemas/audit_registry.schema.json",
      "sha256": "3026de2c7f85086de8afa0b1ecc421ea0f987b4568ee5b976c7651443fa88a37",
      "bytes": 871,
      "mtime_utc": "2026-01-06T23:16:57Z"
    },
    {
      "module_id": "file::metablooms/schemas/orchestration_trace.schema.json",
      "kind": "file",
      "relpath": "metablooms/schemas/orchestration_trace.schema.json",
      "sha256": "c620fe8bae76eeb83df2a8077881fca9e0d1fe2f2e5297e696711b807390e0fa",
      "bytes": 564,
      "mtime_utc": "2026-01-06T23:16:57Z"
    },
    {
      "module_id": "file::metablooms/telemetry/__init__.py",
      "kind": "file",
      "relpath": "metablooms/telemetry/__init__.py",
      "sha256": "498629ca2e1e6ee92cdf4c21b2130fba57b5c139c693f64f79b29183e14af535",
      "bytes": 42,
      "mtime_utc": "2026-01-06T23:16:57Z"
    },
    {
      "module_id": "file::metablooms/telemetry/emit_event.py",
      "kind": "file",
      "relpath": "metablooms/telemetry/emit_event.py",
      "sha256": "eaddcb27dbe254f31f30b54b41f49bd9744ac438a40535bb9e4b8764083aad0b",
      "bytes": 1032,
      "mtime_utc": "2026-01-06T23:16:57Z"
    },
    {
      "module_id": "file::metablooms/telemetry/events.ndjson",
      "kind": "file",
      "relpath": "metablooms/telemetry/events.ndjson",
      "sha256": "2548aa9cd6085265ab4e06e83ce8a5bc09bea4486f35dbc1ae99642b098113b2",
      "bytes": 217,
      "mtime_utc": "2026-01-06T23:16:57Z"
    },
    {
      "module_id": "file::metablooms/tools/__init__.py",
      "kind": "file",
      "relpath": "metablooms/tools/__init__.py",
      "sha256": "498629ca2e1e6ee92cdf4c21b2130fba57b5c139c693f64f79b29183e14af535",
      "bytes": 42,
      "mtime_utc": "2026-01-06T23:16:57Z"
    },
    {
      "module_id": "file::metablooms/tools/mips_reconcile.py",
      "kind": "file",
      "relpath": "metablooms/tools/mips_reconcile.py",
      "sha256": "86212a71f5bb0f770451085411aa58c60f9ceda54ba1541ec850a46cb77c9c3f",
      "bytes": 1111,
      "mtime_utc": "2026-01-06T23:16:57Z"
    },
    {
      "module_id": "file::metablooms/tools/simulate_export_tdme.py",
      "kind": "file",
      "relpath": "metablooms/tools/simulate_export_tdme.py",
      "sha256": "e865f9ff692f1a1e3bbe39c9f44afac773ad208cec2e23f1cccc5f9700c3cf5f",
      "bytes": 4647,
      "mtime_utc": "2026-01-06T23:16:57Z"
    },
    {
      "module_id": "file::metablooms/tools/viewers/audit_registry_viewer.html",
      "kind": "file",
      "relpath": "metablooms/tools/viewers/audit_registry_viewer.html",
      "sha256": "b240b75949ba2c3c6a0eac4e1b73c40c080fed470f92eaf2d5b9ea27a0c877f5",
      "bytes": 2834,
      "mtime_utc": "2026-01-06T23:16:57Z"
    },
    {
      "module_id": "file::tests/test_gap_governance.py",
      "kind": "file",
      "relpath": "tests/test_gap_governance.py",
      "sha256": "4c7e70c44f074f37ed41f4de8cc7f616ab5e3f4eb5de9dcbdcddaa850fef42ba",
      "bytes": 1683,
      "mtime_utc": "2026-01-06T23:16:57Z"
    },
    {
      "module_id": "file::tests/test_gulp_enforcement.py",
      "kind": "file",
      "relpath": "tests/test_gulp_enforcement.py",
      "sha256": "dcd75b5132bbe62923eb17d04f12e316395282ec020454c8928bf6be375bef7f",
      "bytes": 413,
      "mtime_utc": "2026-01-06T23:16:57Z"
    }
  ]
}
