{
  "contract_id": "MB-SB-1",
  "boot_id": "SB-1",
  "boot_filename": "BOOT_METABLOOMS.py",
  "boot_sha256": "1d2c9b40a9e08e2ac814bd35eada04f5a5073ea542ed775630b59c89b4357ce3",
  "required_full_entrypoint": "RUN_METABLOOMS.py",
  "required_success_markers": [
    "BOOT_OK",
    "ALL SYSTEMS GO \u2014 METABLOOMS IS LIVE"
  ],
  "created_at": "2025-12-29T01:27:32.414805Z",
  "doctrine": {
    "standing_invariants": "docs/STANDING_INVARIANTS.md",
    "p0_zero_local_execution_rule": "governance/P0_ZERO_LOCAL_EXECUTION_RULE.json"
  }
}