{
  "build_id": "2025-12-30_v7_4_1",
  "base_bundle": "2025-12-30_MetaBlooms_OS_CANONICAL_v7_4.zip",
  "delta_type": "append_only",
  "changes": {
    "added_files": [
      {
        "path": "governance/safe_learning/SAFE_LEARNING_CHARTER_ADDENDUM_ENVIRONMENT.md",
        "sha256": "3f6390e99fc8f254d3125e85c528b9797e2099cb36f1bbd7370ceb15046bd916",
        "bytes": 2435
      },
      {
        "path": "governance/safe_learning/ENVIRONMENT_GUARDRAILS.md",
        "sha256": "a24966a173e62dbeb777f1bdd7b546a38c0ca9b45f06d04d805cce3ed2f23d8a",
        "bytes": 1257
      },
      {
        "path": "governance/safe_learning/ENVIRONMENT_AWARENESS_INTERLOCK.md",
        "sha256": "758510904801e60d4fff568516bddfabe9cdac7f9bcdbf68fece23f1f87537ac",
        "bytes": 1757
      },
      {
        "path": "governance/P0_ENVIRONMENT_AWARENESS_INTERLOCK_RULE.json",
        "sha256": "e1f0d81e376cc65361b90b7ac254c86bcd839b3a6f9a99a344ebe43435983e9f",
        "bytes": 1079
      },
      {
        "path": "governance/MB_ENVIRONMENT_FAILURE_LEARNING_ADDENDUM_v1/MB_ENVIRONMENT_FAILURE_LEARNING_ADDENDUM_v1.json",
        "sha256": "e6eda52e040a11b437e80c88279d8528f9261a621917461e011cfdeb594f93f9",
        "bytes": 895
      },
      {
        "path": "governance/MB_ENVIRONMENT_FAILURE_LEARNING_ADDENDUM_v1/README.md",
        "sha256": "0f985a32fcf97f119249db2e9bc50754f16a7b961847709b5dc81625d3135703",
        "bytes": 504
      },
      {
        "path": "ledgers/ENVIRONMENT_FAILURE_LEDGER.schema.json",
        "sha256": "2ac1f92a7e5a8545077adb7ec6686a6a758395163208e7b7669eae4506ab671e",
        "bytes": 589
      },
      {
        "path": "ledgers/ENVIRONMENT_FAILURE_LEDGER.seed.json",
        "sha256": "d2db22e2d29fd455fd45b305cdf948bad8be83bb9302552939d31c1c202b043d",
        "bytes": 2138
      },
      {
        "path": "ledgers/environment_failures.ndjson",
        "sha256": "e3b0c44298fc1c149afbf4c8996fb92427ae41e4649b934ca495991b7852b855",
        "bytes": 0
      },
      {
        "path": "docs/observability/ENVIRONMENT_FAILURE_LEDGER.md",
        "sha256": "7632f6d2b2fc3d8579c5b094f96429dd9ffcbc8dcf12750dac1546a74380f2a9",
        "bytes": 808
      },
      {
        "path": "docs/audits/ENVIRONMENT_INTERLOCK_RETRO_AUDIT_2025-12-30.md",
        "sha256": "2f5493fff4c46b28571b71f6418dc5d4245b29b03d887027bacd21e6b2b79fd9",
        "bytes": 2218
      },
      {
        "path": "tools/tests/test_environment_interlock.py",
        "sha256": "14b63d726198b5247a9c7ec1b17d1df8da5bd326e1c40ae345cefcad352bab59",
        "bytes": 5071
      },
      {
        "path": "BUILD_MANIFEST_2025-12-30_v7_4_1.json",
        "sha256": "518f86f580b175605fc87b82510030154b501cd5d484aac5e8920a1053e3d827",
        "bytes": 3299
      },
      {
        "path": "docs/diffs/DIFF_2025-12-30_v7_4_to_v7_4_1.md",
        "sha256": "74354ce688ad1b3c0078cd27a88933385428f79ce2769db925096ab0d09d7d5e",
        "bytes": 867
      },
      {
        "path": "docs/evidence/EVIDENCE_LOG_v2.json",
        "sha256": "3b055f06df3ccd8f593ad89b1acc1d1cc422d9b89b1f0656ed501167f64b5642",
        "bytes": 492
      }
    ],
    "modified_files": [],
    "removed_files": []
  },
  "notes": [
    "Adds Environment Failure Learning doctrine + P0 interlock rule (advisory, non-mutative).",
    "Adds Environment Failure Ledger schema + seed + ndjson stream for observability.",
    "Adds retroactive audit report and minimal test harness proving fail-closed behavior."
  ]
}