{
  "schema_version": "1.0",
  "generated_utc": "2025-12-31_161317Z",
  "invariants": [
    {
      "id": "WAYFINDING_REQUIRED",
      "description": "START_HERE.md and POINTER.md must exist.",
      "enforced_by": [
        "validator"
      ],
      "severity": "fail"
    },
    {
      "id": "README_COMPLETENESS",
      "description": "README coverage gate must pass.",
      "enforced_by": [
        "validator"
      ],
      "severity": "fail"
    },
    {
      "id": "NO_REMOVALS",
      "description": "No removals vs previous canonical snapshot.",
      "enforced_by": [
        "validator"
      ],
      "severity": "fail"
    },
    {
      "id": "TRI_LAYER_INDEX",
      "description": "README + manifests must exist and agree.",
      "enforced_by": [
        "validator"
      ],
      "severity": "fail"
    },
    {
      "id": "CHAT_TIME_HEADER_REQUIRED",
      "description": "Each chat response must include a header with platform local time and tool UTC time; host adapter logs via ChatTimeGate.",
      "enforced_by": [
        "host_adapter",
        "validator_doc"
      ],
      "severity": "fail"
    }
  ]
}