{
  "generated_at": "2025-12-30T12:44:47.347455Z",
  "files": [
    {
      "path": "BOOT.md",
      "sha256": "bac35ea7d52514700e52666b4e183d25818143063b099d3c421c79728eb365ad",
      "bytes": 463
    },
    {
      "path": "BOOT_METABLOOMS.py",
      "sha256": "8794b6367aca7e4a56df95ebc309a6c45cee9bedfa564eadaf6af80da9682128",
      "bytes": 3161
    },
    {
      "path": "ENTRYPOINT.md",
      "sha256": "3c22d980e7be5503f7bf7b18f0c430456ff2411c95398f0b5ff92153461d5d64",
      "bytes": 789
    },
    {
      "path": "MEEP_Manifest.json",
      "sha256": "adb9341dc18a45b6752442c05d7124f338719ee88ab3c735db34038e8768beb3",
      "bytes": 25481
    },
    {
      "path": "README_BOOT_RULES.md",
      "sha256": "6e3a2338c32ac242f6f3b4cbbb732c48613b8205017ab0df9cb168f47af21beb",
      "bytes": 262
    },
    {
      "path": "RUN_METABLOOMS.py",
      "sha256": "e40fe3918ffe1d83ee842ec0df71448a569cae70a383dcd770bac66ed0966435",
      "bytes": 2806
    },
    {
      "path": "boot_contract.json",
      "sha256": "6245135b5b9b3132ac89760f4401f7d6f5bee38608fd2ddf631d2761b7dec569",
      "bytes": 536
    },
    {
      "path": "boot_manifest.json",
      "sha256": "5d0be324365107cd463b02ff252a48ecf2baff4c49a1a929acd08fe944df2cf9",
      "bytes": 170
    },
    {
      "path": "validate_metablooms_export.py",
      "sha256": "0a367fa6764e6550aeb47f3c16b205bdb477569719f36ff1a89314e763ce9ca7",
      "bytes": 3545
    },
    {
      "path": "ZOOP_INSTALL_METABLOOMS.py",
      "sha256": "9ab3c10d2bf9118e3273a8696a93602fbd9aced88e5e317de8459311cc45b8ff",
      "bytes": 5276
    },
    {
      "path": "baselines/EAT-2025-12-28-0002.json",
      "sha256": "6c10b866e6baca18abb2b3c0e11b68f65785e296920d355c5eda9ab9da848560",
      "bytes": 14
    },
    {
      "path": "baselines/EAT-2025-12-28-0003.json",
      "sha256": "bb493b498114e2202c6d9dbde12a20139488e280b82be72c9e4f1b2b2c9848c6",
      "bytes": 14
    },
    {
      "path": "baselines/EAT-2025-12-28-0004.json",
      "sha256": "13e5986b9db583e32d92be4770e0fdab715cc1fef24ea0e670319cca98fd525a",
      "bytes": 14
    },
    {
      "path": "baselines/EAT-2025-12-28-0005.json",
      "sha256": "3c45d27753e2246d532dddb481fd9351eff84103e8e46e45bf4e6cbd635e0194",
      "bytes": 14
    },
    {
      "path": "ble/BLE_EXTENSION_TOOL_ON_DEMAND_v1.json",
      "sha256": "963ce05271920006cf80c9dcbd96ac370c29553d728a288ceca104e6f28a158f",
      "bytes": 961
    },
    {
      "path": "ble/BLE_EXTENSION_TOOL_ON_DEMAND_v1.md",
      "sha256": "e90642a989a4a832d16c060fc36134e3059f16d66074b3c324a4b9aa94b558bf",
      "bytes": 579
    },
    {
      "path": "ble/BLE_RULESET_v1.json",
      "sha256": "d6456e1c265b754f23ea36edf3bec32156909e27a54cf8475829d324f4804a9d",
      "bytes": 5183
    },
    {
      "path": "ble/BLE_RULESET_v1.md",
      "sha256": "2a921329b3fc063f34465c9b262e67590a4a0ff79ec9d376937bce42052f8208",
      "bytes": 6926
    },
    {
      "path": "ble/INTEGRATION_NOTE.md",
      "sha256": "b1bbb60e213d03cfd9a1494d20e81d22262803000933bae7af979cc5005c6fbc",
      "bytes": 527
    },
    {
      "path": "control_plane/BOOT_STATE.json",
      "sha256": "4e2dee9ef0dc5084db4dfb73684a8163569ef5a66504269b3cc3bf3ad07ae9d2",
      "bytes": 462
    },
    {
      "path": "control_plane/EngineActivationTrace.schema.json",
      "sha256": "ce787821969563bf396e8d4080a61d171a2b7f2a985e4aaf8e10f300ffa42c89",
      "bytes": 16
    },
    {
      "path": "control_plane/MB_BASELINE_LOCK_AND_LEARNING_FREEZE_v1.json",
      "sha256": "a26e3c22e209baca88966bd04c515beb7ba8636302098d6cdb35bd73b5ae785d",
      "bytes": 21
    },
    {
      "path": "control_plane/MB_CAPABILITY_MANIFEST_v1_1.json",
      "sha256": "d6f002190e25018d078965a58cbd4a5f1057479ec11a1baf7082be20fd11fcd7",
      "bytes": 19
    },
    {
      "path": "control_plane/MB_GATE_REGISTRY_MANIFEST_v1.json",
      "sha256": "d6f002190e25018d078965a58cbd4a5f1057479ec11a1baf7082be20fd11fcd7",
      "bytes": 19
    },
    {
      "path": "control_plane/MB_OPERATIONAL_INDEX_MANIFEST_v1.json",
      "sha256": "d6f002190e25018d078965a58cbd4a5f1057479ec11a1baf7082be20fd11fcd7",
      "bytes": 19
    },
    {
      "path": "control_plane/MB_REASONING_ENGINE_INTERFACE_SPEC_v1.json",
      "sha256": "d6f002190e25018d078965a58cbd4a5f1057479ec11a1baf7082be20fd11fcd7",
      "bytes": 19
    },
    {
      "path": "control_plane/MB_SOP_INDEX_MANIFEST_v1.json",
      "sha256": "d6f002190e25018d078965a58cbd4a5f1057479ec11a1baf7082be20fd11fcd7",
      "bytes": 19
    },
    {
      "path": "control_plane/TraceDiff.rules.v1.json",
      "sha256": "0d596aeeb3271fee642738be9467fb28eacdfed49fb3f5360efa43792b23aa2a",
      "bytes": 14
    },
    {
      "path": "control_plane/TraceDiff.schema.json",
      "sha256": "e6c93b101f5803eaab91b12341b904511af299a09b192da3419bdf38b5244016",
      "bytes": 22
    },
    {
      "path": "control_plane/SHOPPING_MODE_CONTROLLER_RULES_v1.json",
      "sha256": "4beff0c12921eea8340ae0c9eb5b90e25f2330584301add731eaded9f381f7cc",
      "bytes": 2556
    },
    {
      "path": "control_plane/SHOPPING_MODE_CONTROLLER_TESTS_v1.json",
      "sha256": "2ea3f7f2afbf5f8ade4e3dcdf0155c71e26345ae79c9f57509b755e2d93bd9a0",
      "bytes": 1888
    },
    {
      "path": "control_plane/__init__.py",
      "sha256": "e3b0c44298fc1c149afbf4c8996fb92427ae41e4649b934ca495991b7852b855",
      "bytes": 0
    },
    {
      "path": "control_plane/activation_registry.py",
      "sha256": "f9edc4af539a5313ebef5fdf7f0c0388f19961c01b55f99a21408e2f7cc60188",
      "bytes": 1986
    },
    {
      "path": "control_plane/shopping_mode_controller.py",
      "sha256": "a7fde34e40d694fb9a1d4f1d804554a290945de0d731d7f27d78723a2f8751ec",
      "bytes": 3627
    },
    {
      "path": "control_plane/boot_activator.py",
      "sha256": "c1aad4b490a1ed0474a61dfb21397680fc8a9e3d99a1e6b6ad465309a00dbe52",
      "bytes": 3617
    },
    {
      "path": "control_plane/delta_enforcer_v1.py",
      "sha256": "baecc58b54e812c396da16bf21308d6971930676abba8cfee5cd299915f8e509",
      "bytes": 1065
    },
    {
      "path": "control_plane/chat_ledger_v1.py",
      "sha256": "4a1701d6d654177c4f4e6af10ed1939ff913370f896b6817484a3eb2d106385d",
      "bytes": 2394
    },
    {
      "path": "control_plane/mandatory_chat_capture.py",
      "sha256": "f088160d388a4f72536a3fe0d5778ec697b2cefbc62645caf161595a9e48edfa",
      "bytes": 1189
    },
    {
      "path": "control_plane/__pycache__/__init__.cpython-311.pyc",
      "sha256": "b236c00b4b91e367e6791113bfb42651bd0b225b10137cfa6498232689d4d04e",
      "bytes": 169
    },
    {
      "path": "control_plane/__pycache__/activation_registry.cpython-311.pyc",
      "sha256": "871c54244aefb403a065633949ee4a6e5562ad3af64cf54dfbb268178c94e3ee",
      "bytes": 5117
    },
    {
      "path": "control_plane/__pycache__/shopping_mode_controller.cpython-311.pyc",
      "sha256": "6ae4a9c186a2873776d98144365c4e9f5a842e3d3ee45f72b5caa992a6eececa",
      "bytes": 5346
    },
    {
      "path": "control_plane/__pycache__/boot_activator.cpython-311.pyc",
      "sha256": "1abe18e1153dab30f7d9d3274ad872774657c9e2bf96c7c1215986b1ec5f0636",
      "bytes": 5831
    },
    {
      "path": "control_plane/state_hub/activation_status_20251229T194922Z.json",
      "sha256": "ab296684dfde7efb0b9a2dc3b2b49095b16d32e6d5abc49b4881fb88a3cca524",
      "bytes": 1858
    },
    {
      "path": "control_plane/state_hub/smoke_20251229T194922Z.json",
      "sha256": "1ede1bca924a850671345f255974a7c2a4dc1ae0996bf291a97cccd07e39b8ee",
      "bytes": 316
    },
    {
      "path": "control_plane/conflicts/BOOT_METABLOOMS.py.delta_20251230_001456",
      "sha256": "93e2bdaae0e5ba7ddc8666185a0fa473b7b9b936494ae51769d3177758c658aa",
      "bytes": 4792
    },
    {
      "path": "control_plane/conflicts/BOOT_METABLOOMS.py.from_overlay1",
      "sha256": "93e2bdaae0e5ba7ddc8666185a0fa473b7b9b936494ae51769d3177758c658aa",
      "bytes": 4792
    },
    {
      "path": "control_plane/conflicts/BOOT_METABLOOMS.py.delta_20251229_234844",
      "sha256": "93e2bdaae0e5ba7ddc8666185a0fa473b7b9b936494ae51769d3177758c658aa",
      "bytes": 4792
    },
    {
      "path": "docs/DIFF_2025-12-28_stableboot_merge.md",
      "sha256": "dc0475c9f3ab4f5339f1c076b3964c93f7affe760d08ad1603939f886d9c252c",
      "bytes": 644
    },
    {
      "path": "docs/DIFF_2025-12-29_tool_on_demand_learning.md",
      "sha256": "3c69efad94985f8bd9a7809390367d15c5830dcfba4694f470dd32841b472f8e",
      "bytes": 572
    },
    {
      "path": "docs/SOP_Shopping_Mode_Controller_Sandcrawler_v1.md",
      "sha256": "af3fd698a5bfcdcc7584d1ebd7602648397595f99f744edc9894761be74e4eb1",
      "bytes": 4235
    },
    {
      "path": "docs/DIFF_2025-12-29_shopping_mode_controller.md",
      "sha256": "8e9d19610da85efecc17afc1df1d7725508c1d3097f4581aca41bfccc0f8e3c9",
      "bytes": 579
    },
    {
      "path": "docs/DIFF_2025-12-29_activation_hardening.md",
      "sha256": "669ae78fc731e48521206f7b8a67c832a42b4e96286ee7af76019f3f33c1a4b3",
      "bytes": 1499
    },
    {
      "path": "docs/AUTO_RCR_EXPORTGATE.md",
      "sha256": "930bd5b931e7dcd8432b03bb58e80e4d518e69d0261331b089d6ab4087278904",
      "bytes": 691
    },
    {
      "path": "docs/STANDING_INVARIANTS.md",
      "sha256": "fbd37464c3dd2766a762045e1d7ca3f41cde1c8f80e6e6ab6a395f7d42c597d7",
      "bytes": 1339
    },
    {
      "path": "docs/SOP_Close_Research_Loop_v1.md",
      "sha256": "c91457255bceb303c77a67e2131a01d4107cead51312ea0a111829959f2980f6",
      "bytes": 1223
    },
    {
      "path": "docs/patterns/PATTERN_Runtime_Governance_Control_Surface_v1.md",
      "sha256": "c9e8222c55d4d38ec651f9a1c4959de22c3ac5bb1e2b8e8293f9e6984c6bf326",
      "bytes": 1472
    },
    {
      "path": "egg_juicer/EJ_CORE_CONTRACT.md",
      "sha256": "37cdfba6bdd0c6c605691fc429aac1bd281c25c6c3bc693592c9c806056c1cf8",
      "bytes": 841
    },
    {
      "path": "egg_juicer/README.md",
      "sha256": "687c2669dc74c1406ba3365264b524a0b6b435dda69982dabd666549e1fd1a5c",
      "bytes": 1080
    },
    {
      "path": "egg_juicer/chunk_egg_juicer/CEJ_CONTRACT.md",
      "sha256": "99667f3b815f0df4d4e2e5798b1899ffaf63da25a9c6159be2618de8f6ecc3ec",
      "bytes": 593
    },
    {
      "path": "egg_juicer/chunk_egg_juicer/README.md",
      "sha256": "f010a4c9ba0a774b488d40b661361a142579be37a70174213d979c6d30a6d8e6",
      "bytes": 993
    },
    {
      "path": "egg_juicer/chunk_egg_juicer/cej_runner_stub.py",
      "sha256": "8d1acf8813b5601fe92d5772744afcec4d0a05c0e36989e117b6d48502f15294",
      "bytes": 1035
    },
    {
      "path": "egg_juicer/chunk_egg_juicer/passes/CEJ1.md",
      "sha256": "00acaef0ce66d022e71a3ae7ede2eec44f3465ceed5bafc272adee7bc106132d",
      "bytes": 392
    },
    {
      "path": "egg_juicer/chunk_egg_juicer/passes/CEJ2.md",
      "sha256": "bf4b660a28231d46bd0d22e0c49295e7717e4d7219c47b2a304ec930f64c2a07",
      "bytes": 328
    },
    {
      "path": "egg_juicer/chunk_egg_juicer/passes/CEJ3.md",
      "sha256": "397b15d63e961abb4a5f512d4ae23ecbcf4f0587dffa2283cf882d7139e7d47a",
      "bytes": 247
    },
    {
      "path": "egg_juicer/chunk_egg_juicer/passes/CEJ4.md",
      "sha256": "c2e91ddbe78c224a0cdb62e7847e373d7914ff2b6556b227afd4ee04cfae2bc0",
      "bytes": 256
    },
    {
      "path": "egg_juicer/chunk_egg_juicer/passes/CEJ5.md",
      "sha256": "d26a88298c9e2f4069140162a751c5ad3840c2c8737f60991fc991ba13a914c8",
      "bytes": 217
    },
    {
      "path": "egg_juicer/chunk_egg_juicer/passes/CEJ6.md",
      "sha256": "f61739690934d0607a72c3c81318d8b95d819c27eb2af4477fc71ec57e2a2211",
      "bytes": 204
    },
    {
      "path": "egg_juicer/chunk_egg_juicer/passes/CEJ7.md",
      "sha256": "5889ef87dd4eb48dc78bfe6cb8e4df0422acf17af9fbe5ed72a1ff5bff7ba118",
      "bytes": 232
    },
    {
      "path": "egg_juicer/chunk_egg_juicer/passes/CEJ8.md",
      "sha256": "f0ce536ef81936dd7934dcd1e9d950875279031296e5bc5561e3dfac795d0c90",
      "bytes": 212
    },
    {
      "path": "egg_juicer/chunk_egg_juicer/passes/CEJ9.md",
      "sha256": "55c6a35a6d2b646b94a9fc1fc6275ecb2672b573dfaab1cca43d6e1e44a36c2d",
      "bytes": 344
    },
    {
      "path": "egg_juicer/chunk_egg_juicer/templates/CEJ_report_TEMPLATE.md",
      "sha256": "17c2f0f1a1938a259d13ec5c724800116bc8a4a5a403bc566f864421aa8678ee",
      "bytes": 373
    },
    {
      "path": "egg_juicer/chunk_egg_juicer/autorun/CEJ_AUTORUN_POLICY_v1.json",
      "sha256": "8cfd4a38a9a4c552c2c9b6ab6710bed5db60e689274572b8cca4976b8fa06d71",
      "bytes": 4897
    },
    {
      "path": "egg_juicer/chunk_egg_juicer/autorun/cej_autorun.py",
      "sha256": "de707029c0fa1305a323d681b60e2b1dbd863a7509aa21ff30f9cc5f397ec9eb",
      "bytes": 10951
    },
    {
      "path": "egg_juicer/chunk_egg_juicer/autorun/CEJ_RUNBOOK.md",
      "sha256": "871161599323aefc7312d4ba581481bdb1c1b407d5b49d323860b86fba971d51",
      "bytes": 578
    },
    {
      "path": "governance/BOOT_CONTRACT_BC-1.0.md",
      "sha256": "2a57cbf7eff1143e925909b52feaebf8695487397eb3658b436867e474530125",
      "bytes": 1170
    },
    {
      "path": "governance/LEARNING_INTEGRATION_LID-1.0.md",
      "sha256": "f993ebae18e8430eafa5a3bbb9c163307c3147f8d09c242fe84539e22bec7f38",
      "bytes": 1155
    },
    {
      "path": "governance/LEARNING_TOOL_ON_DEMAND_LID-2.0.md",
      "sha256": "b9672df180417d92a18959627cc9a380c5f19e0c272f3b4b94a52d92f76eb2ab",
      "bytes": 2299
    },
    {
      "path": "governance/RCA_BOOT_RCA-BOOT-1.0.md",
      "sha256": "6c485974953ce7291d0e1a5b8ab6a236c52376a4b0bb66965a08c1edb174c57f",
      "bytes": 1138
    },
    {
      "path": "governance/P0_ZERO_LOCAL_EXECUTION_RULE.json",
      "sha256": "bd2426041cb383ce3453bee3ccb21c1dc0f45586212bce0ac218b5ca7029b37e",
      "bytes": 721
    },
    {
      "path": "governance/MB_EVIDENCE_HASH_SPEC_v1/MB_EVIDENCE_HASH_SPEC_v1.json",
      "sha256": "d8b64f6bc31cbe1f89b8c302b2a7c6d1bc6196b9ec291158f4af7388c7bbe52e",
      "bytes": 1577
    },
    {
      "path": "governance/MB_EVIDENCE_HASH_SPEC_v1/README.md",
      "sha256": "8bd8f71722efda7070dcb4823bedfbcc982d47b156439e02bce97cfcb58e0e1d",
      "bytes": 80
    },
    {
      "path": "governance/MB_INTEGRATION_CONTRACTS_v1/MB_INTEGRATION_CONTRACTS_v1.json",
      "sha256": "c8a99f278cd0beac891388a2428ecfe7ea372fd6817036d8709829751e1c717f",
      "bytes": 2617
    },
    {
      "path": "governance/MB_INTEGRATION_CONTRACTS_v1/README.md",
      "sha256": "a7abc936032103d4fb3ced38c82f60a9c0b1f4a378f3888c4f6e3003de6cd047",
      "bytes": 82
    },
    {
      "path": "governance/MB_LEARNING_POLICY_PROMOTION_CRITERIA_v1/MB_LEARNING_POLICY_PROMOTION_CRITERIA_v1.json",
      "sha256": "68dbb72f2ebd4461b151ffba8e270aad473903fd18c2c0517c83a1feedb04c14",
      "bytes": 2140
    },
    {
      "path": "governance/MB_LEARNING_POLICY_PROMOTION_CRITERIA_v1/README.md",
      "sha256": "179392fc2b4bf296fd9e37dc06a0b6fec48b90907ea44156c4cf39d1d0e28cd5",
      "bytes": 101
    },
    {
      "path": "governance/MB_SESSION_LIFECYCLE_SPEC_v1/MB_SESSION_LIFECYCLE_SPEC_v1.json",
      "sha256": "8722beb7da4a27223c798e9e2c70e6190d80cfaf04c263b90b9eeab30311c2ca",
      "bytes": 2044
    },
    {
      "path": "governance/MB_SESSION_LIFECYCLE_SPEC_v1/README.md",
      "sha256": "e2856b31f21713e1ea2a020316b91f7a446831fc1cc5ddfab094af0f7540e15e",
      "bytes": 94
    },
    {
      "path": "governance/export_gate/XEG-1.0.md",
      "sha256": "3fdb1e5a2d00863bd643e64427820678f32a45ece06b67060bcbda092c6f38fd",
      "bytes": 497
    },
    {
      "path": "governance/export_gate/xeg_gate.py",
      "sha256": "80f4138f09b33d3db6eadf45208c16c9189b0f9c39b71fcfce9cb97fed5a6aa2",
      "bytes": 1168
    },
    {
      "path": "integrations/AUTOFIX_EXECUTOR_v1/README.md",
      "sha256": "80c2f37ca56657839faf03e1da63c4ac471226627afe0a7940aaba77a0c49302",
      "bytes": 380
    },
    {
      "path": "integrations/AUTOFIX_EXECUTOR_v1/autofix_executor.py",
      "sha256": "25177642f155a147aca0d76323a3069724a9a93dcdcd5874787f41cf0d2dc553",
      "bytes": 1400
    },
    {
      "path": "integrations/ENVIRONMENT_COMPETENCE_MAP_v1/ENVIRONMENT_COMPETENCE_MAP_v1.json",
      "sha256": "456f88f4a0951389c996afc6c1f777405ce6b82c17f43e3b2b4a867cc700353e",
      "bytes": 1482
    },
    {
      "path": "integrations/ENVIRONMENT_COMPETENCE_MAP_v1/ENVIRONMENT_COMPETENCE_MAP_v1.md",
      "sha256": "b0e94ad579920d78dc1ab0adc7dc7eadeb46ac218edc6910e37645f049a44b00",
      "bytes": 82
    },
    {
      "path": "integrations/FAILURE_FACTOR_REGISTRY_v1/FAILURE_FACTOR_REGISTRY_v1.json",
      "sha256": "0644e04df1656c37c657f83e1567319cd819006d8f0984f22d639d028f2764d1",
      "bytes": 2879
    },
    {
      "path": "integrations/FAILURE_FACTOR_REGISTRY_v1/FAILURE_FACTOR_REGISTRY_v1.md",
      "sha256": "5813b3df10bf8123b10a7b0977b5b5c2d0b60550f83f6e8f765a722f46140f21",
      "bytes": 89
    },
    {
      "path": "integrations/SEMANTIC_SHADOW_EXECUTOR_v1/README.md",
      "sha256": "9f4637921eb28a918d3b0fda7f16f41d90101e13d10b1e571def5c693737a052",
      "bytes": 471
    },
    {
      "path": "integrations/SEMANTIC_SHADOW_EXECUTOR_v1/semantic_shadow_executor.py",
      "sha256": "46fdc8b3b1351546bbec1eb029338dca01a054c79d2c0f30c000954291a10399",
      "bytes": 2102
    },
    {
      "path": "integrations/SEMANTIC_SHADOW_EXECUTOR_v1/shadow_payload_schema.json",
      "sha256": "e2a9f05434c8baac8f81aaa7a0c0ec8840b58ab34651eadda5793817c4771a30",
      "bytes": 352
    },
    {
      "path": "integrations/TOOLCHAIN_TRUTH_AUTOFIX_RULESET_v1/TOOLCHAIN_TRUTH_AUTOFIX_RULESET_v1.json",
      "sha256": "ee4b458906062ed74abdab85498306096b4b6a119f867fd752573444d69e59fe",
      "bytes": 8736
    },
    {
      "path": "integrations/TOOLCHAIN_TRUTH_AUTOFIX_RULESET_v1/TOOLCHAIN_TRUTH_AUTOFIX_RULESET_v1.md",
      "sha256": "99bfc28c39223081557430bdf3f9642637e50b7c4de9218c443b462545802488",
      "bytes": 831
    },
    {
      "path": "integrations/TTG_TTAF_RUNNER_v1/README.md",
      "sha256": "0517b172aaf2c7e40e853b985f97f631276faef24f95d7aaaf5308573e838f54",
      "bytes": 436
    },
    {
      "path": "integrations/TTG_TTAF_RUNNER_v1/ttg_ttaf_runner.py",
      "sha256": "1f3d089649e5241f7e53be6f6905184ebbba265bc493bc8b87af51a095ca4163",
      "bytes": 1661
    },
    {
      "path": "metablooms_governance/CEJ1.md",
      "sha256": "a2c791baf8ea0b9e21648f6746fe418c2ba9b1ee03c4be4716f5df2b9e1b3054",
      "bytes": 63
    },
    {
      "path": "metablooms_governance/CEJ2.md",
      "sha256": "e6386b35a7cf9f5bc5dc9b3db9531fea73b2923c4fe11230351ef71260cd3dd2",
      "bytes": 121
    },
    {
      "path": "metablooms_governance/CEJ3.md",
      "sha256": "ebfff7497a6ab616449e2f0e269cf4bc307d70f0f07ebcf374836dafa2fe888e",
      "bytes": 86
    },
    {
      "path": "metablooms_governance/CEJ4.md",
      "sha256": "488628a30f9487a5c33bf5e89ccf54e13318bbe1b292d7646d80e5ffd51abd10",
      "bytes": 85
    },
    {
      "path": "metablooms_governance/CEJ5.md",
      "sha256": "0afa5cbc92592834992d61916d32d3f8999f5df0a022052e4c92e6c5531d6228",
      "bytes": 72
    },
    {
      "path": "metablooms_governance/CEJ6.md",
      "sha256": "42501f3cd4e675405d04ad44611a93f20e39ac99a3e2259481ba1ef01684f60a",
      "bytes": 74
    },
    {
      "path": "metablooms_governance/CEJ7.md",
      "sha256": "b7b427af53085fe68723460a48ecdb8fe8a20e473926ebcc5f223ab7bf9fe3b1",
      "bytes": 96
    },
    {
      "path": "metablooms_governance/CEJ8.md",
      "sha256": "f3391c877cc4a44e266432142e430fc38d07256c9f3e5b06f9be426b1acb826c",
      "bytes": 80
    },
    {
      "path": "metablooms_governance/CEJ9.md",
      "sha256": "0970cef2ed724a94d2cf66d0094339ee1c2eec377375a119918f0226b470441e",
      "bytes": 69
    },
    {
      "path": "metablooms_governance/CRP-1.1.md",
      "sha256": "85f48554326203290c71e7ca1296a7e4f6ab3a24e6bd298df3a20f12e4ba8be0",
      "bytes": 476
    },
    {
      "path": "metablooms_governance/CSP-1.1.md",
      "sha256": "22a53721ef347f80b872429e57e7226bedf5841c42f85824887ccabd46813dcb",
      "bytes": 351
    },
    {
      "path": "metablooms_governance/Enabled_Systems.md",
      "sha256": "f9820a54c86a93e911d88c6980ba5601bce79cabb4213eed6865a879599d4665",
      "bytes": 387
    },
    {
      "path": "metablooms_governance/MEEP-1.0.md",
      "sha256": "d66e2da8a624ea509a1fe182c1017562c914b56dad39a11593689db1226e2c8f",
      "bytes": 419
    },
    {
      "path": "metablooms_governance/MIHP-1.0.md",
      "sha256": "6e97ad2622b88796267d828fec00ef6754fedddaf1d32c4d207a0a77d297871e",
      "bytes": 736
    },
    {
      "path": "metablooms_governance/Merged_Manifest.json",
      "sha256": "ffcff35189591202f9d33a0c94ef8733c4d7b4d4e3b100fb07b5a7818924bfba",
      "bytes": 489
    },
    {
      "path": "metablooms_governance/MMT-CHATLEDGER-P0.md",
      "sha256": "a5e21c11729189882a93e54f96d57ad27f68241f40769fb11f77a8e85ccbdef8",
      "bytes": 489
    },
    {
      "path": "sops/EggJuicer_SOP.md",
      "sha256": "67d474cc4f42d5a49ebc6fc446fbffa40f2b5e0f55542be7eecccc0f560b1839",
      "bytes": 738
    },
    {
      "path": "sops/ArticleSOP/SOP-01_ArticleSOP.md",
      "sha256": "0d79e313178c358b5c22f7d9bf41bf8a7fc4fdf97964b6e80a5927a9adafe781",
      "bytes": 21
    },
    {
      "path": "sops/EggJuicer/SOP-02_EggJuicer.md",
      "sha256": "f229b2956e8463fa20b3be8c964023fbf19fefee1dd43fcc06b5d3e3cc19f957",
      "bytes": 23
    },
    {
      "path": "sops/ToolOnDemand/SOP-03_ToolSmithing.md",
      "sha256": "4a72296263ad037703ce45e90c81c1a3632d260641b9941c0a6bff895cfbdb50",
      "bytes": 1248
    },
    {
      "path": "tools/export_assembler.py",
      "sha256": "cfadbd42f91a6f9574ade8b49899d22b384654dca3f6f828ae77d437f92bd0fd",
      "bytes": 863
    },
    {
      "path": "tools/toolsmith.py",
      "sha256": "98988447e9b13830e3e42e4b28d091c8e8c1558dc853e02b842415079a7f49c1",
      "bytes": 3409
    },
    {
      "path": "tools/validate_metablooms_export.py",
      "sha256": "4d9aee1762f07ed74bf72b334018e7933231b4684121f73fba1e921577122d3a",
      "bytes": 2701
    },
    {
      "path": "tools/rcr/metablooms_export_gate.py",
      "sha256": "35c32f7201ea176c137af06fb9bbcc481b4b8a4b5a3b28555aafe54e5c3f6a1f",
      "bytes": 4992
    },
    {
      "path": "tools/rcr/README.md",
      "sha256": "13b9f9bff863e1ca1fda521ea874027ddd24415e18a392fe0e485e48bf3d30f7",
      "bytes": 1018
    },
    {
      "path": "tools/rcr/metablooms_rcr.py",
      "sha256": "d2b2c96d39250df33150b19916f61b5cdc355f52b76944a0e0deff40d68b6e27",
      "bytes": 10684
    },
    {
      "path": "tools/rcr/metablooms_ship.py",
      "sha256": "025e511c0f61f2382080c6b3660e552b25d9266265f6596de59212618db0b67a",
      "bytes": 2106
    },
    {
      "path": "tools/rcr/__pycache__/metablooms_ship.cpython-311.pyc",
      "sha256": "8602f192b1d9ee68081a6d5dea6758dc92331139b962da16421b63eb7172ecd4",
      "bytes": 4044
    },
    {
      "path": "metablooms/__init__.py",
      "sha256": "e8cd967b10650125c6fecb5671895d1c00b5197c284fb52423e758b2e7874be9",
      "bytes": 21
    },
    {
      "path": "metablooms/HEALTH.json",
      "sha256": "560c4e25439c5a15cb3a01f11e399b04875662d838b2ac097d9b83c4c4836ef4",
      "bytes": 2530
    },
    {
      "path": "metablooms/STATUS.md",
      "sha256": "9081fdac9de81f4b6fbf7889a052e5e4c02b390e285ab7c38274d489ccd6ae83",
      "bytes": 812
    },
    {
      "path": "metablooms/WHAT_CHANGED_TODAY.md",
      "sha256": "17ad49708d8a2558ecf4223927433cbe9ed9ddd177fea1f2fc51a717a7058e9f",
      "bytes": 549
    },
    {
      "path": "metablooms/ACTIVE_STATE.md",
      "sha256": "be7059815d80ff6593cc1c9ac6e967a00247140777e4655a1ce7a2f975a84dd5",
      "bytes": 486
    },
    {
      "path": "metablooms/deltas/deltapack_v1_schema.json",
      "sha256": "e75990f45c0c594baafabcd073ec25daf40ba6fd4921fcef4ec326f7e4807ffd",
      "bytes": 581
    },
    {
      "path": "metablooms/deltas/write_deltapack_v1.py",
      "sha256": "eba363e2c310d9e5d568d6cf378d0a6d215f35e494b70c8f1f419107bedb6a14",
      "bytes": 1179
    },
    {
      "path": "metablooms/deltas/__init__.py",
      "sha256": "527c668d5ae4f9e34e46c8ad88ce3c5b4a41eb27ec684ace6a4f11621fc42edf",
      "bytes": 10
    },
    {
      "path": "metablooms/deltas/delta_20251230T013332Z.json",
      "sha256": "46f597123fe9e76025631afcaf8f21de23915a3edcb8cc3e83e4e2bae1dc8d39",
      "bytes": 1596
    },
    {
      "path": "metablooms/deltas/delta_20251230T015200Z_governance_evidence_observability.json",
      "sha256": "d7c3b42be27dbb3a6d1b38b02489d7314055660cb806c2cf489aa4df1308a3cd",
      "bytes": 1404
    },
    {
      "path": "metablooms/deltas/__pycache__/write_deltapack_v1.cpython-311.pyc",
      "sha256": "cac7c95490f14562dd6f6ad18098b1ee439fc85d6f1b365fa84f03f7bc12ac15",
      "bytes": 2548
    },
    {
      "path": "metablooms/validators/validate_deltapack_v1.py",
      "sha256": "9d2dc64c42d5d26352ebbfcb7bae1cb20031ee769d5ffd5c3ca7375b3233413a",
      "bytes": 1684
    },
    {
      "path": "metablooms/validators/activation_gate_v1.py",
      "sha256": "20616786ca34ec3b3122b5abae968bf7fe9d865c005cf84be2651405c554514f",
      "bytes": 826
    },
    {
      "path": "metablooms/validators/__init__.py",
      "sha256": "527c668d5ae4f9e34e46c8ad88ce3c5b4a41eb27ec684ace6a4f11621fc42edf",
      "bytes": 10
    },
    {
      "path": "metablooms/tools/__init__.py",
      "sha256": "527c668d5ae4f9e34e46c8ad88ce3c5b4a41eb27ec684ace6a4f11621fc42edf",
      "bytes": 10
    },
    {
      "path": "metablooms/tools/revoke_delta_v1.py",
      "sha256": "84725c536948c7fe321aab22825831333c8543da4244376c9a294906fc412c32",
      "bytes": 451
    },
    {
      "path": "metablooms/tools/write_dashboard_v1.py",
      "sha256": "fed993a75e6a545b90f742afad0ae1e489c9f0906412abb428d00d2a996be427",
      "bytes": 1719
    },
    {
      "path": "metablooms/tools/diff_to_deltapack_v1.py",
      "sha256": "d1e051bb47548ca684182cdbe5961d50b805b7a8e0b8877dcfc024762f4cc0b2",
      "bytes": 2138
    },
    {
      "path": "metablooms/tools/mb_score_siege_v1.py",
      "sha256": "035f9a2733ae4c7d95a03c408d88016b45e9879e01a9d9c8ebbd153f2f1f0a8a",
      "bytes": 1888
    },
    {
      "path": "metablooms/tools/__pycache__/revoke_delta_v1.cpython-311.pyc",
      "sha256": "416789faf12340360179eaf7eb91d2c58dabf9ac9941ebfd59ab419c82c4074a",
      "bytes": 2493
    },
    {
      "path": "metablooms/ledgers/.keep",
      "sha256": "e3b0c44298fc1c149afbf4c8996fb92427ae41e4649b934ca495991b7852b855",
      "bytes": 0
    },
    {
      "path": "metablooms/ledgers/LAST_KNOWN_GOOD.json",
      "sha256": "d92bde904247582904b55bb536c6f4a4e4a5eb4514a8b5b1733a5e70b825b197",
      "bytes": 192
    },
    {
      "path": "metablooms/ledgers/metablooms_os_ledger.jsonl",
      "sha256": "5f4c8f1b23bb7612ba0ace4521df444e86aca4abe5fd5d4ed12ae895d12c852f",
      "bytes": 409
    },
    {
      "path": "metablooms/ledgers/invariant_ledger.jsonl",
      "sha256": "484acc63e66d8a24a0929cc557888b352286b485a422d875ed7dea2d6687efb4",
      "bytes": 288
    },
    {
      "path": "metablooms/transcripts/.keep",
      "sha256": "e3b0c44298fc1c149afbf4c8996fb92427ae41e4649b934ca495991b7852b855",
      "bytes": 0
    },
    {
      "path": "metablooms/reports/.keep",
      "sha256": "e3b0c44298fc1c149afbf4c8996fb92427ae41e4649b934ca495991b7852b855",
      "bytes": 0
    },
    {
      "path": "metablooms/governance/SENTINEL_MODE_DOCTRINE_v1.md",
      "sha256": "d3d95fc8b0d8a6ff989d1feac4b3be09a564fb88e4ecd95c4afbce465be082bd",
      "bytes": 943
    },
    {
      "path": "metablooms/governance/SIEGE_SCORECARD_v1.md",
      "sha256": "9d8a4ac5e497a6efbc84984c475d10768f7414f21c638868936130277633f1cd",
      "bytes": 904
    },
    {
      "path": "metablooms/gates/MB_SIEGE_GATES_v1.json",
      "sha256": "16003c5f30eeeda3d54d8b4ad200f22d122bd598c2adcd2bb8e9d80ae9de497a",
      "bytes": 1167
    },
    {
      "path": "metablooms/observability/__init__.py",
      "sha256": "d385ecd1e9ca887d5654ac0da68a7a3c49cd50218d16256f83f16d986d29400c",
      "bytes": 516
    },
    {
      "path": "metablooms/observability/generators/generate_health.py",
      "sha256": "32fb23b23e41645b0801f57da0325aa53b73a613c960ca226a3b71006b9d044b",
      "bytes": 8194
    },
    {
      "path": "metablooms/observability/generators/generate_status.py",
      "sha256": "436140a1c635bf6bad2fc2dc44e940b2b3748bd0a303fcbb6a8af609c4eff763",
      "bytes": 2031
    },
    {
      "path": "metablooms/observability/generators/generate_changes_today.py",
      "sha256": "0210d5999529a688c1eca0d93724c436338ff76320d40fbff495cb09fc3b4b42",
      "bytes": 3128
    },
    {
      "path": "metablooms/observability/generators/generate_active_state.py",
      "sha256": "60d930b14a33bf4e47d14c2a0216971ea5aa287eb0c8c91b97a727da81eb6787",
      "bytes": 3205
    },
    {
      "path": "metablooms/observability/generators/generate_all.py",
      "sha256": "1c998a031a8db4e7e8d4068b6f7c1a8a2377d28ac450b430e291ce6997d230f6",
      "bytes": 933
    },
    {
      "path": "metablooms/observability/generators/__pycache__/generate_changes_today.cpython-311.pyc",
      "sha256": "e77326b694388ac63585eb6e6f891e0b65212b675bd7727cf61e98bde57f073f",
      "bytes": 7094
    },
    {
      "path": "metablooms/observability/generators/__pycache__/generate_all.cpython-311.pyc",
      "sha256": "d10eee710a23192fe142f51645089eb0b4defa78114818e63968648d74ca68b4",
      "bytes": 1244
    },
    {
      "path": "metablooms/observability/generators/__pycache__/generate_status.cpython-311.pyc",
      "sha256": "b2f2cedcb61f48ca125025250914dc851094bb81afbe07d3efa39587461109aa",
      "bytes": 4455
    },
    {
      "path": "metablooms/observability/generators/__pycache__/generate_active_state.cpython-311.pyc",
      "sha256": "52d26f9722fad91a118a350c7feb99bc5c49b12d32b769effc1b8c8d588225f1",
      "bytes": 6905
    },
    {
      "path": "metablooms/observability/generators/__pycache__/generate_health.cpython-311.pyc",
      "sha256": "d816579f080def44de0c81e6ee968e6a64791e97ca1f906bf327b229b3bbb384",
      "bytes": 12215
    },
    {
      "path": "metablooms/observability/validators/validate_observability.py",
      "sha256": "487d71900ce3c7a2c07880ec3f3b538b60a2392a8254656fd59ea79bec77f9de",
      "bytes": 2275
    },
    {
      "path": "metablooms/observability/validators/__pycache__/validate_observability.cpython-311.pyc",
      "sha256": "086a1d6f11c7a8693ecf3ac52aa77a4701707d7d9b25995d67a45a4a17cd7b77",
      "bytes": 3895
    },
    {
      "path": "metablooms/observability/templates/STATUS.md.template",
      "sha256": "dbd34dc4e11c0f59a1bda49b341fadd7c0b2996639a6ff01372b74c236ad90c3",
      "bytes": 468
    },
    {
      "path": "metablooms/observability/templates/WHAT_CHANGED_TODAY.md.template",
      "sha256": "5be8edd578889875cece9ab535e3e0713de8084674695ffe14eeb192bea847ae",
      "bytes": 75
    },
    {
      "path": "metablooms/observability/templates/ACTIVE_STATE.md.template",
      "sha256": "68e33ae3f10d44f087c6c701dc019621f96e9360fd06ce483a6c0063af903eaf",
      "bytes": 254
    },
    {
      "path": "metablooms/observability/tests/test_observability_minimal.py",
      "sha256": "ee360920133b45e991ae91fe9c606297152d03d3e389811adc2c2e7caaba0aa4",
      "bytes": 133
    },
    {
      "path": "metablooms/observability/__pycache__/__init__.cpython-311.pyc",
      "sha256": "c5ddefc976849ad2d4abc826e4537acc4712b755f65cb4d32a20b83b8debde4b",
      "bytes": 772
    },
    {
      "path": "metablooms/evidence/OS_BatchPack_0001.mips.json",
      "sha256": "b48d56ff54a3476040c6e2d3ed770c0ce06499113ebf4fd8692a34d7493ef271",
      "bytes": 467863
    },
    {
      "path": "metablooms/invariants/invariant_governance_cert_visibility_v1.json",
      "sha256": "f43de2a1576a83f5cbe55d2532c3d4d002b29c369089919fc47ad07e0260bcec",
      "bytes": 518
    },
    {
      "path": "metablooms/invariants/ACTIVE_INVARIANTS.json",
      "sha256": "dc816eafc20a8c6fda21a79ef04a9d795ac3f7ac9044d53b98805c757d2e26db",
      "bytes": 47
    },
    {
      "path": "metablooms/__pycache__/__init__.cpython-311.pyc",
      "sha256": "d57062d26135ebce728edfa1f80f3f85653237329dd264544dcd16fde6723278",
      "bytes": 155
    },
    {
      "path": "learning/CLE_WIRING.json",
      "sha256": "06b50291cb565ab5cb63be286e8b5ca283a6f67b030249822a0e0f4bffdc58af",
      "bytes": 340
    },
    {
      "path": "learning/nanoblooms/registry.json",
      "sha256": "b221059385e8c8566e5e7d77eacb43792a0d5cc988c09470378c119acd16fd91",
      "bytes": 560
    },
    {
      "path": "learning/microblooms/registry.json",
      "sha256": "bdabf3ce15b98b5a603453d085d8134f9d0bad6dde8df399b6a55ae14aa1b4ba",
      "bytes": 394
    },
    {
      "path": "learning/macroblooms/registry.json",
      "sha256": "0f8ed4d1d57fa98052867f1592ae1c3c4f5b07306cc8cb48c8fcecb64c237f33",
      "bytes": 215
    }
  ]
}