{
  "ledger_type": "environment_failure",
  "version": "1.0",
  "entries": [
    {
      "timestamp": "ISO-8601",
      "environment": "termux | powershell | android | windows | sandbox",
      "failure_signature": "string",
      "observed_behavior": "string",
      "root_cause": "string",
      "violated_invariant": "E-P0-1 | E-P0-2 | E-P0-3 | E-P0-4 | E-P0-5",
      "reproducible": true,
      "user_action_required": false,
      "safe_mitigation": "design-time only",
      "mutation_allowed": false,
      "confidence": "low | medium | high",
      "notes": "optional"
    }
  ]
}