{
  "ledger_type": "environment_failure",
  "version": "1.0",
  "entries": [
    {
      "timestamp": "2025-12-29T00:00:00Z",
      "environment": "termux",
      "failure_signature": "File not found after UI download / expected path mismatch",
      "observed_behavior": "UI reported download or availability, file was missing at assumed path",
      "root_cause": "Android scoped storage + incorrect path assumption (e.g., ~/downloads vs /storage/emulated/0/Download)",
      "violated_invariant": "E-P0-2",
      "reproducible": true,
      "user_action_required": false,
      "safe_mitigation": "Default to sandbox writes; when describing Termux, reference /storage/emulated/0/Download explicitly and avoid requiring execution.",
      "mutation_allowed": false,
      "confidence": "high"
    },
    {
      "timestamp": "2025-12-29T00:00:00Z",
      "environment": "powershell",
      "failure_signature": "ExecutionPolicy / script execution blocked",
      "observed_behavior": "User could not run a provided script/command due to policy or environment limits",
      "root_cause": "Assumed local execution + Windows PowerShell policy constraints",
      "violated_invariant": "E-P0-1",
      "reproducible": true,
      "user_action_required": false,
      "safe_mitigation": "Do all execution in sandbox; if guidance is required, make it optional and provide non-execution alternatives.",
      "mutation_allowed": false,
      "confidence": "high"
    },
    {
      "timestamp": "2025-12-30T00:00:00Z",
      "environment": "sandbox",
      "failure_signature": "Download link expired / user-facing download failed",
      "observed_behavior": "User reported expired links or failed downloads even though artifact creation occurred",
      "root_cause": "UI lifecycle mismatch; insufficient immediate verification + re-issuance of artifacts",
      "violated_invariant": "E-P0-3",
      "reproducible": true,
      "user_action_required": false,
      "safe_mitigation": "Verify file exists and hash it; re-emit fresh downloadable artifact when needed.",
      "mutation_allowed": false,
      "confidence": "high"
    }
  ]
}