{
  "capsules": [
    {
      "capsule_id": "26415dec3f885ae6",
      "created_utc": "2026-01-05T14:54:30.465016+00:00",
      "scope": "boot",
      "title": "MetaBlooms Boot",
      "path": "/mnt/data/mb_os_work/metablooms/cache/context_capsules/26415dec3f885ae6.json"
    },
    {
      "capsule_id": "9b2bedf6546bdf80",
      "created_utc": "2026-01-05T20:23:51.201128+00:00",
      "scope": "boot",
      "title": "MetaBlooms Boot",
      "path": "/mnt/data/mbos_extract/inner/metablooms/cache/context_capsules/9b2bedf6546bdf80.json"
    },
    {
      "capsule_id": "cf0e2218320d0fa2",
      "created_utc": "2026-01-05T20:29:40.853373+00:00",
      "scope": "boot",
      "title": "MetaBlooms Boot",
      "path": "/mnt/data/mbos_build/metablooms/cache/context_capsules/cf0e2218320d0fa2.json"
    },
    {
      "capsule_id": "cbce00b25129d7b7",
      "created_utc": "2026-01-06T23:19:07.404814+00:00",
      "scope": "boot",
      "title": "MetaBlooms Boot",
      "path": "/mnt/data/metablooms_project_extracted/metablooms/cache/context_capsules/cbce00b25129d7b7.json"
    }
  ]
}