[
  {
    "artifact_path": "kernel/telemetry/htdl/heuristic_intent.schema.json",
    "sha256": "28b97c65126aefebfe74f017305c09302b1fa4d6ff88e2cb9cf86541e6b8f6ee",
    "timestamp": "2025-12-31T15:02:34.334996Z"
  },
  {
    "artifact_path": "kernel/telemetry/htdl/verified_reality.schema.json",
    "sha256": "b1fb51c572d1d2e855fd40f2d5f53fc491a459aa7223b77b533db8032a93327d",
    "timestamp": "2025-12-31T15:02:34.334996Z"
  },
  {
    "artifact_path": "kernel/telemetry/htdl/divergence.schema.json",
    "sha256": "21bb3b8ddd83736ce26109a260423fad7dd42f06d89bc552f62ffabbf7046bf6",
    "timestamp": "2025-12-31T15:02:34.334996Z"
  },
  {
    "artifact_path": "kernel/telemetry/htdl/htdl.ndjson",
    "sha256": "9bbdf4153a031e7c83fac5b2f1c885783f41ad09d1b42072e335707ca471a950",
    "timestamp": "2025-12-31T15:02:34.334996Z"
  },
  {
    "artifact_path": "kernel/telemetry/htdl/evidence_log.json",
    "sha256": "c74b9d16de5db61a4ae9e1ea8dfc9ca508f773d944ef4278197c07c6c55bd967",
    "timestamp": "2025-12-31T15:02:34.334996Z"
  },
  {
    "artifact_path": "kernel/telemetry/htdl/evidence_log_v1_1.json",
    "sha256": "d18396ea5fe211623360aa377a1c7b5cd3af43700c7502331e6a1831226d0f75",
    "timestamp": "2025-12-31T15:02:34.334996Z"
  },
  {
    "artifact_path": "kernel/router/htdl_router_policy.json",
    "sha256": "fd427c58e55325798e0ec22c280af2769ec7cb351ce70e6dea638a922e2a1a2e",
    "timestamp": "2025-12-31T15:02:34.334996Z"
  },
  {
    "artifact_path": "kernel/router/router_feedback_loop.py",
    "sha256": "a842cb79a8a2dc361023d43467b1f20566912694522e7e98576b9677c8e5d5e2",
    "timestamp": "2025-12-31T15:02:34.334996Z"
  },
  {
    "artifact_path": "modules/pilot_promotion/README.md",
    "sha256": "0c1729ff6809c233a074a90770e57123a7472b2bba3d2615bb65fd2df95303f1",
    "timestamp": "2025-12-31T15:02:34.334996Z"
  },
  {
    "artifact_path": "modules/pilot_promotion/pilot_run.py",
    "sha256": "71c96cef3d4f08c210a99f865674294067bd3b50055294224a7d53a2e7ee1dd9",
    "timestamp": "2025-12-31T15:02:34.334996Z"
  },
  {
    "artifact_path": "modules/pilot_promotion/promotion_apply.py",
    "sha256": "ef7c6446e85be242be0339234d49688356b2d809b85c8b4df863d8ae3ee46ab2",
    "timestamp": "2025-12-31T15:02:34.334996Z"
  },
  {
    "artifact_path": "modules/pilot_promotion/pilot_ledger.ndjson",
    "sha256": "e3b0c44298fc1c149afbf4c8996fb92427ae41e4649b934ca495991b7852b855",
    "timestamp": "2025-12-31T15:02:34.334996Z"
  },
  {
    "artifact_path": "modules/pilot_promotion/policies/pilot_policy.json",
    "sha256": "b10390435eb1733e2fe13f9f9c71d287449288cb91f99c1cd440264d4177bc62",
    "timestamp": "2025-12-31T15:02:34.334996Z"
  },
  {
    "artifact_path": "modules/pilot_promotion/policies/promotion_policy.json",
    "sha256": "829a86dc94a50c16eb632839f452d06c1dce06fe9d16b5c1b8adb4de5c85dcf0",
    "timestamp": "2025-12-31T15:02:34.334996Z"
  },
  {
    "artifact_path": "modules/replay/decision_replay_engine/README.md",
    "sha256": "d634dff2a3cdf45f20aa9d9340ed76bbb46a9866ad413405430c5a3de4d43546",
    "timestamp": "2025-12-31T15:02:34.334996Z"
  },
  {
    "artifact_path": "modules/replay/decision_replay_engine/replay_v1.py",
    "sha256": "f5cbe34fbfb98bae9757c08b358d8dd8bcdd46c90a61f25d159172c2dda14bef",
    "timestamp": "2025-12-31T15:02:34.334996Z"
  },
  {
    "artifact_path": "docs/enterprise_features_catalog.md",
    "sha256": "14ccbf4c5bd556fe19040261060c7c098dd30df67793a9d000c07cf5f9fe5946",
    "timestamp": "2025-12-31T15:02:34.334996Z"
  }
]