[
  {
    "artifact_path": "kernel/telemetry/htdl/heuristic_intent.schema.json",
    "sha256": "28b97c65126aefebfe74f017305c09302b1fa4d6ff88e2cb9cf86541e6b8f6ee",
    "timestamp": "2025-12-31T14:52:36.726838Z"
  },
  {
    "artifact_path": "kernel/telemetry/htdl/verified_reality.schema.json",
    "sha256": "b1fb51c572d1d2e855fd40f2d5f53fc491a459aa7223b77b533db8032a93327d",
    "timestamp": "2025-12-31T14:52:36.726838Z"
  },
  {
    "artifact_path": "kernel/telemetry/htdl/divergence.schema.json",
    "sha256": "21bb3b8ddd83736ce26109a260423fad7dd42f06d89bc552f62ffabbf7046bf6",
    "timestamp": "2025-12-31T14:52:36.726838Z"
  },
  {
    "artifact_path": "kernel/telemetry/htdl/htdl.ndjson",
    "sha256": "9bbdf4153a031e7c83fac5b2f1c885783f41ad09d1b42072e335707ca471a950",
    "timestamp": "2025-12-31T14:52:36.726838Z"
  },
  {
    "artifact_path": "kernel/telemetry/htdl/evidence_log.json",
    "sha256": "c74b9d16de5db61a4ae9e1ea8dfc9ca508f773d944ef4278197c07c6c55bd967",
    "timestamp": "2025-12-31T14:52:36.726838Z"
  },
  {
    "artifact_path": "kernel/router/htdl_router_policy.json",
    "sha256": "fd427c58e55325798e0ec22c280af2769ec7cb351ce70e6dea638a922e2a1a2e",
    "timestamp": "2025-12-31T14:52:36.726838Z"
  }
]