[
  {
    "artifact_path": "kernel/telemetry/htdl/heuristic_intent.schema.json",
    "sha256": "f09fe5835cf0a5753b4469bd73ac62cf50ae4115a98cb8d9d907a016e3cb71c6",
    "timestamp": "2025-12-31T14:45:01.373604Z"
  },
  {
    "artifact_path": "kernel/telemetry/htdl/verified_reality.schema.json",
    "sha256": "26e240619c0c2971c2ba750c892d92207890bf9c729dab98d802ad0db5254159",
    "timestamp": "2025-12-31T14:45:01.373604Z"
  },
  {
    "artifact_path": "kernel/telemetry/htdl/divergence.schema.json",
    "sha256": "8f4fd091066e6791b6067be03d1be56f6f1823bf89e9a1dd9f12f102b235a924",
    "timestamp": "2025-12-31T14:45:01.373604Z"
  },
  {
    "artifact_path": "kernel/telemetry/htdl/htdl.ndjson",
    "sha256": "5520c65d4662086da42bdb3fbacedd03e18801116c363d7d9cc67837636ffea2",
    "timestamp": "2025-12-31T14:45:01.373604Z"
  }
]