{
  "export_authority": "MetaBlooms",
  "export_standard": "MEEP-1.0",
  "date": "2025-12-29T13:13:18.797600+00:00",
  "base_source": "MetaBlooms_OS_FULL_STABLEBOOT_SB-5_EXPORT_GATED.zip",
  "counts": {
    "files": 94
  },
  "inventory": [
    {
      "path": "BOOT.md",
      "sha256": "bac35ea7d52514700e52666b4e183d25818143063b099d3c421c79728eb365ad"
    },
    {
      "path": "BOOT_METABLOOMS.py",
      "sha256": "3b16ec28bc2fb8cefbb5431c41509372ae0a92bc4141a82b05dc40218c3914ba"
    },
    {
      "path": "ENTRYPOINT.md",
      "sha256": "bc18c7d82f37aa6fca4102b77e6c1c19c89291dd5213c71c2785a44db8d52b88"
    },
    {
      "path": "MEEP_Manifest.json",
      "sha256": "9a781d9ad3e4a6440c1f873a017509dfcf42bb146323245da593f1251082c088"
    },
    {
      "path": "README_BOOT_RULES.md",
      "sha256": "6e3a2338c32ac242f6f3b4cbbb732c48613b8205017ab0df9cb168f47af21beb"
    },
    {
      "path": "RUN_METABLOOMS.py",
      "sha256": "6788a5d25a3a72809f369ad7f3f28110cce48cb4d15c4f193904d2a45345dcf5"
    },
    {
      "path": "baselines/EAT-2025-12-28-0002.json",
      "sha256": "6c10b866e6baca18abb2b3c0e11b68f65785e296920d355c5eda9ab9da848560"
    },
    {
      "path": "baselines/EAT-2025-12-28-0003.json",
      "sha256": "bb493b498114e2202c6d9dbde12a20139488e280b82be72c9e4f1b2b2c9848c6"
    },
    {
      "path": "baselines/EAT-2025-12-28-0004.json",
      "sha256": "13e5986b9db583e32d92be4770e0fdab715cc1fef24ea0e670319cca98fd525a"
    },
    {
      "path": "baselines/EAT-2025-12-28-0005.json",
      "sha256": "3c45d27753e2246d532dddb481fd9351eff84103e8e46e45bf4e6cbd635e0194"
    },
    {
      "path": "ble/BLE_EXTENSION_TOOL_ON_DEMAND_v1.json",
      "sha256": "963ce05271920006cf80c9dcbd96ac370c29553d728a288ceca104e6f28a158f"
    },
    {
      "path": "ble/BLE_EXTENSION_TOOL_ON_DEMAND_v1.md",
      "sha256": "e90642a989a4a832d16c060fc36134e3059f16d66074b3c324a4b9aa94b558bf"
    },
    {
      "path": "ble/BLE_RULESET_v1.json",
      "sha256": "d6456e1c265b754f23ea36edf3bec32156909e27a54cf8475829d324f4804a9d"
    },
    {
      "path": "ble/BLE_RULESET_v1.md",
      "sha256": "2a921329b3fc063f34465c9b262e67590a4a0ff79ec9d376937bce42052f8208"
    },
    {
      "path": "ble/INTEGRATION_NOTE.md",
      "sha256": "b1bbb60e213d03cfd9a1494d20e81d22262803000933bae7af979cc5005c6fbc"
    },
    {
      "path": "boot_contract.json",
      "sha256": "b7a5c62902c7ebd3f084af1703bc8d16fc732d0a3b1c89fb575d979a94d2a5b2"
    },
    {
      "path": "boot_manifest.json",
      "sha256": "5d0be324365107cd463b02ff252a48ecf2baff4c49a1a929acd08fe944df2cf9"
    },
    {
      "path": "control_plane/BOOT_STATE.json",
      "sha256": "4e2dee9ef0dc5084db4dfb73684a8163569ef5a66504269b3cc3bf3ad07ae9d2"
    },
    {
      "path": "control_plane/EngineActivationTrace.schema.json",
      "sha256": "ce787821969563bf396e8d4080a61d171a2b7f2a985e4aaf8e10f300ffa42c89"
    },
    {
      "path": "control_plane/MB_BASELINE_LOCK_AND_LEARNING_FREEZE_v1.json",
      "sha256": "a26e3c22e209baca88966bd04c515beb7ba8636302098d6cdb35bd73b5ae785d"
    },
    {
      "path": "control_plane/MB_CAPABILITY_MANIFEST_v1_1.json",
      "sha256": "d6f002190e25018d078965a58cbd4a5f1057479ec11a1baf7082be20fd11fcd7"
    },
    {
      "path": "control_plane/MB_GATE_REGISTRY_MANIFEST_v1.json",
      "sha256": "d6f002190e25018d078965a58cbd4a5f1057479ec11a1baf7082be20fd11fcd7"
    },
    {
      "path": "control_plane/MB_OPERATIONAL_INDEX_MANIFEST_v1.json",
      "sha256": "d6f002190e25018d078965a58cbd4a5f1057479ec11a1baf7082be20fd11fcd7"
    },
    {
      "path": "control_plane/MB_REASONING_ENGINE_INTERFACE_SPEC_v1.json",
      "sha256": "d6f002190e25018d078965a58cbd4a5f1057479ec11a1baf7082be20fd11fcd7"
    },
    {
      "path": "control_plane/MB_SOP_INDEX_MANIFEST_v1.json",
      "sha256": "d6f002190e25018d078965a58cbd4a5f1057479ec11a1baf7082be20fd11fcd7"
    },
    {
      "path": "control_plane/TraceDiff.rules.v1.json",
      "sha256": "0d596aeeb3271fee642738be9467fb28eacdfed49fb3f5360efa43792b23aa2a"
    },
    {
      "path": "control_plane/TraceDiff.schema.json",
      "sha256": "e6c93b101f5803eaab91b12341b904511af299a09b192da3419bdf38b5244016"
    },
    {
      "path": "docs/DIFF_2025-12-28_stableboot_merge.md",
      "sha256": "dc0475c9f3ab4f5339f1c076b3964c93f7affe760d08ad1603939f886d9c252c"
    },
    {
      "path": "docs/DIFF_2025-12-29_tool_on_demand_learning.md",
      "sha256": "3c69efad94985f8bd9a7809390367d15c5830dcfba4694f470dd32841b472f8e"
    },
    {
      "path": "egg_juicer/EJ_CORE_CONTRACT.md",
      "sha256": "37cdfba6bdd0c6c605691fc429aac1bd281c25c6c3bc693592c9c806056c1cf8"
    },
    {
      "path": "egg_juicer/README.md",
      "sha256": "687c2669dc74c1406ba3365264b524a0b6b435dda69982dabd666549e1fd1a5c"
    },
    {
      "path": "egg_juicer/chunk_egg_juicer/CEJ_CONTRACT.md",
      "sha256": "99667f3b815f0df4d4e2e5798b1899ffaf63da25a9c6159be2618de8f6ecc3ec"
    },
    {
      "path": "egg_juicer/chunk_egg_juicer/README.md",
      "sha256": "f010a4c9ba0a774b488d40b661361a142579be37a70174213d979c6d30a6d8e6"
    },
    {
      "path": "egg_juicer/chunk_egg_juicer/cej_runner_stub.py",
      "sha256": "8d1acf8813b5601fe92d5772744afcec4d0a05c0e36989e117b6d48502f15294"
    },
    {
      "path": "egg_juicer/chunk_egg_juicer/passes/CEJ1.md",
      "sha256": "00acaef0ce66d022e71a3ae7ede2eec44f3465ceed5bafc272adee7bc106132d"
    },
    {
      "path": "egg_juicer/chunk_egg_juicer/passes/CEJ2.md",
      "sha256": "bf4b660a28231d46bd0d22e0c49295e7717e4d7219c47b2a304ec930f64c2a07"
    },
    {
      "path": "egg_juicer/chunk_egg_juicer/passes/CEJ3.md",
      "sha256": "397b15d63e961abb4a5f512d4ae23ecbcf4f0587dffa2283cf882d7139e7d47a"
    },
    {
      "path": "egg_juicer/chunk_egg_juicer/passes/CEJ4.md",
      "sha256": "c2e91ddbe78c224a0cdb62e7847e373d7914ff2b6556b227afd4ee04cfae2bc0"
    },
    {
      "path": "egg_juicer/chunk_egg_juicer/passes/CEJ5.md",
      "sha256": "d26a88298c9e2f4069140162a751c5ad3840c2c8737f60991fc991ba13a914c8"
    },
    {
      "path": "egg_juicer/chunk_egg_juicer/passes/CEJ6.md",
      "sha256": "f61739690934d0607a72c3c81318d8b95d819c27eb2af4477fc71ec57e2a2211"
    },
    {
      "path": "egg_juicer/chunk_egg_juicer/passes/CEJ7.md",
      "sha256": "5889ef87dd4eb48dc78bfe6cb8e4df0422acf17af9fbe5ed72a1ff5bff7ba118"
    },
    {
      "path": "egg_juicer/chunk_egg_juicer/passes/CEJ8.md",
      "sha256": "f0ce536ef81936dd7934dcd1e9d950875279031296e5bc5561e3dfac795d0c90"
    },
    {
      "path": "egg_juicer/chunk_egg_juicer/passes/CEJ9.md",
      "sha256": "55c6a35a6d2b646b94a9fc1fc6275ecb2672b573dfaab1cca43d6e1e44a36c2d"
    },
    {
      "path": "egg_juicer/chunk_egg_juicer/templates/CEJ_report_TEMPLATE.md",
      "sha256": "17c2f0f1a1938a259d13ec5c724800116bc8a4a5a403bc566f864421aa8678ee"
    },
    {
      "path": "governance/BOOT_CONTRACT_BC-1.0.md",
      "sha256": "2a57cbf7eff1143e925909b52feaebf8695487397eb3658b436867e474530125"
    },
    {
      "path": "governance/LEARNING_INTEGRATION_LID-1.0.md",
      "sha256": "f993ebae18e8430eafa5a3bbb9c163307c3147f8d09c242fe84539e22bec7f38"
    },
    {
      "path": "governance/LEARNING_TOOL_ON_DEMAND_LID-2.0.md",
      "sha256": "b9672df180417d92a18959627cc9a380c5f19e0c272f3b4b94a52d92f76eb2ab"
    },
    {
      "path": "governance/MB_EVIDENCE_HASH_SPEC_v1/MB_EVIDENCE_HASH_SPEC_v1.json",
      "sha256": "d8b64f6bc31cbe1f89b8c302b2a7c6d1bc6196b9ec291158f4af7388c7bbe52e"
    },
    {
      "path": "governance/MB_EVIDENCE_HASH_SPEC_v1/README.md",
      "sha256": "8bd8f71722efda7070dcb4823bedfbcc982d47b156439e02bce97cfcb58e0e1d"
    },
    {
      "path": "governance/MB_INTEGRATION_CONTRACTS_v1/MB_INTEGRATION_CONTRACTS_v1.json",
      "sha256": "c8a99f278cd0beac891388a2428ecfe7ea372fd6817036d8709829751e1c717f"
    },
    {
      "path": "governance/MB_INTEGRATION_CONTRACTS_v1/README.md",
      "sha256": "a7abc936032103d4fb3ced38c82f60a9c0b1f4a378f3888c4f6e3003de6cd047"
    },
    {
      "path": "governance/MB_LEARNING_POLICY_PROMOTION_CRITERIA_v1/MB_LEARNING_POLICY_PROMOTION_CRITERIA_v1.json",
      "sha256": "68dbb72f2ebd4461b151ffba8e270aad473903fd18c2c0517c83a1feedb04c14"
    },
    {
      "path": "governance/MB_LEARNING_POLICY_PROMOTION_CRITERIA_v1/README.md",
      "sha256": "179392fc2b4bf296fd9e37dc06a0b6fec48b90907ea44156c4cf39d1d0e28cd5"
    },
    {
      "path": "governance/MB_SESSION_LIFECYCLE_SPEC_v1/MB_SESSION_LIFECYCLE_SPEC_v1.json",
      "sha256": "8722beb7da4a27223c798e9e2c70e6190d80cfaf04c263b90b9eeab30311c2ca"
    },
    {
      "path": "governance/MB_SESSION_LIFECYCLE_SPEC_v1/README.md",
      "sha256": "e2856b31f21713e1ea2a020316b91f7a446831fc1cc5ddfab094af0f7540e15e"
    },
    {
      "path": "governance/RCA_BOOT_RCA-BOOT-1.0.md",
      "sha256": "6c485974953ce7291d0e1a5b8ab6a236c52376a4b0bb66965a08c1edb174c57f"
    },
    {
      "path": "governance/export_gate/XEG-1.0.md",
      "sha256": "3fdb1e5a2d00863bd643e64427820678f32a45ece06b67060bcbda092c6f38fd"
    },
    {
      "path": "governance/export_gate/xeg_gate.py",
      "sha256": "80f4138f09b33d3db6eadf45208c16c9189b0f9c39b71fcfce9cb97fed5a6aa2"
    },
    {
      "path": "integrations/AUTOFIX_EXECUTOR_v1/README.md",
      "sha256": "80c2f37ca56657839faf03e1da63c4ac471226627afe0a7940aaba77a0c49302"
    },
    {
      "path": "integrations/AUTOFIX_EXECUTOR_v1/autofix_executor.py",
      "sha256": "25177642f155a147aca0d76323a3069724a9a93dcdcd5874787f41cf0d2dc553"
    },
    {
      "path": "integrations/ENVIRONMENT_COMPETENCE_MAP_v1/ENVIRONMENT_COMPETENCE_MAP_v1.json",
      "sha256": "456f88f4a0951389c996afc6c1f777405ce6b82c17f43e3b2b4a867cc700353e"
    },
    {
      "path": "integrations/ENVIRONMENT_COMPETENCE_MAP_v1/ENVIRONMENT_COMPETENCE_MAP_v1.md",
      "sha256": "b0e94ad579920d78dc1ab0adc7dc7eadeb46ac218edc6910e37645f049a44b00"
    },
    {
      "path": "integrations/FAILURE_FACTOR_REGISTRY_v1/FAILURE_FACTOR_REGISTRY_v1.json",
      "sha256": "0644e04df1656c37c657f83e1567319cd819006d8f0984f22d639d028f2764d1"
    },
    {
      "path": "integrations/FAILURE_FACTOR_REGISTRY_v1/FAILURE_FACTOR_REGISTRY_v1.md",
      "sha256": "5813b3df10bf8123b10a7b0977b5b5c2d0b60550f83f6e8f765a722f46140f21"
    },
    {
      "path": "integrations/SEMANTIC_SHADOW_EXECUTOR_v1/README.md",
      "sha256": "9f4637921eb28a918d3b0fda7f16f41d90101e13d10b1e571def5c693737a052"
    },
    {
      "path": "integrations/SEMANTIC_SHADOW_EXECUTOR_v1/semantic_shadow_executor.py",
      "sha256": "46fdc8b3b1351546bbec1eb029338dca01a054c79d2c0f30c000954291a10399"
    },
    {
      "path": "integrations/SEMANTIC_SHADOW_EXECUTOR_v1/shadow_payload_schema.json",
      "sha256": "e2a9f05434c8baac8f81aaa7a0c0ec8840b58ab34651eadda5793817c4771a30"
    },
    {
      "path": "integrations/TOOLCHAIN_TRUTH_AUTOFIX_RULESET_v1/TOOLCHAIN_TRUTH_AUTOFIX_RULESET_v1.json",
      "sha256": "ee4b458906062ed74abdab85498306096b4b6a119f867fd752573444d69e59fe"
    },
    {
      "path": "integrations/TOOLCHAIN_TRUTH_AUTOFIX_RULESET_v1/TOOLCHAIN_TRUTH_AUTOFIX_RULESET_v1.md",
      "sha256": "99bfc28c39223081557430bdf3f9642637e50b7c4de9218c443b462545802488"
    },
    {
      "path": "integrations/TTG_TTAF_RUNNER_v1/README.md",
      "sha256": "0517b172aaf2c7e40e853b985f97f631276faef24f95d7aaaf5308573e838f54"
    },
    {
      "path": "integrations/TTG_TTAF_RUNNER_v1/ttg_ttaf_runner.py",
      "sha256": "1f3d089649e5241f7e53be6f6905184ebbba265bc493bc8b87af51a095ca4163"
    },
    {
      "path": "metablooms_governance/CEJ1.md",
      "sha256": "a2c791baf8ea0b9e21648f6746fe418c2ba9b1ee03c4be4716f5df2b9e1b3054"
    },
    {
      "path": "metablooms_governance/CEJ2.md",
      "sha256": "e6386b35a7cf9f5bc5dc9b3db9531fea73b2923c4fe11230351ef71260cd3dd2"
    },
    {
      "path": "metablooms_governance/CEJ3.md",
      "sha256": "ebfff7497a6ab616449e2f0e269cf4bc307d70f0f07ebcf374836dafa2fe888e"
    },
    {
      "path": "metablooms_governance/CEJ4.md",
      "sha256": "488628a30f9487a5c33bf5e89ccf54e13318bbe1b292d7646d80e5ffd51abd10"
    },
    {
      "path": "metablooms_governance/CEJ5.md",
      "sha256": "0afa5cbc92592834992d61916d32d3f8999f5df0a022052e4c92e6c5531d6228"
    },
    {
      "path": "metablooms_governance/CEJ6.md",
      "sha256": "42501f3cd4e675405d04ad44611a93f20e39ac99a3e2259481ba1ef01684f60a"
    },
    {
      "path": "metablooms_governance/CEJ7.md",
      "sha256": "b7b427af53085fe68723460a48ecdb8fe8a20e473926ebcc5f223ab7bf9fe3b1"
    },
    {
      "path": "metablooms_governance/CEJ8.md",
      "sha256": "f3391c877cc4a44e266432142e430fc38d07256c9f3e5b06f9be426b1acb826c"
    },
    {
      "path": "metablooms_governance/CEJ9.md",
      "sha256": "0970cef2ed724a94d2cf66d0094339ee1c2eec377375a119918f0226b470441e"
    },
    {
      "path": "metablooms_governance/CRP-1.1.md",
      "sha256": "85f48554326203290c71e7ca1296a7e4f6ab3a24e6bd298df3a20f12e4ba8be0"
    },
    {
      "path": "metablooms_governance/CSP-1.1.md",
      "sha256": "22a53721ef347f80b872429e57e7226bedf5841c42f85824887ccabd46813dcb"
    },
    {
      "path": "metablooms_governance/Enabled_Systems.md",
      "sha256": "f9820a54c86a93e911d88c6980ba5601bce79cabb4213eed6865a879599d4665"
    },
    {
      "path": "metablooms_governance/MEEP-1.0.md",
      "sha256": "d66e2da8a624ea509a1fe182c1017562c914b56dad39a11593689db1226e2c8f"
    },
    {
      "path": "metablooms_governance/MIHP-1.0.md",
      "sha256": "6e97ad2622b88796267d828fec00ef6754fedddaf1d32c4d207a0a77d297871e"
    },
    {
      "path": "metablooms_governance/Merged_Manifest.json",
      "sha256": "ffcff35189591202f9d33a0c94ef8733c4d7b4d4e3b100fb07b5a7818924bfba"
    },
    {
      "path": "sops/ArticleSOP/SOP-01_ArticleSOP.md",
      "sha256": "0d79e313178c358b5c22f7d9bf41bf8a7fc4fdf97964b6e80a5927a9adafe781"
    },
    {
      "path": "sops/EggJuicer/SOP-02_EggJuicer.md",
      "sha256": "f229b2956e8463fa20b3be8c964023fbf19fefee1dd43fcc06b5d3e3cc19f957"
    },
    {
      "path": "sops/EggJuicer_SOP.md",
      "sha256": "67d474cc4f42d5a49ebc6fc446fbffa40f2b5e0f55542be7eecccc0f560b1839"
    },
    {
      "path": "sops/ToolOnDemand/SOP-03_ToolSmithing.md",
      "sha256": "4a72296263ad037703ce45e90c81c1a3632d260641b9941c0a6bff895cfbdb50"
    },
    {
      "path": "tools/export_assembler.py",
      "sha256": "cfadbd42f91a6f9574ade8b49899d22b384654dca3f6f828ae77d437f92bd0fd"
    },
    {
      "path": "tools/toolsmith.py",
      "sha256": "98988447e9b13830e3e42e4b28d091c8e8c1558dc853e02b842415079a7f49c1"
    },
    {
      "path": "tools/validate_metablooms_export.py",
      "sha256": "4d9aee1762f07ed74bf72b334018e7933231b4684121f73fba1e921577122d3a"
    },
    {
      "path": "validate_metablooms_export.py",
      "sha256": "4d9aee1762f07ed74bf72b334018e7933231b4684121f73fba1e921577122d3a"
    }
  ],
  "eligibility": [
    {
      "path": "BOOT.md",
      "status": "EXPORT_ALLOWED"
    },
    {
      "path": "BOOT_METABLOOMS.py",
      "status": "EXPORT_ALLOWED"
    },
    {
      "path": "ENTRYPOINT.md",
      "status": "EXPORT_ALLOWED"
    },
    {
      "path": "MEEP_Manifest.json",
      "status": "EXPORT_ALLOWED"
    },
    {
      "path": "README_BOOT_RULES.md",
      "status": "EXPORT_ALLOWED"
    },
    {
      "path": "RUN_METABLOOMS.py",
      "status": "EXPORT_ALLOWED"
    },
    {
      "path": "baselines/EAT-2025-12-28-0002.json",
      "status": "EXPORT_ALLOWED"
    },
    {
      "path": "baselines/EAT-2025-12-28-0003.json",
      "status": "EXPORT_ALLOWED"
    },
    {
      "path": "baselines/EAT-2025-12-28-0004.json",
      "status": "EXPORT_ALLOWED"
    },
    {
      "path": "baselines/EAT-2025-12-28-0005.json",
      "status": "EXPORT_ALLOWED"
    },
    {
      "path": "ble/BLE_RULESET_v1.json",
      "status": "EXPORT_ALLOWED"
    },
    {
      "path": "ble/BLE_RULESET_v1.md",
      "status": "EXPORT_ALLOWED"
    },
    {
      "path": "ble/INTEGRATION_NOTE.md",
      "status": "EXPORT_ALLOWED"
    },
    {
      "path": "boot_contract.json",
      "status": "EXPORT_ALLOWED"
    },
    {
      "path": "boot_manifest.json",
      "status": "EXPORT_ALLOWED"
    },
    {
      "path": "control_plane/BOOT_STATE.json",
      "status": "EXPORT_ALLOWED"
    },
    {
      "path": "control_plane/EngineActivationTrace.schema.json",
      "status": "EXPORT_ALLOWED"
    },
    {
      "path": "control_plane/MB_BASELINE_LOCK_AND_LEARNING_FREEZE_v1.json",
      "status": "EXPORT_ALLOWED"
    },
    {
      "path": "control_plane/MB_CAPABILITY_MANIFEST_v1_1.json",
      "status": "EXPORT_ALLOWED"
    },
    {
      "path": "control_plane/MB_GATE_REGISTRY_MANIFEST_v1.json",
      "status": "EXPORT_ALLOWED"
    },
    {
      "path": "control_plane/MB_OPERATIONAL_INDEX_MANIFEST_v1.json",
      "status": "EXPORT_ALLOWED"
    },
    {
      "path": "control_plane/MB_REASONING_ENGINE_INTERFACE_SPEC_v1.json",
      "status": "EXPORT_ALLOWED"
    },
    {
      "path": "control_plane/MB_SOP_INDEX_MANIFEST_v1.json",
      "status": "EXPORT_ALLOWED"
    },
    {
      "path": "control_plane/TraceDiff.rules.v1.json",
      "status": "EXPORT_ALLOWED"
    },
    {
      "path": "control_plane/TraceDiff.schema.json",
      "status": "EXPORT_ALLOWED"
    },
    {
      "path": "docs/DIFF_2025-12-28_stableboot_merge.md",
      "status": "EXPORT_ALLOWED"
    },
    {
      "path": "egg_juicer/EJ_CORE_CONTRACT.md",
      "status": "EXPORT_ALLOWED"
    },
    {
      "path": "egg_juicer/README.md",
      "status": "EXPORT_ALLOWED"
    },
    {
      "path": "egg_juicer/chunk_egg_juicer/CEJ_CONTRACT.md",
      "status": "EXPORT_ALLOWED"
    },
    {
      "path": "egg_juicer/chunk_egg_juicer/README.md",
      "status": "EXPORT_ALLOWED"
    },
    {
      "path": "egg_juicer/chunk_egg_juicer/cej_runner_stub.py",
      "status": "EXPORT_ALLOWED"
    },
    {
      "path": "egg_juicer/chunk_egg_juicer/passes/CEJ1.md",
      "status": "EXPORT_ALLOWED"
    },
    {
      "path": "egg_juicer/chunk_egg_juicer/passes/CEJ2.md",
      "status": "EXPORT_ALLOWED"
    },
    {
      "path": "egg_juicer/chunk_egg_juicer/passes/CEJ3.md",
      "status": "EXPORT_ALLOWED"
    },
    {
      "path": "egg_juicer/chunk_egg_juicer/passes/CEJ4.md",
      "status": "EXPORT_ALLOWED"
    },
    {
      "path": "egg_juicer/chunk_egg_juicer/passes/CEJ5.md",
      "status": "EXPORT_ALLOWED"
    },
    {
      "path": "egg_juicer/chunk_egg_juicer/passes/CEJ6.md",
      "status": "EXPORT_ALLOWED"
    },
    {
      "path": "egg_juicer/chunk_egg_juicer/passes/CEJ7.md",
      "status": "EXPORT_ALLOWED"
    },
    {
      "path": "egg_juicer/chunk_egg_juicer/passes/CEJ8.md",
      "status": "EXPORT_ALLOWED"
    },
    {
      "path": "egg_juicer/chunk_egg_juicer/passes/CEJ9.md",
      "status": "EXPORT_ALLOWED"
    },
    {
      "path": "egg_juicer/chunk_egg_juicer/templates/CEJ_report_TEMPLATE.md",
      "status": "EXPORT_ALLOWED"
    },
    {
      "path": "governance/BOOT_CONTRACT_BC-1.0.md",
      "status": "EXPORT_ALLOWED"
    },
    {
      "path": "governance/LEARNING_INTEGRATION_LID-1.0.md",
      "status": "EXPORT_ALLOWED"
    },
    {
      "path": "governance/MB_EVIDENCE_HASH_SPEC_v1/MB_EVIDENCE_HASH_SPEC_v1.json",
      "status": "EXPORT_ALLOWED"
    },
    {
      "path": "governance/MB_EVIDENCE_HASH_SPEC_v1/README.md",
      "status": "EXPORT_ALLOWED"
    },
    {
      "path": "governance/MB_INTEGRATION_CONTRACTS_v1/MB_INTEGRATION_CONTRACTS_v1.json",
      "status": "EXPORT_ALLOWED"
    },
    {
      "path": "governance/MB_INTEGRATION_CONTRACTS_v1/README.md",
      "status": "EXPORT_ALLOWED"
    },
    {
      "path": "governance/MB_LEARNING_POLICY_PROMOTION_CRITERIA_v1/MB_LEARNING_POLICY_PROMOTION_CRITERIA_v1.json",
      "status": "EXPORT_ALLOWED"
    },
    {
      "path": "governance/MB_LEARNING_POLICY_PROMOTION_CRITERIA_v1/README.md",
      "status": "EXPORT_ALLOWED"
    },
    {
      "path": "governance/MB_SESSION_LIFECYCLE_SPEC_v1/MB_SESSION_LIFECYCLE_SPEC_v1.json",
      "status": "EXPORT_ALLOWED"
    },
    {
      "path": "governance/MB_SESSION_LIFECYCLE_SPEC_v1/README.md",
      "status": "EXPORT_ALLOWED"
    },
    {
      "path": "governance/RCA_BOOT_RCA-BOOT-1.0.md",
      "status": "EXPORT_ALLOWED"
    },
    {
      "path": "integrations/AUTOFIX_EXECUTOR_v1/README.md",
      "status": "EXPORT_ALLOWED"
    },
    {
      "path": "integrations/AUTOFIX_EXECUTOR_v1/autofix_executor.py",
      "status": "EXPORT_ALLOWED"
    },
    {
      "path": "integrations/ENVIRONMENT_COMPETENCE_MAP_v1/ENVIRONMENT_COMPETENCE_MAP_v1.json",
      "status": "EXPORT_ALLOWED"
    },
    {
      "path": "integrations/ENVIRONMENT_COMPETENCE_MAP_v1/ENVIRONMENT_COMPETENCE_MAP_v1.md",
      "status": "EXPORT_ALLOWED"
    },
    {
      "path": "integrations/FAILURE_FACTOR_REGISTRY_v1/FAILURE_FACTOR_REGISTRY_v1.json",
      "status": "EXPORT_ALLOWED"
    },
    {
      "path": "integrations/FAILURE_FACTOR_REGISTRY_v1/FAILURE_FACTOR_REGISTRY_v1.md",
      "status": "EXPORT_ALLOWED"
    },
    {
      "path": "integrations/SEMANTIC_SHADOW_EXECUTOR_v1/README.md",
      "status": "EXPORT_ALLOWED"
    },
    {
      "path": "integrations/SEMANTIC_SHADOW_EXECUTOR_v1/semantic_shadow_executor.py",
      "status": "EXPORT_ALLOWED"
    },
    {
      "path": "integrations/SEMANTIC_SHADOW_EXECUTOR_v1/shadow_payload_schema.json",
      "status": "EXPORT_ALLOWED"
    },
    {
      "path": "integrations/TOOLCHAIN_TRUTH_AUTOFIX_RULESET_v1/TOOLCHAIN_TRUTH_AUTOFIX_RULESET_v1.json",
      "status": "EXPORT_ALLOWED"
    },
    {
      "path": "integrations/TOOLCHAIN_TRUTH_AUTOFIX_RULESET_v1/TOOLCHAIN_TRUTH_AUTOFIX_RULESET_v1.md",
      "status": "EXPORT_ALLOWED"
    },
    {
      "path": "integrations/TTG_TTAF_RUNNER_v1/README.md",
      "status": "EXPORT_ALLOWED"
    },
    {
      "path": "integrations/TTG_TTAF_RUNNER_v1/ttg_ttaf_runner.py",
      "status": "EXPORT_ALLOWED"
    },
    {
      "path": "metablooms_governance/CEJ1.md",
      "status": "EXPORT_ALLOWED"
    },
    {
      "path": "metablooms_governance/CEJ2.md",
      "status": "EXPORT_ALLOWED"
    },
    {
      "path": "metablooms_governance/CEJ3.md",
      "status": "EXPORT_ALLOWED"
    },
    {
      "path": "metablooms_governance/CEJ4.md",
      "status": "EXPORT_ALLOWED"
    },
    {
      "path": "metablooms_governance/CEJ5.md",
      "status": "EXPORT_ALLOWED"
    },
    {
      "path": "metablooms_governance/CEJ6.md",
      "status": "EXPORT_ALLOWED"
    },
    {
      "path": "metablooms_governance/CEJ7.md",
      "status": "EXPORT_ALLOWED"
    },
    {
      "path": "metablooms_governance/CEJ8.md",
      "status": "EXPORT_ALLOWED"
    },
    {
      "path": "metablooms_governance/CEJ9.md",
      "status": "EXPORT_ALLOWED"
    },
    {
      "path": "metablooms_governance/CRP-1.1.md",
      "status": "EXPORT_ALLOWED"
    },
    {
      "path": "metablooms_governance/CSP-1.1.md",
      "status": "EXPORT_ALLOWED"
    },
    {
      "path": "metablooms_governance/Enabled_Systems.md",
      "status": "EXPORT_ALLOWED"
    },
    {
      "path": "metablooms_governance/MEEP-1.0.md",
      "status": "EXPORT_ALLOWED"
    },
    {
      "path": "metablooms_governance/MIHP-1.0.md",
      "status": "EXPORT_ALLOWED"
    },
    {
      "path": "metablooms_governance/Merged_Manifest.json",
      "status": "EXPORT_ALLOWED"
    },
    {
      "path": "sops/ArticleSOP/SOP-01_ArticleSOP.md",
      "status": "EXPORT_ALLOWED"
    },
    {
      "path": "sops/EggJuicer/SOP-02_EggJuicer.md",
      "status": "EXPORT_ALLOWED"
    },
    {
      "path": "sops/EggJuicer_SOP.md",
      "status": "EXPORT_ALLOWED"
    },
    {
      "path": "tools/validate_metablooms_export.py",
      "status": "EXPORT_ALLOWED"
    },
    {
      "path": "validate_metablooms_export.py",
      "status": "EXPORT_ALLOWED"
    }
  ],
  "exclusions": [],
  "notes": {
    "boot_relaxation": "SB-2: retries=5, settle=1.5s, allowlisted fallback entrypoints if manifest missing",
    "cej_added": "CEJ1-CEJ9 docs added under metablooms_governance/",
    "zip_slip_prevention": "Extraction path validation blocks zip-slip",
    "learning_integration": "Added BC-1.0 + LID-1.0 + RCA-BOOT-1.0; export must include P0 learnings going forward.",
    "egg_juicer_added": "Added /egg_juicer (EJ-CORE) and /egg_juicer/chunk_egg_juicer (CEJ) including passes CEJ1-CEJ9, templates, and runner stub.",
    "export_gate": "XEG-1.0 enforced via tools/export_assembler.py; export fails closed if required systems missing."
  },
  "gates": {
    "XEG-1.0": {
      "description": "Export Eligibility Gate \u2014 required systems must be present",
      "enforced": true,
      "required_paths": [
        "egg_juicer/README.md",
        "egg_juicer/EJ_CORE_CONTRACT.md",
        "egg_juicer/chunk_egg_juicer/README.md",
        "egg_juicer/chunk_egg_juicer/CEJ_CONTRACT.md",
        "egg_juicer/chunk_egg_juicer/passes/CEJ1.md",
        "egg_juicer/chunk_egg_juicer/passes/CEJ2.md",
        "egg_juicer/chunk_egg_juicer/passes/CEJ3.md",
        "egg_juicer/chunk_egg_juicer/passes/CEJ4.md",
        "egg_juicer/chunk_egg_juicer/passes/CEJ5.md",
        "egg_juicer/chunk_egg_juicer/passes/CEJ6.md",
        "egg_juicer/chunk_egg_juicer/passes/CEJ7.md",
        "egg_juicer/chunk_egg_juicer/passes/CEJ8.md",
        "egg_juicer/chunk_egg_juicer/passes/CEJ9.md",
        "governance/BOOT_CONTRACT_BC-1.0.md",
        "governance/LEARNING_INTEGRATION_LID-1.0.md",
        "governance/RCA_BOOT_RCA-BOOT-1.0.md",
        "MEEP_Manifest.json"
      ]
    }
  }
}