{
  "generated_at": "2026-01-02T19:30:32.753056Z",
  "root": ".",
  "entry_count": 363,
  "entries": [
    {
      "path": "BOOT.md",
      "bytes": 463,
      "sha256": "bac35ea7d52514700e52666b4e183d25818143063b099d3c421c79728eb365ad",
      "subsystem": "boot",
      "tags": [
        "boot"
      ],
      "risk": "high"
    },
    {
      "path": "BOOT_METABLOOMS.py",
      "bytes": 3161,
      "sha256": "8794b6367aca7e4a56df95ebc309a6c45cee9bedfa564eadaf6af80da9682128",
      "subsystem": "boot",
      "tags": [
        "boot"
      ],
      "risk": "high"
    },
    {
      "path": "BUILD_MANIFEST_2025-12-30.json",
      "bytes": 715,
      "sha256": "270146221b4ff9c49a1693cd40b0456c59ddd96d50f931b2885b74ddb978740e",
      "subsystem": "core",
      "tags": [],
      "risk": "low"
    },
    {
      "path": "BUILD_MANIFEST_2025-12-30_v7_2.json",
      "bytes": 254,
      "sha256": "669eea217675b6eae7859a19f2e2f784c273a2e75656856081517cd46c69e827",
      "subsystem": "core",
      "tags": [],
      "risk": "low"
    },
    {
      "path": "BUILD_MANIFEST_2025-12-30_v7_3.json",
      "bytes": 390,
      "sha256": "4b97992fbc01118b9e635debe3420eafa562db609f7399ac35f7cd1753eec322",
      "subsystem": "core",
      "tags": [],
      "risk": "low"
    },
    {
      "path": "BUILD_MANIFEST_2025-12-30_v7_4.json",
      "bytes": 344,
      "sha256": "90dd8ce4418baa2cd8b0d01b7d86531652b1531b2fffb9984a248973b49cfbc1",
      "subsystem": "core",
      "tags": [],
      "risk": "low"
    },
    {
      "path": "BUILD_MANIFEST_2025-12-30_v7_4_1.json",
      "bytes": 3477,
      "sha256": "3ee1e6faa912ea56374349fe8539ca9f120e3c5c5ccb9d7f0ed87ad3bf84cf38",
      "subsystem": "core",
      "tags": [],
      "risk": "low"
    },
    {
      "path": "BUILD_MANIFEST_2025-12-31_152159Z_v7_5_2.json",
      "bytes": 483,
      "sha256": "a54d4b6d511323c36efa0bfa5ef358a42c320736681324cc290d2b5d3f3bacbe",
      "subsystem": "core",
      "tags": [],
      "risk": "low"
    },
    {
      "path": "BUILD_MANIFEST_2025-12-31_153241Z_v7_5_3.json",
      "bytes": 246,
      "sha256": "beb305c5efb47ab0a6e8d9ca6922b89cc3299cb987eaa8b6e18fe1c87a7cc731",
      "subsystem": "core",
      "tags": [],
      "risk": "low"
    },
    {
      "path": "BUILD_MANIFEST_2025-12-31_153528Z_v7_5_4.json",
      "bytes": 193,
      "sha256": "96af2ddafc69f788652d69b8d58343ad318582369a8c275d6772fbdb9f95bc2d",
      "subsystem": "core",
      "tags": [],
      "risk": "low"
    },
    {
      "path": "BUILD_MANIFEST_2025-12-31_155757Z_v7_5_5.json",
      "bytes": 345,
      "sha256": "e148246d96f7d165c252c3485c06e8f1ed286e62188f4c090e3d4f47cc24f0b9",
      "subsystem": "core",
      "tags": [],
      "risk": "low"
    },
    {
      "path": "BUILD_MANIFEST_2025-12-31_161317Z_v7_5_6.json",
      "bytes": 189,
      "sha256": "20781fccf621387100028e7ba819d11d497520941db7cb4c324a14d77eca3494",
      "subsystem": "core",
      "tags": [],
      "risk": "low"
    },
    {
      "path": "BUILD_MANIFEST_2025-12-31_161917Z_v7_5_7.json",
      "bytes": 374,
      "sha256": "1a334a26b797ac8e46fd4cd682c658dfdadbf355142bfa20218021fc3cbce6c2",
      "subsystem": "core",
      "tags": [],
      "risk": "low"
    },
    {
      "path": "BUILD_MANIFEST_2025-12-31_162835Z_v7_6_0.json",
      "bytes": 196,
      "sha256": "006ca82b3f3331ee1f281a3c7d91b2b45668271365a67ce16211d888db439c41",
      "subsystem": "core",
      "tags": [],
      "risk": "low"
    },
    {
      "path": "BUILD_MANIFEST_2025-12-31_164137Z_v7_6_1.json",
      "bytes": 242,
      "sha256": "a3738d597eccabcd02d1ff9979243682d982be3a68f578a13b392f69eeb01d2f",
      "subsystem": "core",
      "tags": [],
      "risk": "low"
    },
    {
      "path": "BUILD_MANIFEST_2025-12-31_164355Z_v7_6_2.json",
      "bytes": 155,
      "sha256": "8e4d83398bd74fb05ae0521862705dd085007b53ccffa5bdf5654c2e102f8927",
      "subsystem": "core",
      "tags": [],
      "risk": "low"
    },
    {
      "path": "BUILD_MANIFEST_2025-12-31_173357Z_v7_6_3.json",
      "bytes": 641,
      "sha256": "181f92aeaa45d05b23af80e84563a77362175f651a0cd23960d262d044f45997",
      "subsystem": "core",
      "tags": [],
      "risk": "low"
    },
    {
      "path": "BUILD_MANIFEST_2025-12-31_v7_5.json",
      "bytes": 2835,
      "sha256": "e16bb2a2ff6c4e7291dede4ac09e5129d41859f9c899b40e5ac34d7601fa0998",
      "subsystem": "core",
      "tags": [],
      "risk": "low"
    },
    {
      "path": "CHANGES_SINCE_LAST.md",
      "bytes": 62,
      "sha256": "397065c3f56d6ec9f4d37338f8657242014720dba3151ef69b1b23bfa0bc7748",
      "subsystem": "core",
      "tags": [],
      "risk": "low"
    },
    {
      "path": "ENTRYPOINT.md",
      "bytes": 789,
      "sha256": "3c22d980e7be5503f7bf7b18f0c430456ff2411c95398f0b5ff92153461d5d64",
      "subsystem": "core",
      "tags": [],
      "risk": "low"
    },
    {
      "path": "EXPORT_CHECKLIST.md",
      "bytes": 74,
      "sha256": "ba36c78203557ae0ea8f752f016883ad77434c8789dc0f147aa013b809398c11",
      "subsystem": "core",
      "tags": [],
      "risk": "low"
    },
    {
      "path": "HANDOFF_NEXT_CHAT.md",
      "bytes": 1290,
      "sha256": "8949a7614e124f33571a7b52186982c7adfe90cbc92f10f77e2795209997b568",
      "subsystem": "core",
      "tags": [],
      "risk": "low"
    },
    {
      "path": "INVARIANTS.json",
      "bytes": 1138,
      "sha256": "6c881915022ffdfc634ad005459fc54db866340a4e01701eb130d2302501d0c9",
      "subsystem": "core",
      "tags": [],
      "risk": "low"
    },
    {
      "path": "MANIFEST_WITH_BLOOMS.json",
      "bytes": 32945,
      "sha256": "692709bd550c57dfe54b8ab0d08a4706e9dd89fe5bedd90677ed8db2f3e35f6d",
      "subsystem": "core",
      "tags": [],
      "risk": "low"
    },
    {
      "path": "MEEP_Manifest.json",
      "bytes": 25481,
      "sha256": "adb9341dc18a45b6752442c05d7124f338719ee88ab3c735db34038e8768beb3",
      "subsystem": "core",
      "tags": [],
      "risk": "low"
    },
    {
      "path": "README.md",
      "bytes": 7061,
      "sha256": "60c3a1ac0a94ae9967cc64fff7bedc848984014071d8ef57d2b953201dfafc85",
      "subsystem": "core",
      "tags": [],
      "risk": "low"
    },
    {
      "path": "README_BOOT_RULES.md",
      "bytes": 262,
      "sha256": "6e3a2338c32ac242f6f3b4cbbb732c48613b8205017ab0df9cb168f47af21beb",
      "subsystem": "boot",
      "tags": [
        "boot"
      ],
      "risk": "high"
    },
    {
      "path": "RELEASE_NOTES_v7_6_4.md",
      "bytes": 470,
      "sha256": "00a73fdecfdbae2e211e96496888843d67740f2aec4a190295d847ee42bd4789",
      "subsystem": "core",
      "tags": [],
      "risk": "low"
    },
    {
      "path": "RELEASE_NOTES_v7_6_6.md",
      "bytes": 515,
      "sha256": "1f55ddd2016009e57177d399d894830eb3717174b9e8c2dfe45b498b1cc782c4",
      "subsystem": "core",
      "tags": [],
      "risk": "low"
    },
    {
      "path": "RUN_METABLOOMS.py",
      "bytes": 2806,
      "sha256": "e40fe3918ffe1d83ee842ec0df71448a569cae70a383dcd770bac66ed0966435",
      "subsystem": "core",
      "tags": [],
      "risk": "low"
    },
    {
      "path": "START_HERE.md",
      "bytes": 486,
      "sha256": "c02b66bf88e863d7abc333d4c18a6d1a43306e865a07d9f01b3e98a075074371",
      "subsystem": "core",
      "tags": [],
      "risk": "low"
    },
    {
      "path": "VALIDATION_REPORT.txt",
      "bytes": 16,
      "sha256": "e52a27a0da45cc6df51fd7ae607e2f6c4a382f3de323791cd702dad488d943e2",
      "subsystem": "core",
      "tags": [],
      "risk": "low"
    },
    {
      "path": "ZOOP_INSTALL_METABLOOMS.py",
      "bytes": 5276,
      "sha256": "9ab3c10d2bf9118e3273a8696a93602fbd9aced88e5e317de8459311cc45b8ff",
      "subsystem": "core",
      "tags": [],
      "risk": "low"
    },
    {
      "path": "_write_test",
      "bytes": 0,
      "sha256": "e3b0c44298fc1c149afbf4c8996fb92427ae41e4649b934ca495991b7852b855",
      "subsystem": "core",
      "tags": [],
      "risk": "low"
    },
    {
      "path": "baselines/EAT-2025-12-28-0002.json",
      "bytes": 14,
      "sha256": "6c10b866e6baca18abb2b3c0e11b68f65785e296920d355c5eda9ab9da848560",
      "subsystem": "core",
      "tags": [],
      "risk": "low"
    },
    {
      "path": "baselines/EAT-2025-12-28-0003.json",
      "bytes": 14,
      "sha256": "bb493b498114e2202c6d9dbde12a20139488e280b82be72c9e4f1b2b2c9848c6",
      "subsystem": "core",
      "tags": [],
      "risk": "low"
    },
    {
      "path": "baselines/EAT-2025-12-28-0004.json",
      "bytes": 14,
      "sha256": "13e5986b9db583e32d92be4770e0fdab715cc1fef24ea0e670319cca98fd525a",
      "subsystem": "core",
      "tags": [],
      "risk": "low"
    },
    {
      "path": "baselines/EAT-2025-12-28-0005.json",
      "bytes": 14,
      "sha256": "3c45d27753e2246d532dddb481fd9351eff84103e8e46e45bf4e6cbd635e0194",
      "subsystem": "core",
      "tags": [],
      "risk": "low"
    },
    {
      "path": "baselines/POINTER.md",
      "bytes": 416,
      "sha256": "71d7ed6d2ce4d9bd5c128698d1c4e142a43dec13e222b4499b1f6c81a335bbf1",
      "subsystem": "core",
      "tags": [],
      "risk": "low"
    },
    {
      "path": "ble/BLE_EXTENSION_TOOL_ON_DEMAND_v1.json",
      "bytes": 961,
      "sha256": "963ce05271920006cf80c9dcbd96ac370c29553d728a288ceca104e6f28a158f",
      "subsystem": "core",
      "tags": [],
      "risk": "low"
    },
    {
      "path": "ble/BLE_EXTENSION_TOOL_ON_DEMAND_v1.md",
      "bytes": 579,
      "sha256": "e90642a989a4a832d16c060fc36134e3059f16d66074b3c324a4b9aa94b558bf",
      "subsystem": "core",
      "tags": [],
      "risk": "low"
    },
    {
      "path": "ble/BLE_RULESET_v1.json",
      "bytes": 5183,
      "sha256": "d6456e1c265b754f23ea36edf3bec32156909e27a54cf8475829d324f4804a9d",
      "subsystem": "core",
      "tags": [],
      "risk": "low"
    },
    {
      "path": "ble/BLE_RULESET_v1.md",
      "bytes": 6926,
      "sha256": "2a921329b3fc063f34465c9b262e67590a4a0ff79ec9d376937bce42052f8208",
      "subsystem": "core",
      "tags": [],
      "risk": "low"
    },
    {
      "path": "ble/INTEGRATION_NOTE.md",
      "bytes": 527,
      "sha256": "b1bbb60e213d03cfd9a1494d20e81d22262803000933bae7af979cc5005c6fbc",
      "subsystem": "core",
      "tags": [],
      "risk": "low"
    },
    {
      "path": "ble/POINTER.md",
      "bytes": 410,
      "sha256": "ac6228d96a14d3c6da327c4ee7118cd47bd0b354617be644b9d323a08be3d3d0",
      "subsystem": "core",
      "tags": [],
      "risk": "low"
    },
    {
      "path": "boot_contract.json",
      "bytes": 536,
      "sha256": "6245135b5b9b3132ac89760f4401f7d6f5bee38608fd2ddf631d2761b7dec569",
      "subsystem": "boot",
      "tags": [
        "boot"
      ],
      "risk": "high"
    },
    {
      "path": "boot_manifest.json",
      "bytes": 1481,
      "sha256": "34c82403ae3676e2409c0dec02fb3e9abea427dbf52a46b50f9f67268373c247",
      "subsystem": "boot",
      "tags": [
        "boot"
      ],
      "risk": "high"
    },
    {
      "path": "config/POINTER.md",
      "bytes": 67,
      "sha256": "1086cba0ce04cd25db5382b2cdab092ed7f02077090eb1467a3f9468121a8171",
      "subsystem": "core",
      "tags": [],
      "risk": "low"
    },
    {
      "path": "config/TIME_SOURCE_POLICY_v1.json",
      "bytes": 284,
      "sha256": "11e51f79236bea7423d2d08470d19c7a5b4d447aac19e260aa8093e1df8206b1",
      "subsystem": "core",
      "tags": [],
      "risk": "low"
    },
    {
      "path": "control_plane/BOOT_STATE.json",
      "bytes": 462,
      "sha256": "4e2dee9ef0dc5084db4dfb73684a8163569ef5a66504269b3cc3bf3ad07ae9d2",
      "subsystem": "boot",
      "tags": [
        "boot"
      ],
      "risk": "high"
    },
    {
      "path": "control_plane/EngineActivationTrace.schema.json",
      "bytes": 16,
      "sha256": "ce787821969563bf396e8d4080a61d171a2b7f2a985e4aaf8e10f300ffa42c89",
      "subsystem": "core",
      "tags": [],
      "risk": "low"
    },
    {
      "path": "control_plane/MB_BASELINE_LOCK_AND_LEARNING_FREEZE_v1.json",
      "bytes": 21,
      "sha256": "a26e3c22e209baca88966bd04c515beb7ba8636302098d6cdb35bd73b5ae785d",
      "subsystem": "core",
      "tags": [],
      "risk": "low"
    },
    {
      "path": "control_plane/MB_CAPABILITY_MANIFEST_v1_1.json",
      "bytes": 19,
      "sha256": "d6f002190e25018d078965a58cbd4a5f1057479ec11a1baf7082be20fd11fcd7",
      "subsystem": "core",
      "tags": [],
      "risk": "low"
    },
    {
      "path": "control_plane/MB_GATE_REGISTRY_MANIFEST_v1.json",
      "bytes": 19,
      "sha256": "d6f002190e25018d078965a58cbd4a5f1057479ec11a1baf7082be20fd11fcd7",
      "subsystem": "core",
      "tags": [],
      "risk": "low"
    },
    {
      "path": "control_plane/MB_OPERATIONAL_INDEX_MANIFEST_v1.json",
      "bytes": 19,
      "sha256": "d6f002190e25018d078965a58cbd4a5f1057479ec11a1baf7082be20fd11fcd7",
      "subsystem": "core",
      "tags": [],
      "risk": "low"
    },
    {
      "path": "control_plane/MB_REASONING_ENGINE_INTERFACE_SPEC_v1.json",
      "bytes": 19,
      "sha256": "d6f002190e25018d078965a58cbd4a5f1057479ec11a1baf7082be20fd11fcd7",
      "subsystem": "core",
      "tags": [],
      "risk": "low"
    },
    {
      "path": "control_plane/MB_SOP_INDEX_MANIFEST_v1.json",
      "bytes": 19,
      "sha256": "d6f002190e25018d078965a58cbd4a5f1057479ec11a1baf7082be20fd11fcd7",
      "subsystem": "core",
      "tags": [],
      "risk": "low"
    },
    {
      "path": "control_plane/POINTER.md",
      "bytes": 420,
      "sha256": "61a72471d2ba4882d7b9deea624f0262f235569a855adfe7b4068b4dc5dc8e95",
      "subsystem": "core",
      "tags": [],
      "risk": "low"
    },
    {
      "path": "control_plane/SHOPPING_MODE_CONTROLLER_RULES_v1.json",
      "bytes": 2556,
      "sha256": "4beff0c12921eea8340ae0c9eb5b90e25f2330584301add731eaded9f381f7cc",
      "subsystem": "core",
      "tags": [],
      "risk": "low"
    },
    {
      "path": "control_plane/SHOPPING_MODE_CONTROLLER_TESTS_v1.json",
      "bytes": 1888,
      "sha256": "2ea3f7f2afbf5f8ade4e3dcdf0155c71e26345ae79c9f57509b755e2d93bd9a0",
      "subsystem": "core",
      "tags": [],
      "risk": "low"
    },
    {
      "path": "control_plane/TraceDiff.rules.v1.json",
      "bytes": 14,
      "sha256": "0d596aeeb3271fee642738be9467fb28eacdfed49fb3f5360efa43792b23aa2a",
      "subsystem": "core",
      "tags": [],
      "risk": "low"
    },
    {
      "path": "control_plane/TraceDiff.schema.json",
      "bytes": 22,
      "sha256": "e6c93b101f5803eaab91b12341b904511af299a09b192da3419bdf38b5244016",
      "subsystem": "core",
      "tags": [],
      "risk": "low"
    },
    {
      "path": "control_plane/__init__.py",
      "bytes": 0,
      "sha256": "e3b0c44298fc1c149afbf4c8996fb92427ae41e4649b934ca495991b7852b855",
      "subsystem": "core",
      "tags": [],
      "risk": "low"
    },
    {
      "path": "control_plane/activation_registry.py",
      "bytes": 1986,
      "sha256": "f9edc4af539a5313ebef5fdf7f0c0388f19961c01b55f99a21408e2f7cc60188",
      "subsystem": "core",
      "tags": [],
      "risk": "low"
    },
    {
      "path": "control_plane/boot_activator.py",
      "bytes": 4837,
      "sha256": "1b61dd142198798561d988e6852db3fa8cf14b56e419f5f68ab432247869f6bb",
      "subsystem": "boot",
      "tags": [
        "boot"
      ],
      "risk": "high"
    },
    {
      "path": "control_plane/bridge_map.json",
      "bytes": 5085,
      "sha256": "3158202e34f85215611e1dbb57fc0f12ab64bc21c4918ba83d224d9c3abe42de",
      "subsystem": "core",
      "tags": [],
      "risk": "low"
    },
    {
      "path": "control_plane/chat_ledger_v1.py",
      "bytes": 2394,
      "sha256": "4a1701d6d654177c4f4e6af10ed1939ff913370f896b6817484a3eb2d106385d",
      "subsystem": "ledgers",
      "tags": [
        "ledger"
      ],
      "risk": "low"
    },
    {
      "path": "control_plane/chm_activation.py",
      "bytes": 476,
      "sha256": "e4ab0d006b3754189a4593daa338e5bd12a262e2418f9b15cf69be68cd13f2de",
      "subsystem": "core",
      "tags": [],
      "risk": "low"
    },
    {
      "path": "control_plane/chm_contract.json",
      "bytes": 1681,
      "sha256": "0573571680b160e6aa3460419392ea3e8883342cdbb35e17d2b4e68d3833d801",
      "subsystem": "core",
      "tags": [],
      "risk": "low"
    },
    {
      "path": "control_plane/conflicts/BOOT_METABLOOMS.py.delta_20251229_234844",
      "bytes": 4792,
      "sha256": "93e2bdaae0e5ba7ddc8666185a0fa473b7b9b936494ae51769d3177758c658aa",
      "subsystem": "boot",
      "tags": [
        "boot"
      ],
      "risk": "high"
    },
    {
      "path": "control_plane/conflicts/BOOT_METABLOOMS.py.delta_20251230_001456",
      "bytes": 4792,
      "sha256": "93e2bdaae0e5ba7ddc8666185a0fa473b7b9b936494ae51769d3177758c658aa",
      "subsystem": "boot",
      "tags": [
        "boot"
      ],
      "risk": "high"
    },
    {
      "path": "control_plane/conflicts/BOOT_METABLOOMS.py.from_overlay1",
      "bytes": 4792,
      "sha256": "93e2bdaae0e5ba7ddc8666185a0fa473b7b9b936494ae51769d3177758c658aa",
      "subsystem": "boot",
      "tags": [
        "boot"
      ],
      "risk": "high"
    },
    {
      "path": "control_plane/decision_spine/DECISION_SPINE.md",
      "bytes": 807,
      "sha256": "732d80a8828834fbaef9698dbdabbee2a3921b681e8d18990c22b3622f33f921",
      "subsystem": "core",
      "tags": [],
      "risk": "low"
    },
    {
      "path": "control_plane/decision_spine/delta_log.json",
      "bytes": 277,
      "sha256": "50938007d88422a36174aff6656fe877fd9a029c2f5a2398d08447d839225b57",
      "subsystem": "core",
      "tags": [],
      "risk": "low"
    },
    {
      "path": "control_plane/decision_spine/manifest.json",
      "bytes": 342,
      "sha256": "9e98cfda4e76cd88cf9d02fe8b2c53e13ccc5b669ffae879f7795c979fefae95",
      "subsystem": "core",
      "tags": [],
      "risk": "low"
    },
    {
      "path": "control_plane/delta_enforcer_v1.py",
      "bytes": 1065,
      "sha256": "baecc58b54e812c396da16bf21308d6971930676abba8cfee5cd299915f8e509",
      "subsystem": "core",
      "tags": [],
      "risk": "low"
    },
    {
      "path": "control_plane/heuristic_matrix.json",
      "bytes": 2076,
      "sha256": "5d88b6d0c14381ee7075538954699902247c7c939c2f041d4292e48e28d0aedb",
      "subsystem": "core",
      "tags": [],
      "risk": "low"
    },
    {
      "path": "control_plane/heuristic_matrix_v1_1_delta.json",
      "bytes": 595,
      "sha256": "2fc67230af9a341771952ed21fcaf34e3c4f1b5e6dbadf7163ebaa13d9ef7324",
      "subsystem": "core",
      "tags": [],
      "risk": "low"
    },
    {
      "path": "control_plane/mandatory_chat_capture.py",
      "bytes": 1189,
      "sha256": "f088160d388a4f72536a3fe0d5778ec697b2cefbc62645caf161595a9e48edfa",
      "subsystem": "core",
      "tags": [],
      "risk": "low"
    },
    {
      "path": "control_plane/shopping_mode_controller.py",
      "bytes": 3627,
      "sha256": "a7fde34e40d694fb9a1d4f1d804554a290945de0d731d7f27d78723a2f8751ec",
      "subsystem": "core",
      "tags": [],
      "risk": "low"
    },
    {
      "path": "control_plane/state_hub/activation_status_20251229T194922Z.json",
      "bytes": 1858,
      "sha256": "ab296684dfde7efb0b9a2dc3b2b49095b16d32e6d5abc49b4881fb88a3cca524",
      "subsystem": "core",
      "tags": [],
      "risk": "low"
    },
    {
      "path": "control_plane/state_hub/smoke_20251229T194922Z.json",
      "bytes": 316,
      "sha256": "1ede1bca924a850671345f255974a7c2a4dc1ae0996bf291a97cccd07e39b8ee",
      "subsystem": "core",
      "tags": [],
      "risk": "low"
    },
    {
      "path": "docs/AUTO_RCR_EXPORTGATE.md",
      "bytes": 691,
      "sha256": "930bd5b931e7dcd8432b03bb58e80e4d518e69d0261331b089d6ab4087278904",
      "subsystem": "core",
      "tags": [],
      "risk": "low"
    },
    {
      "path": "docs/DIFF_2025-12-28_stableboot_merge.md",
      "bytes": 644,
      "sha256": "dc0475c9f3ab4f5339f1c076b3964c93f7affe760d08ad1603939f886d9c252c",
      "subsystem": "boot",
      "tags": [
        "boot"
      ],
      "risk": "high"
    },
    {
      "path": "docs/DIFF_2025-12-29_activation_hardening.md",
      "bytes": 1499,
      "sha256": "669ae78fc731e48521206f7b8a67c832a42b4e96286ee7af76019f3f33c1a4b3",
      "subsystem": "core",
      "tags": [],
      "risk": "low"
    },
    {
      "path": "docs/DIFF_2025-12-29_shopping_mode_controller.md",
      "bytes": 579,
      "sha256": "8e9d19610da85efecc17afc1df1d7725508c1d3097f4581aca41bfccc0f8e3c9",
      "subsystem": "core",
      "tags": [],
      "risk": "low"
    },
    {
      "path": "docs/DIFF_2025-12-29_tool_on_demand_learning.md",
      "bytes": 572,
      "sha256": "3c69efad94985f8bd9a7809390367d15c5830dcfba4694f470dd32841b472f8e",
      "subsystem": "core",
      "tags": [],
      "risk": "low"
    },
    {
      "path": "docs/POINTER.md",
      "bytes": 411,
      "sha256": "7a426d5ac2c513a8229316473d065cb5888c4c21ce20d6a57bc06528802e685d",
      "subsystem": "core",
      "tags": [],
      "risk": "low"
    },
    {
      "path": "docs/SOP_Close_Research_Loop_v1.md",
      "bytes": 1223,
      "sha256": "c91457255bceb303c77a67e2131a01d4107cead51312ea0a111829959f2980f6",
      "subsystem": "core",
      "tags": [],
      "risk": "low"
    },
    {
      "path": "docs/SOP_Shopping_Mode_Controller_Sandcrawler_v1.md",
      "bytes": 4235,
      "sha256": "af3fd698a5bfcdcc7584d1ebd7602648397595f99f744edc9894761be74e4eb1",
      "subsystem": "sandcrawler",
      "tags": [
        "sandcrawler"
      ],
      "risk": "high"
    },
    {
      "path": "docs/STANDING_INVARIANTS.md",
      "bytes": 1339,
      "sha256": "fbd37464c3dd2766a762045e1d7ca3f41cde1c8f80e6e6ab6a395f7d42c597d7",
      "subsystem": "core",
      "tags": [],
      "risk": "low"
    },
    {
      "path": "docs/audits/ENVIRONMENT_INTERLOCK_RETRO_AUDIT_2025-12-30.md",
      "bytes": 2218,
      "sha256": "2f5493fff4c46b28571b71f6418dc5d4245b29b03d887027bacd21e6b2b79fd9",
      "subsystem": "core",
      "tags": [],
      "risk": "low"
    },
    {
      "path": "docs/diffs/DIFF_2025-12-30_v7_4_to_v7_4_1.md",
      "bytes": 867,
      "sha256": "74354ce688ad1b3c0078cd27a88933385428f79ce2769db925096ab0d09d7d5e",
      "subsystem": "core",
      "tags": [],
      "risk": "low"
    },
    {
      "path": "docs/enterprise_features_catalog.md",
      "bytes": 1132,
      "sha256": "14ccbf4c5bd556fe19040261060c7c098dd30df67793a9d000c07cf5f9fe5946",
      "subsystem": "core",
      "tags": [],
      "risk": "low"
    },
    {
      "path": "docs/evidence/EVIDENCE_LOG_v2.json",
      "bytes": 492,
      "sha256": "3b055f06df3ccd8f593ad89b1acc1d1cc422d9b89b1f0656ed501167f64b5642",
      "subsystem": "core",
      "tags": [],
      "risk": "low"
    },
    {
      "path": "docs/observability/ENVIRONMENT_FAILURE_LEDGER.md",
      "bytes": 808,
      "sha256": "7632f6d2b2fc3d8579c5b094f96429dd9ffcbc8dcf12750dac1546a74380f2a9",
      "subsystem": "ledgers",
      "tags": [
        "ledger"
      ],
      "risk": "low"
    },
    {
      "path": "docs/patterns/PATTERN_Runtime_Governance_Control_Surface_v1.md",
      "bytes": 1472,
      "sha256": "c9e8222c55d4d38ec651f9a1c4959de22c3ac5bb1e2b8e8293f9e6984c6bf326",
      "subsystem": "core",
      "tags": [],
      "risk": "low"
    },
    {
      "path": "docs/tri_layer_index_signage.png",
      "bytes": 1827415,
      "sha256": "bd2c545ba2823f8089b1c29bc231f91a528bb8fad587ae3ad5fa668cf6eb1813",
      "subsystem": "core",
      "tags": [],
      "risk": "low"
    },
    {
      "path": "egg_juicer/EJ_CORE_CONTRACT.md",
      "bytes": 841,
      "sha256": "37cdfba6bdd0c6c605691fc429aac1bd281c25c6c3bc693592c9c806056c1cf8",
      "subsystem": "core",
      "tags": [],
      "risk": "low"
    },
    {
      "path": "egg_juicer/POINTER.md",
      "bytes": 417,
      "sha256": "e048882b63caadc9842e90b30b7a225ecf3b2d9fff0f2774c656fb312e6769e1",
      "subsystem": "core",
      "tags": [],
      "risk": "low"
    },
    {
      "path": "egg_juicer/README.md",
      "bytes": 1080,
      "sha256": "687c2669dc74c1406ba3365264b524a0b6b435dda69982dabd666549e1fd1a5c",
      "subsystem": "core",
      "tags": [],
      "risk": "low"
    },
    {
      "path": "egg_juicer/chunk_egg_juicer/CEJ_CONTRACT.md",
      "bytes": 593,
      "sha256": "99667f3b815f0df4d4e2e5798b1899ffaf63da25a9c6159be2618de8f6ecc3ec",
      "subsystem": "core",
      "tags": [],
      "risk": "low"
    },
    {
      "path": "egg_juicer/chunk_egg_juicer/README.md",
      "bytes": 993,
      "sha256": "f010a4c9ba0a774b488d40b661361a142579be37a70174213d979c6d30a6d8e6",
      "subsystem": "core",
      "tags": [],
      "risk": "low"
    },
    {
      "path": "egg_juicer/chunk_egg_juicer/autorun/CEJ_AUTORUN_POLICY_v1.json",
      "bytes": 4897,
      "sha256": "8cfd4a38a9a4c552c2c9b6ab6710bed5db60e689274572b8cca4976b8fa06d71",
      "subsystem": "core",
      "tags": [],
      "risk": "low"
    },
    {
      "path": "egg_juicer/chunk_egg_juicer/autorun/CEJ_RUNBOOK.md",
      "bytes": 578,
      "sha256": "871161599323aefc7312d4ba581481bdb1c1b407d5b49d323860b86fba971d51",
      "subsystem": "core",
      "tags": [],
      "risk": "low"
    },
    {
      "path": "egg_juicer/chunk_egg_juicer/autorun/cej_autorun.py",
      "bytes": 10951,
      "sha256": "de707029c0fa1305a323d681b60e2b1dbd863a7509aa21ff30f9cc5f397ec9eb",
      "subsystem": "core",
      "tags": [],
      "risk": "low"
    },
    {
      "path": "egg_juicer/chunk_egg_juicer/cej_runner_stub.py",
      "bytes": 1035,
      "sha256": "8d1acf8813b5601fe92d5772744afcec4d0a05c0e36989e117b6d48502f15294",
      "subsystem": "core",
      "tags": [],
      "risk": "low"
    },
    {
      "path": "egg_juicer/chunk_egg_juicer/passes/CEJ1.md",
      "bytes": 392,
      "sha256": "00acaef0ce66d022e71a3ae7ede2eec44f3465ceed5bafc272adee7bc106132d",
      "subsystem": "core",
      "tags": [],
      "risk": "low"
    },
    {
      "path": "egg_juicer/chunk_egg_juicer/passes/CEJ2.md",
      "bytes": 328,
      "sha256": "bf4b660a28231d46bd0d22e0c49295e7717e4d7219c47b2a304ec930f64c2a07",
      "subsystem": "core",
      "tags": [],
      "risk": "low"
    },
    {
      "path": "egg_juicer/chunk_egg_juicer/passes/CEJ3.md",
      "bytes": 247,
      "sha256": "397b15d63e961abb4a5f512d4ae23ecbcf4f0587dffa2283cf882d7139e7d47a",
      "subsystem": "core",
      "tags": [],
      "risk": "low"
    },
    {
      "path": "egg_juicer/chunk_egg_juicer/passes/CEJ4.md",
      "bytes": 256,
      "sha256": "c2e91ddbe78c224a0cdb62e7847e373d7914ff2b6556b227afd4ee04cfae2bc0",
      "subsystem": "core",
      "tags": [],
      "risk": "low"
    },
    {
      "path": "egg_juicer/chunk_egg_juicer/passes/CEJ5.md",
      "bytes": 217,
      "sha256": "d26a88298c9e2f4069140162a751c5ad3840c2c8737f60991fc991ba13a914c8",
      "subsystem": "core",
      "tags": [],
      "risk": "low"
    },
    {
      "path": "egg_juicer/chunk_egg_juicer/passes/CEJ6.md",
      "bytes": 204,
      "sha256": "f61739690934d0607a72c3c81318d8b95d819c27eb2af4477fc71ec57e2a2211",
      "subsystem": "core",
      "tags": [],
      "risk": "low"
    },
    {
      "path": "egg_juicer/chunk_egg_juicer/passes/CEJ7.md",
      "bytes": 232,
      "sha256": "5889ef87dd4eb48dc78bfe6cb8e4df0422acf17af9fbe5ed72a1ff5bff7ba118",
      "subsystem": "core",
      "tags": [],
      "risk": "low"
    },
    {
      "path": "egg_juicer/chunk_egg_juicer/passes/CEJ8.md",
      "bytes": 212,
      "sha256": "f0ce536ef81936dd7934dcd1e9d950875279031296e5bc5561e3dfac795d0c90",
      "subsystem": "core",
      "tags": [],
      "risk": "low"
    },
    {
      "path": "egg_juicer/chunk_egg_juicer/passes/CEJ9.md",
      "bytes": 344,
      "sha256": "55c6a35a6d2b646b94a9fc1fc6275ecb2672b573dfaab1cca43d6e1e44a36c2d",
      "subsystem": "core",
      "tags": [],
      "risk": "low"
    },
    {
      "path": "egg_juicer/chunk_egg_juicer/templates/CEJ_report_TEMPLATE.md",
      "bytes": 373,
      "sha256": "17c2f0f1a1938a259d13ec5c724800116bc8a4a5a403bc566f864421aa8678ee",
      "subsystem": "core",
      "tags": [],
      "risk": "low"
    },
    {
      "path": "export_gate/EXPORT_GATE.md",
      "bytes": 34,
      "sha256": "7a8e4571067ce31d0de4ec25155f8c3eb9bdaf40b1782e2b2fb12a822b7dc257",
      "subsystem": "export",
      "tags": [
        "export"
      ],
      "risk": "high"
    },
    {
      "path": "export_gate/EXPORT_GATE_CHECKLIST.md",
      "bytes": 242,
      "sha256": "100aec5da1bec81c43f6e302f85b90a725b188b0a5bcb4e416d80dee727846fd",
      "subsystem": "export",
      "tags": [
        "export"
      ],
      "risk": "high"
    },
    {
      "path": "export_gate/EXPORT_GATE_MINIMUMS.json",
      "bytes": 161,
      "sha256": "4ca4dff8e3f31c788d164dd1fd85ea384f9913ace064ee2935db1badfd24f5b1",
      "subsystem": "export",
      "tags": [
        "export"
      ],
      "risk": "high"
    },
    {
      "path": "export_gate/POINTER.md",
      "bytes": 418,
      "sha256": "0c898ed25d0a598569124c22ed09c50c0cca385b1e26e0c2060b5f8cc498c90d",
      "subsystem": "export",
      "tags": [
        "export"
      ],
      "risk": "high"
    },
    {
      "path": "export_gate/export_gate_activation_proof.py",
      "bytes": 2711,
      "sha256": "c98ec8f741eda5dd012b597b98539d7d972d0ceff301ad088db48f4c299a4d8b",
      "subsystem": "export",
      "tags": [
        "export"
      ],
      "risk": "high"
    },
    {
      "path": "governance/BOOT_CONTRACT_BC-1.0.md",
      "bytes": 1170,
      "sha256": "2a57cbf7eff1143e925909b52feaebf8695487397eb3658b436867e474530125",
      "subsystem": "governance",
      "tags": [
        "boot",
        "governance"
      ],
      "risk": "high"
    },
    {
      "path": "governance/EVG-1.0.md",
      "bytes": 3500,
      "sha256": "5aaac4be599bccda130fc4bacbaabeb70fed6c949b434b339e304981b9e62a3b",
      "subsystem": "governance",
      "tags": [
        "governance"
      ],
      "risk": "high"
    },
    {
      "path": "governance/LEARNING_INTEGRATION_LID-1.0.md",
      "bytes": 1155,
      "sha256": "f993ebae18e8430eafa5a3bbb9c163307c3147f8d09c242fe84539e22bec7f38",
      "subsystem": "governance",
      "tags": [
        "governance"
      ],
      "risk": "high"
    },
    {
      "path": "governance/LEARNING_TOOL_ON_DEMAND_LID-2.0.md",
      "bytes": 2299,
      "sha256": "b9672df180417d92a18959627cc9a380c5f19e0c272f3b4b94a52d92f76eb2ab",
      "subsystem": "governance",
      "tags": [
        "governance"
      ],
      "risk": "high"
    },
    {
      "path": "governance/MB_ENVIRONMENT_FAILURE_LEARNING_ADDENDUM_v1/MB_ENVIRONMENT_FAILURE_LEARNING_ADDENDUM_v1.json",
      "bytes": 895,
      "sha256": "e6eda52e040a11b437e80c88279d8528f9261a621917461e011cfdeb594f93f9",
      "subsystem": "governance",
      "tags": [
        "governance"
      ],
      "risk": "high"
    },
    {
      "path": "governance/MB_ENVIRONMENT_FAILURE_LEARNING_ADDENDUM_v1/README.md",
      "bytes": 504,
      "sha256": "0f985a32fcf97f119249db2e9bc50754f16a7b961847709b5dc81625d3135703",
      "subsystem": "governance",
      "tags": [
        "governance"
      ],
      "risk": "high"
    },
    {
      "path": "governance/MB_EVIDENCE_HASH_SPEC_v1/MB_EVIDENCE_HASH_SPEC_v1.json",
      "bytes": 1577,
      "sha256": "d8b64f6bc31cbe1f89b8c302b2a7c6d1bc6196b9ec291158f4af7388c7bbe52e",
      "subsystem": "governance",
      "tags": [
        "governance"
      ],
      "risk": "high"
    },
    {
      "path": "governance/MB_EVIDENCE_HASH_SPEC_v1/README.md",
      "bytes": 80,
      "sha256": "8bd8f71722efda7070dcb4823bedfbcc982d47b156439e02bce97cfcb58e0e1d",
      "subsystem": "governance",
      "tags": [
        "governance"
      ],
      "risk": "high"
    },
    {
      "path": "governance/MB_EXPECTED_FAILURES_LAYER_EFL-1.0.md",
      "bytes": 5106,
      "sha256": "526b10c13544b74128005197a62aeda91faac54ca8590fd5d6317685f3934a3e",
      "subsystem": "governance",
      "tags": [
        "governance"
      ],
      "risk": "high"
    },
    {
      "path": "governance/MB_INTEGRATION_CONTRACTS_v1/MB_INTEGRATION_CONTRACTS_v1.json",
      "bytes": 2617,
      "sha256": "c8a99f278cd0beac891388a2428ecfe7ea372fd6817036d8709829751e1c717f",
      "subsystem": "governance",
      "tags": [
        "governance"
      ],
      "risk": "high"
    },
    {
      "path": "governance/MB_INTEGRATION_CONTRACTS_v1/README.md",
      "bytes": 82,
      "sha256": "a7abc936032103d4fb3ced38c82f60a9c0b1f4a378f3888c4f6e3003de6cd047",
      "subsystem": "governance",
      "tags": [
        "governance"
      ],
      "risk": "high"
    },
    {
      "path": "governance/MB_LEARNING_POLICY_PROMOTION_CRITERIA_v1/MB_LEARNING_POLICY_PROMOTION_CRITERIA_v1.json",
      "bytes": 2140,
      "sha256": "68dbb72f2ebd4461b151ffba8e270aad473903fd18c2c0517c83a1feedb04c14",
      "subsystem": "governance",
      "tags": [
        "governance"
      ],
      "risk": "high"
    },
    {
      "path": "governance/MB_LEARNING_POLICY_PROMOTION_CRITERIA_v1/README.md",
      "bytes": 101,
      "sha256": "179392fc2b4bf296fd9e37dc06a0b6fec48b90907ea44156c4cf39d1d0e28cd5",
      "subsystem": "governance",
      "tags": [
        "governance"
      ],
      "risk": "high"
    },
    {
      "path": "governance/MB_MEMORY_PROMOTION_CONTRACT_MPC-1.0.md",
      "bytes": 1022,
      "sha256": "177578127846159b2f5868100b233e30993dba295486bcdeb7ff63561a9cd501",
      "subsystem": "governance",
      "tags": [
        "governance"
      ],
      "risk": "high"
    },
    {
      "path": "governance/MB_PREFLIGHT_REALITY_ENGINE_PRE-1.0.md",
      "bytes": 1507,
      "sha256": "fad2d61d1e8c3d3262966c7f85118c2061728f93a2151c54bb0b648119aae26b",
      "subsystem": "governance",
      "tags": [
        "governance"
      ],
      "risk": "high"
    },
    {
      "path": "governance/MB_SESSION_LIFECYCLE_SPEC_v1/MB_SESSION_LIFECYCLE_SPEC_v1.json",
      "bytes": 2044,
      "sha256": "8722beb7da4a27223c798e9e2c70e6190d80cfaf04c263b90b9eeab30311c2ca",
      "subsystem": "governance",
      "tags": [
        "governance"
      ],
      "risk": "high"
    },
    {
      "path": "governance/MB_SESSION_LIFECYCLE_SPEC_v1/README.md",
      "bytes": 94,
      "sha256": "e2856b31f21713e1ea2a020316b91f7a446831fc1cc5ddfab094af0f7540e15e",
      "subsystem": "governance",
      "tags": [
        "governance"
      ],
      "risk": "high"
    },
    {
      "path": "governance/MB_SYSTEM_LEVEL_GRABBER_SLG-1.0.md",
      "bytes": 6019,
      "sha256": "38d1f8684b9a74fe7a8252cc65c4e733ea1b173f12dcb2a0ef27d029a899f5d3",
      "subsystem": "governance",
      "tags": [
        "governance"
      ],
      "risk": "high"
    },
    {
      "path": "governance/P0_ENVIRONMENT_AWARENESS_INTERLOCK_RULE.json",
      "bytes": 1079,
      "sha256": "e1f0d81e376cc65361b90b7ac254c86bcd839b3a6f9a99a344ebe43435983e9f",
      "subsystem": "governance",
      "tags": [
        "governance"
      ],
      "risk": "high"
    },
    {
      "path": "governance/P0_ZERO_LOCAL_EXECUTION_RULE.json",
      "bytes": 721,
      "sha256": "bd2426041cb383ce3453bee3ccb21c1dc0f45586212bce0ac218b5ca7029b37e",
      "subsystem": "governance",
      "tags": [
        "governance"
      ],
      "risk": "high"
    },
    {
      "path": "governance/POINTER.md",
      "bytes": 417,
      "sha256": "3d6c138fbf82efcafd5bdcf89c05b5a0cc62142a3fde452abc7be287ef890114",
      "subsystem": "governance",
      "tags": [
        "governance"
      ],
      "risk": "high"
    },
    {
      "path": "governance/RCA_BOOT_RCA-BOOT-1.0.md",
      "bytes": 1138,
      "sha256": "6c485974953ce7291d0e1a5b8ab6a236c52376a4b0bb66965a08c1edb174c57f",
      "subsystem": "governance",
      "tags": [
        "boot",
        "governance"
      ],
      "risk": "high"
    },
    {
      "path": "governance/SANDCRAWLER_FAIL_CLOSE_SFC-1.0.md",
      "bytes": 2792,
      "sha256": "2a479553bf3176721cce4ad9d37dd9b8bace4116fb341cddcbe145a56bb59251",
      "subsystem": "governance",
      "tags": [
        "governance",
        "sandcrawler"
      ],
      "risk": "high"
    },
    {
      "path": "governance/export_gate/XEG-1.0.md",
      "bytes": 497,
      "sha256": "3fdb1e5a2d00863bd643e64427820678f32a45ece06b67060bcbda092c6f38fd",
      "subsystem": "governance",
      "tags": [
        "export",
        "governance"
      ],
      "risk": "high"
    },
    {
      "path": "governance/export_gate/xeg_gate.py",
      "bytes": 1168,
      "sha256": "80f4138f09b33d3db6eadf45208c16c9189b0f9c39b71fcfce9cb97fed5a6aa2",
      "subsystem": "governance",
      "tags": [
        "export",
        "governance"
      ],
      "risk": "high"
    },
    {
      "path": "governance/kic/KIC_EXAMPLE.json",
      "bytes": 2431,
      "sha256": "7d04ed3cfeecccb68816a1172bc566c18ac21685114b36d9e6ef20edadd5472d",
      "subsystem": "governance",
      "tags": [
        "governance"
      ],
      "risk": "high"
    },
    {
      "path": "governance/kic/KIC_SCHEMA.json",
      "bytes": 3335,
      "sha256": "0c745ccc4d68d8a1f220512c9387423521d35b793e8f7d51578c599d27ebdf85",
      "subsystem": "governance",
      "tags": [
        "governance"
      ],
      "risk": "high"
    },
    {
      "path": "governance/pre/github/PRE_GITHUB_DRIFT_REPORT_2025-12-31.md",
      "bytes": 685,
      "sha256": "4cbbd136b757d0c6c1972e5f1b3dffabb182a0c292a0e3f8813dcf8cfc8f5113",
      "subsystem": "governance",
      "tags": [
        "governance"
      ],
      "risk": "high"
    },
    {
      "path": "governance/pre/github/PRE_GITHUB_UI_MAP_2025-12-31.md",
      "bytes": 1012,
      "sha256": "0d85280f820b5474c419aff5d4f6ba08d192e2d7250c753495220f6397dc1bf9",
      "subsystem": "governance",
      "tags": [
        "governance"
      ],
      "risk": "high"
    },
    {
      "path": "governance/safe_learning/ENVIRONMENT_AWARENESS_INTERLOCK.md",
      "bytes": 1757,
      "sha256": "758510904801e60d4fff568516bddfabe9cdac7f9bcdbf68fece23f1f87537ac",
      "subsystem": "governance",
      "tags": [
        "governance"
      ],
      "risk": "high"
    },
    {
      "path": "governance/safe_learning/ENVIRONMENT_GUARDRAILS.md",
      "bytes": 1257,
      "sha256": "a24966a173e62dbeb777f1bdd7b546a38c0ca9b45f06d04d805cce3ed2f23d8a",
      "subsystem": "governance",
      "tags": [
        "governance"
      ],
      "risk": "high"
    },
    {
      "path": "governance/safe_learning/SAFE_LEARNING_CHARTER_ADDENDUM_ENVIRONMENT.md",
      "bytes": 2435,
      "sha256": "3f6390e99fc8f254d3125e85c528b9797e2099cb36f1bbd7370ceb15046bd916",
      "subsystem": "governance",
      "tags": [
        "governance"
      ],
      "risk": "high"
    },
    {
      "path": "governance/slg/convergence_extraction_schema.json",
      "bytes": 3004,
      "sha256": "2c449c5736d91740741960475cc4b99649ec2fca1aef3fc015aa345ffdc16b29",
      "subsystem": "governance",
      "tags": [
        "governance"
      ],
      "risk": "high"
    },
    {
      "path": "governance/slg/slg_stub.py",
      "bytes": 6046,
      "sha256": "16478c71fbc48440a472de32bf6c005952469c23e43e35f9bcd5fdc49fccd14b",
      "subsystem": "governance",
      "tags": [
        "governance"
      ],
      "risk": "high"
    },
    {
      "path": "integrations/AUTOFIX_EXECUTOR_v1/README.md",
      "bytes": 380,
      "sha256": "80c2f37ca56657839faf03e1da63c4ac471226627afe0a7940aaba77a0c49302",
      "subsystem": "core",
      "tags": [],
      "risk": "low"
    },
    {
      "path": "integrations/AUTOFIX_EXECUTOR_v1/autofix_executor.py",
      "bytes": 1400,
      "sha256": "25177642f155a147aca0d76323a3069724a9a93dcdcd5874787f41cf0d2dc553",
      "subsystem": "core",
      "tags": [],
      "risk": "low"
    },
    {
      "path": "integrations/ENVIRONMENT_COMPETENCE_MAP_v1/ENVIRONMENT_COMPETENCE_MAP_v1.json",
      "bytes": 1482,
      "sha256": "456f88f4a0951389c996afc6c1f777405ce6b82c17f43e3b2b4a867cc700353e",
      "subsystem": "core",
      "tags": [],
      "risk": "low"
    },
    {
      "path": "integrations/ENVIRONMENT_COMPETENCE_MAP_v1/ENVIRONMENT_COMPETENCE_MAP_v1.md",
      "bytes": 82,
      "sha256": "b0e94ad579920d78dc1ab0adc7dc7eadeb46ac218edc6910e37645f049a44b00",
      "subsystem": "core",
      "tags": [],
      "risk": "low"
    },
    {
      "path": "integrations/FAILURE_FACTOR_REGISTRY_v1/FAILURE_FACTOR_REGISTRY_v1.json",
      "bytes": 2879,
      "sha256": "0644e04df1656c37c657f83e1567319cd819006d8f0984f22d639d028f2764d1",
      "subsystem": "core",
      "tags": [],
      "risk": "low"
    },
    {
      "path": "integrations/FAILURE_FACTOR_REGISTRY_v1/FAILURE_FACTOR_REGISTRY_v1.md",
      "bytes": 89,
      "sha256": "5813b3df10bf8123b10a7b0977b5b5c2d0b60550f83f6e8f765a722f46140f21",
      "subsystem": "core",
      "tags": [],
      "risk": "low"
    },
    {
      "path": "integrations/POINTER.md",
      "bytes": 419,
      "sha256": "0c99aa699be06dec2ef512db1292e34287d71cf230ef99da44679684a7501dcf",
      "subsystem": "core",
      "tags": [],
      "risk": "low"
    },
    {
      "path": "integrations/SEMANTIC_SHADOW_EXECUTOR_v1/README.md",
      "bytes": 471,
      "sha256": "9f4637921eb28a918d3b0fda7f16f41d90101e13d10b1e571def5c693737a052",
      "subsystem": "core",
      "tags": [],
      "risk": "low"
    },
    {
      "path": "integrations/SEMANTIC_SHADOW_EXECUTOR_v1/semantic_shadow_executor.py",
      "bytes": 2102,
      "sha256": "46fdc8b3b1351546bbec1eb029338dca01a054c79d2c0f30c000954291a10399",
      "subsystem": "core",
      "tags": [],
      "risk": "low"
    },
    {
      "path": "integrations/SEMANTIC_SHADOW_EXECUTOR_v1/shadow_payload_schema.json",
      "bytes": 352,
      "sha256": "e2a9f05434c8baac8f81aaa7a0c0ec8840b58ab34651eadda5793817c4771a30",
      "subsystem": "core",
      "tags": [],
      "risk": "low"
    },
    {
      "path": "integrations/TOOLCHAIN_TRUTH_AUTOFIX_RULESET_v1/TOOLCHAIN_TRUTH_AUTOFIX_RULESET_v1.json",
      "bytes": 8736,
      "sha256": "ee4b458906062ed74abdab85498306096b4b6a119f867fd752573444d69e59fe",
      "subsystem": "core",
      "tags": [],
      "risk": "low"
    },
    {
      "path": "integrations/TOOLCHAIN_TRUTH_AUTOFIX_RULESET_v1/TOOLCHAIN_TRUTH_AUTOFIX_RULESET_v1.md",
      "bytes": 831,
      "sha256": "99bfc28c39223081557430bdf3f9642637e50b7c4de9218c443b462545802488",
      "subsystem": "core",
      "tags": [],
      "risk": "low"
    },
    {
      "path": "integrations/TTG_TTAF_RUNNER_v1/README.md",
      "bytes": 436,
      "sha256": "0517b172aaf2c7e40e853b985f97f631276faef24f95d7aaaf5308573e838f54",
      "subsystem": "core",
      "tags": [],
      "risk": "low"
    },
    {
      "path": "integrations/TTG_TTAF_RUNNER_v1/ttg_ttaf_runner.py",
      "bytes": 1661,
      "sha256": "1f3d089649e5241f7e53be6f6905184ebbba265bc493bc8b87af51a095ca4163",
      "subsystem": "core",
      "tags": [],
      "risk": "low"
    },
    {
      "path": "kernel/POINTER.md",
      "bytes": 413,
      "sha256": "b1ab9cd1ec84ff71995dfb83b278180848600b4ae950e97459923e6be5d9c0f4",
      "subsystem": "core",
      "tags": [],
      "risk": "low"
    },
    {
      "path": "kernel/__init__.py",
      "bytes": 0,
      "sha256": "e3b0c44298fc1c149afbf4c8996fb92427ae41e4649b934ca495991b7852b855",
      "subsystem": "core",
      "tags": [],
      "risk": "low"
    },
    {
      "path": "kernel/__pycache__/__init__.cpython-311.pyc",
      "bytes": 166,
      "sha256": "444729849a58c7aa24a541ac6809b595378133c996eb2eb06a5a99b4ec2bfc38",
      "subsystem": "core",
      "tags": [],
      "risk": "low"
    },
    {
      "path": "kernel/gates/validate_metablooms_export.py",
      "bytes": 2197,
      "sha256": "7e719179d52aa8f7f86728d192247292a19f160ef605e847ce903b7ddb415217",
      "subsystem": "validators",
      "tags": [
        "validation"
      ],
      "risk": "high"
    },
    {
      "path": "kernel/router/htdl_router_policy.json",
      "bytes": 456,
      "sha256": "fd427c58e55325798e0ec22c280af2769ec7cb351ce70e6dea638a922e2a1a2e",
      "subsystem": "core",
      "tags": [],
      "risk": "low"
    },
    {
      "path": "kernel/router/router_feedback_loop.py",
      "bytes": 2441,
      "sha256": "a842cb79a8a2dc361023d43467b1f20566912694522e7e98576b9677c8e5d5e2",
      "subsystem": "core",
      "tags": [],
      "risk": "low"
    },
    {
      "path": "kernel/runtime/POINTER.md",
      "bytes": 108,
      "sha256": "5fe399463143521c56672753b4f95d4f1f4d54cdf8af6fed59c1ded6e993dc06",
      "subsystem": "core",
      "tags": [],
      "risk": "low"
    },
    {
      "path": "kernel/runtime/README.md",
      "bytes": 117,
      "sha256": "fc7f5d0f9b6a20b599506ce079018e466564c930ec98a8e2f33408d8983fdad2",
      "subsystem": "core",
      "tags": [],
      "risk": "low"
    },
    {
      "path": "kernel/runtime/__init__.py",
      "bytes": 0,
      "sha256": "e3b0c44298fc1c149afbf4c8996fb92427ae41e4649b934ca495991b7852b855",
      "subsystem": "core",
      "tags": [],
      "risk": "low"
    },
    {
      "path": "kernel/runtime/__pycache__/__init__.cpython-311.pyc",
      "bytes": 174,
      "sha256": "a9ba91c598e147fa6a6f961868be302fc9d3ea729fb3e655aeb88ee2ed60f3e3",
      "subsystem": "core",
      "tags": [],
      "risk": "low"
    },
    {
      "path": "kernel/runtime/__pycache__/agent_loop.cpython-311.pyc",
      "bytes": 6318,
      "sha256": "96a88d7b821b4a042394fe5f7004c93aac6411c54f388ee543b2287726c185d4",
      "subsystem": "core",
      "tags": [],
      "risk": "low"
    },
    {
      "path": "kernel/runtime/__pycache__/common.cpython-311.pyc",
      "bytes": 2730,
      "sha256": "7aa8e5805eaec4603ca0b8e83568759077b567ae6461686c80c6c110ed0a743e",
      "subsystem": "core",
      "tags": [],
      "risk": "low"
    },
    {
      "path": "kernel/runtime/__pycache__/tool_registry.cpython-311.pyc",
      "bytes": 3467,
      "sha256": "bf070797533acbc137304c1971c13f864e72d86934e7521153bae736a7ed5844",
      "subsystem": "core",
      "tags": [],
      "risk": "low"
    },
    {
      "path": "kernel/runtime/agent_loop.py",
      "bytes": 5011,
      "sha256": "2d7676f84ae7076250e6b400a0cf9d8aaa15a77bfb1ec47a794368ccafcca2fe",
      "subsystem": "core",
      "tags": [],
      "risk": "low"
    },
    {
      "path": "kernel/runtime/chat_time_gate.py",
      "bytes": 3336,
      "sha256": "baf7d817236b13d5f3a46e92a52983aadd5619038415182a0cd2cef3402ed301",
      "subsystem": "core",
      "tags": [],
      "risk": "low"
    },
    {
      "path": "kernel/runtime/common.py",
      "bytes": 797,
      "sha256": "44aab10b619e0bca4ffd9299a16c46bc2ad8f2c4e5f034457d1d5904c85316cb",
      "subsystem": "core",
      "tags": [],
      "risk": "low"
    },
    {
      "path": "kernel/runtime/env_snapshot.py",
      "bytes": 369,
      "sha256": "e77558052665d9ff1fe99729f645f0fd71dbe0cc37a65baf6a39aa8a335392c2",
      "subsystem": "core",
      "tags": [],
      "risk": "low"
    },
    {
      "path": "kernel/runtime/run_demo.py",
      "bytes": 1860,
      "sha256": "6536cceda8f144f35939e43d6a412df6c744a214f20eff26f374dc87a8dba9bb",
      "subsystem": "core",
      "tags": [],
      "risk": "low"
    },
    {
      "path": "kernel/runtime/task_contract.schema.json",
      "bytes": 121,
      "sha256": "5b2f2ec529d1219f24475a2c4ff5aea092b4d361c3596e29e164a6106e385f0b",
      "subsystem": "core",
      "tags": [],
      "risk": "low"
    },
    {
      "path": "kernel/runtime/time_sentinel.py",
      "bytes": 2780,
      "sha256": "91ef807a23434010c6f14dbc15c0bfde5b75843872b21064745f8ea0bc02669f",
      "subsystem": "core",
      "tags": [],
      "risk": "low"
    },
    {
      "path": "kernel/runtime/tool_registry.py",
      "bytes": 3978,
      "sha256": "5289a777fba32e30f07510ad9846d10444c0e392f4f9e3b635d53366ab303da1",
      "subsystem": "core",
      "tags": [],
      "risk": "low"
    },
    {
      "path": "kernel/telemetry/__init__.py",
      "bytes": 0,
      "sha256": "e3b0c44298fc1c149afbf4c8996fb92427ae41e4649b934ca495991b7852b855",
      "subsystem": "core",
      "tags": [],
      "risk": "low"
    },
    {
      "path": "kernel/telemetry/__pycache__/__init__.cpython-311.pyc",
      "bytes": 176,
      "sha256": "9d84c810d29b50e2bf2db9a2745c1cca391e056366b66e736400b528d553f3a9",
      "subsystem": "core",
      "tags": [],
      "risk": "low"
    },
    {
      "path": "kernel/telemetry/__pycache__/hte_phase0.cpython-311.pyc",
      "bytes": 3842,
      "sha256": "d10bbe6fb9d8e3a8ef5032a19ee4a41ed9a39bc8a0ac0bb28a325bc45b360f9b",
      "subsystem": "core",
      "tags": [],
      "risk": "low"
    },
    {
      "path": "kernel/telemetry/htdl/divergence.schema.json",
      "bytes": 322,
      "sha256": "21bb3b8ddd83736ce26109a260423fad7dd42f06d89bc552f62ffabbf7046bf6",
      "subsystem": "core",
      "tags": [],
      "risk": "low"
    },
    {
      "path": "kernel/telemetry/htdl/evidence_log.json",
      "bytes": 831,
      "sha256": "c74b9d16de5db61a4ae9e1ea8dfc9ca508f773d944ef4278197c07c6c55bd967",
      "subsystem": "core",
      "tags": [],
      "risk": "low"
    },
    {
      "path": "kernel/telemetry/htdl/evidence_log_upgrade_pilot_replay_router.json",
      "bytes": 3497,
      "sha256": "6bf6625fb0716a005649f7aa4082ebc649bff9e28d9c03061a4b431229ee7504",
      "subsystem": "core",
      "tags": [],
      "risk": "low"
    },
    {
      "path": "kernel/telemetry/htdl/evidence_log_v1_1.json",
      "bytes": 1233,
      "sha256": "d18396ea5fe211623360aa377a1c7b5cd3af43700c7502331e6a1831226d0f75",
      "subsystem": "core",
      "tags": [],
      "risk": "low"
    },
    {
      "path": "kernel/telemetry/htdl/heuristic_intent.schema.json",
      "bytes": 346,
      "sha256": "28b97c65126aefebfe74f017305c09302b1fa4d6ff88e2cb9cf86541e6b8f6ee",
      "subsystem": "core",
      "tags": [],
      "risk": "low"
    },
    {
      "path": "kernel/telemetry/htdl/htdl.ndjson",
      "bytes": 2644,
      "sha256": "9bbdf4153a031e7c83fac5b2f1c885783f41ad09d1b42072e335707ca471a950",
      "subsystem": "core",
      "tags": [],
      "risk": "low"
    },
    {
      "path": "kernel/telemetry/htdl/verified_reality.schema.json",
      "bytes": 324,
      "sha256": "b1fb51c572d1d2e855fd40f2d5f53fc491a459aa7223b77b533db8032a93327d",
      "subsystem": "core",
      "tags": [],
      "risk": "low"
    },
    {
      "path": "kernel/telemetry/hte_phase0.py",
      "bytes": 1557,
      "sha256": "286819a6e44086e0171367c145bcd784dc5b3d8b66642eb79cdef846af264a47",
      "subsystem": "core",
      "tags": [],
      "risk": "low"
    },
    {
      "path": "learning/CLE_WIRING.json",
      "bytes": 340,
      "sha256": "06b50291cb565ab5cb63be286e8b5ca283a6f67b030249822a0e0f4bffdc58af",
      "subsystem": "core",
      "tags": [],
      "risk": "low"
    },
    {
      "path": "learning/POINTER.md",
      "bytes": 415,
      "sha256": "0862a8e8f2d24c1e777955b60476ba4fee3c8e16278cfec9c1c0c5696804217c",
      "subsystem": "core",
      "tags": [],
      "risk": "low"
    },
    {
      "path": "learning/cle/CLE_WIRING.json",
      "bytes": 231,
      "sha256": "40594924e08ba82a477a0fc1c292d8b613688394c84fc36c6743c30c6f4f0ca5",
      "subsystem": "core",
      "tags": [],
      "risk": "low"
    },
    {
      "path": "learning/macroblooms/registry.json",
      "bytes": 156,
      "sha256": "2b25c646a45c791a8002d9c77a4ab500b1bbe6eac753941fbda15a727f30ec7f",
      "subsystem": "core",
      "tags": [],
      "risk": "low"
    },
    {
      "path": "learning/microblooms/registry.json",
      "bytes": 173,
      "sha256": "c3d45ae565d252c9686f20a91902d0717239a91ff05ad8ca526e2b6d6e929315",
      "subsystem": "core",
      "tags": [],
      "risk": "low"
    },
    {
      "path": "learning/nanoblooms/registry.json",
      "bytes": 162,
      "sha256": "27d77a05232e7f3469e41cc5af6bc1222b05934fdc89566f4e0d1e2304ce95f2",
      "subsystem": "core",
      "tags": [],
      "risk": "low"
    },
    {
      "path": "learning/traces/sample_trace.json",
      "bytes": 185,
      "sha256": "1c24955e7cfc76a3c51f9b6f9caecdf518fb8a149977e90eb56a015a55d2f5a1",
      "subsystem": "core",
      "tags": [],
      "risk": "low"
    },
    {
      "path": "ledgers/ENVIRONMENT_FAILURE_LEDGER.schema.json",
      "bytes": 589,
      "sha256": "2ac1f92a7e5a8545077adb7ec6686a6a758395163208e7b7669eae4506ab671e",
      "subsystem": "ledgers",
      "tags": [
        "ledger"
      ],
      "risk": "low"
    },
    {
      "path": "ledgers/ENVIRONMENT_FAILURE_LEDGER.seed.json",
      "bytes": 2138,
      "sha256": "d2db22e2d29fd455fd45b305cdf948bad8be83bb9302552939d31c1c202b043d",
      "subsystem": "ledgers",
      "tags": [
        "ledger"
      ],
      "risk": "low"
    },
    {
      "path": "ledgers/POINTER.md",
      "bytes": 414,
      "sha256": "b14aba463a457f64dfca95bd8267a0fe3bc108613da0806100fc012356bac0ed",
      "subsystem": "ledgers",
      "tags": [
        "ledger"
      ],
      "risk": "low"
    },
    {
      "path": "ledgers/activation.ndjson",
      "bytes": 715,
      "sha256": "ae4475dbab128b475c46893df6a8145ed4303d9d906e62a6cc427f81f82a60ce",
      "subsystem": "ledgers",
      "tags": [
        "ledger"
      ],
      "risk": "low"
    },
    {
      "path": "ledgers/agent.ndjson",
      "bytes": 1147,
      "sha256": "c908f307a88faa11a671abd103656739afd8651f1316e47aab6bac432bb73475",
      "subsystem": "ledgers",
      "tags": [
        "ledger"
      ],
      "risk": "low"
    },
    {
      "path": "ledgers/chat_health.ndjson",
      "bytes": 223,
      "sha256": "dbfc3a4fd44062a6001c7f89ce0239bdf7c61a7c8e0f02df18753cad2428cc86",
      "subsystem": "ledgers",
      "tags": [
        "ledger"
      ],
      "risk": "low"
    },
    {
      "path": "ledgers/decisions.ndjson",
      "bytes": 266,
      "sha256": "0c89b2101514c713b0a28e42bc483b4fbeae25397d685a77b50aaf1eae04cd0c",
      "subsystem": "ledgers",
      "tags": [
        "ledger"
      ],
      "risk": "low"
    },
    {
      "path": "ledgers/environment_failures.ndjson",
      "bytes": 129,
      "sha256": "bf3b22a918f49a56fc29a9183c6765a147fb4b34817227c575f6b706054d1ac1",
      "subsystem": "ledgers",
      "tags": [
        "ledger"
      ],
      "risk": "low"
    },
    {
      "path": "ledgers/evidence.ndjson",
      "bytes": 337,
      "sha256": "fed2b47388cc8695d0e4b9bd50820975a4ed61afcb56f2e08ba8686ae716b86f",
      "subsystem": "ledgers",
      "tags": [
        "ledger"
      ],
      "risk": "low"
    },
    {
      "path": "ledgers/heuristics.ndjson",
      "bytes": 0,
      "sha256": "e3b0c44298fc1c149afbf4c8996fb92427ae41e4649b934ca495991b7852b855",
      "subsystem": "ledgers",
      "tags": [
        "ledger"
      ],
      "risk": "low"
    },
    {
      "path": "ledgers/htdl.ndjson",
      "bytes": 393,
      "sha256": "9869fd2b6124d755059493f194cc5d1ffc15a4ac432b0f6e3bd7865328e2582e",
      "subsystem": "ledgers",
      "tags": [
        "ledger"
      ],
      "risk": "low"
    },
    {
      "path": "ledgers/hte_raw.ndjson",
      "bytes": 6336,
      "sha256": "e42290fde298bc9c550e6577dbacb5520737490b0d117f6ae9189aea5a93c267",
      "subsystem": "ledgers",
      "tags": [
        "ledger"
      ],
      "risk": "low"
    },
    {
      "path": "ledgers/pilot.ndjson",
      "bytes": 183,
      "sha256": "1f628fab5568f49dad76368442aec00852a495e02a21082026e7199e7c343e69",
      "subsystem": "ledgers",
      "tags": [
        "ledger"
      ],
      "risk": "low"
    },
    {
      "path": "ledgers/relive.ndjson",
      "bytes": 0,
      "sha256": "e3b0c44298fc1c149afbf4c8996fb92427ae41e4649b934ca495991b7852b855",
      "subsystem": "ledgers",
      "tags": [
        "ledger"
      ],
      "risk": "low"
    },
    {
      "path": "ledgers/router.ndjson",
      "bytes": 450,
      "sha256": "9b5870d3ad9029398211066e6effb328c259b204506d89c6c3990e36b80a330f",
      "subsystem": "ledgers",
      "tags": [
        "ledger"
      ],
      "risk": "low"
    },
    {
      "path": "manifests/MANIFEST_KERNEL.json",
      "bytes": 990,
      "sha256": "099a5d1437ac049c007596642eb5c9388479d0d55aeb556454cc2dda383608d0",
      "subsystem": "core",
      "tags": [],
      "risk": "low"
    },
    {
      "path": "manifests/MANIFEST_MODULES.json",
      "bytes": 530,
      "sha256": "6b9eef1eed64aea94ff61a35afa804d3c0c15f97615606d3420c21349997b4e6",
      "subsystem": "core",
      "tags": [],
      "risk": "low"
    },
    {
      "path": "manifests/MANIFEST_SYSTEM_INDEX.json",
      "bytes": 1223,
      "sha256": "4e91b7b38f0aeb141b77993130de1853d4e8548c2bcf74514a7ed31299e6c6d0",
      "subsystem": "core",
      "tags": [],
      "risk": "low"
    },
    {
      "path": "manifests/POINTER.md",
      "bytes": 416,
      "sha256": "21418f916155b7adfdfa30e15bd5530f0460e0c131b17aa602821a0abbd43d57",
      "subsystem": "core",
      "tags": [],
      "risk": "low"
    },
    {
      "path": "memory/POINTER.md",
      "bytes": 413,
      "sha256": "b985191bf33fd2bd826bd83135d2f62cb1499f2016796823012639c00203e43a",
      "subsystem": "core",
      "tags": [],
      "risk": "low"
    },
    {
      "path": "memory/active/kic/known_issue_catalog.json",
      "bytes": 7054,
      "sha256": "d75e9d78e2f35f6243afacadd4f3187ed63d0ccd5de8b2bb37d2167aeb2f4d02",
      "subsystem": "core",
      "tags": [],
      "risk": "low"
    },
    {
      "path": "metablooms/ACTIVE_STATE.md",
      "bytes": 486,
      "sha256": "be7059815d80ff6593cc1c9ac6e967a00247140777e4655a1ce7a2f975a84dd5",
      "subsystem": "governance",
      "tags": [
        "governance",
        "runtime"
      ],
      "risk": "high"
    },
    {
      "path": "metablooms/HEALTH.json",
      "bytes": 2530,
      "sha256": "560c4e25439c5a15cb3a01f11e399b04875662d838b2ac097d9b83c4c4836ef4",
      "subsystem": "governance",
      "tags": [
        "governance",
        "runtime"
      ],
      "risk": "high"
    },
    {
      "path": "metablooms/POINTER.md",
      "bytes": 417,
      "sha256": "f4d9d8d0095cad2fb9788d7d88fb4119b243d1c1d0922330099901268b823297",
      "subsystem": "governance",
      "tags": [
        "governance",
        "runtime"
      ],
      "risk": "high"
    },
    {
      "path": "metablooms/STATUS.md",
      "bytes": 812,
      "sha256": "9081fdac9de81f4b6fbf7889a052e5e4c02b390e285ab7c38274d489ccd6ae83",
      "subsystem": "governance",
      "tags": [
        "governance",
        "runtime"
      ],
      "risk": "high"
    },
    {
      "path": "metablooms/WHAT_CHANGED_TODAY.md",
      "bytes": 549,
      "sha256": "17ad49708d8a2558ecf4223927433cbe9ed9ddd177fea1f2fc51a717a7058e9f",
      "subsystem": "governance",
      "tags": [
        "governance",
        "runtime"
      ],
      "risk": "high"
    },
    {
      "path": "metablooms/__init__.py",
      "bytes": 21,
      "sha256": "e8cd967b10650125c6fecb5671895d1c00b5197c284fb52423e758b2e7874be9",
      "subsystem": "governance",
      "tags": [
        "governance",
        "runtime"
      ],
      "risk": "high"
    },
    {
      "path": "metablooms/deltas/__init__.py",
      "bytes": 10,
      "sha256": "527c668d5ae4f9e34e46c8ad88ce3c5b4a41eb27ec684ace6a4f11621fc42edf",
      "subsystem": "governance",
      "tags": [
        "governance",
        "runtime"
      ],
      "risk": "high"
    },
    {
      "path": "metablooms/deltas/delta_20251230T013332Z.json",
      "bytes": 1596,
      "sha256": "46f597123fe9e76025631afcaf8f21de23915a3edcb8cc3e83e4e2bae1dc8d39",
      "subsystem": "governance",
      "tags": [
        "governance",
        "runtime"
      ],
      "risk": "high"
    },
    {
      "path": "metablooms/deltas/delta_20251230T015200Z_governance_evidence_observability.json",
      "bytes": 1404,
      "sha256": "d7c3b42be27dbb3a6d1b38b02489d7314055660cb806c2cf489aa4df1308a3cd",
      "subsystem": "governance",
      "tags": [
        "governance",
        "runtime"
      ],
      "risk": "high"
    },
    {
      "path": "metablooms/deltas/deltapack_v1_schema.json",
      "bytes": 581,
      "sha256": "e75990f45c0c594baafabcd073ec25daf40ba6fd4921fcef4ec326f7e4807ffd",
      "subsystem": "governance",
      "tags": [
        "governance",
        "runtime"
      ],
      "risk": "high"
    },
    {
      "path": "metablooms/deltas/write_deltapack_v1.py",
      "bytes": 1179,
      "sha256": "eba363e2c310d9e5d568d6cf378d0a6d215f35e494b70c8f1f419107bedb6a14",
      "subsystem": "governance",
      "tags": [
        "governance",
        "runtime"
      ],
      "risk": "high"
    },
    {
      "path": "metablooms/evidence/OS_BatchPack_0001.mips.json",
      "bytes": 467863,
      "sha256": "b48d56ff54a3476040c6e2d3ed770c0ce06499113ebf4fd8692a34d7493ef271",
      "subsystem": "governance",
      "tags": [
        "governance",
        "runtime"
      ],
      "risk": "high"
    },
    {
      "path": "metablooms/gates/MB_SIEGE_GATES_v1.json",
      "bytes": 1167,
      "sha256": "16003c5f30eeeda3d54d8b4ad200f22d122bd598c2adcd2bb8e9d80ae9de497a",
      "subsystem": "governance",
      "tags": [
        "governance",
        "runtime"
      ],
      "risk": "high"
    },
    {
      "path": "metablooms/governance/EVG-1.0.md",
      "bytes": 3500,
      "sha256": "5aaac4be599bccda130fc4bacbaabeb70fed6c949b434b339e304981b9e62a3b",
      "subsystem": "governance",
      "tags": [
        "governance",
        "runtime"
      ],
      "risk": "high"
    },
    {
      "path": "metablooms/governance/EVG_PLAN.json",
      "bytes": 2197,
      "sha256": "fded4b757e3148f60e1c8a4462d3d573238cb5336c3d13ea57a387c884f230b7",
      "subsystem": "governance",
      "tags": [
        "governance",
        "runtime"
      ],
      "risk": "high"
    },
    {
      "path": "metablooms/governance/SANDCRAWLER_FAIL_CLOSE_SFC-1.0.md",
      "bytes": 2792,
      "sha256": "2a479553bf3176721cce4ad9d37dd9b8bace4116fb341cddcbe145a56bb59251",
      "subsystem": "governance",
      "tags": [
        "governance",
        "runtime",
        "sandcrawler"
      ],
      "risk": "high"
    },
    {
      "path": "metablooms/governance/SENTINEL_MODE_DOCTRINE_v1.md",
      "bytes": 943,
      "sha256": "d3d95fc8b0d8a6ff989d1feac4b3be09a564fb88e4ecd95c4afbce465be082bd",
      "subsystem": "governance",
      "tags": [
        "governance",
        "runtime"
      ],
      "risk": "high"
    },
    {
      "path": "metablooms/governance/SIEGE_SCORECARD_v1.md",
      "bytes": 904,
      "sha256": "9d8a4ac5e497a6efbc84984c475d10768f7414f21c638868936130277633f1cd",
      "subsystem": "governance",
      "tags": [
        "governance",
        "runtime"
      ],
      "risk": "high"
    },
    {
      "path": "metablooms/indexing/OS_INDEX.md",
      "bytes": 8971,
      "sha256": "c9ba067def8f76aa4487b75639047286c4b404a5a27ea6d225394f18171172b3",
      "subsystem": "governance",
      "tags": [
        "governance",
        "runtime"
      ],
      "risk": "high"
    },
    {
      "path": "metablooms/indexing/OS_INDEX_CANONICAL.json",
      "bytes": 90198,
      "sha256": "188ac2a3162b675faaf88a055f9d3a4c607c832e8b5919b34240abb8b6e7c497",
      "subsystem": "governance",
      "tags": [
        "governance",
        "runtime"
      ],
      "risk": "high"
    },
    {
      "path": "metablooms/indexing/OS_INDEX_VIEWS.json",
      "bytes": 17416,
      "sha256": "72354065f7109fc5b962f6ccc99bd5d20efa3812e24a6c39e762a7401d68f9d2",
      "subsystem": "governance",
      "tags": [
        "governance",
        "runtime"
      ],
      "risk": "high"
    },
    {
      "path": "metablooms/indexing/generate_os_index.py",
      "bytes": 4156,
      "sha256": "a42ce8057567fb836ae4ec061fed49ee1ba3c7d768240917bfa702c8f4537a39",
      "subsystem": "governance",
      "tags": [
        "governance",
        "runtime"
      ],
      "risk": "high"
    },
    {
      "path": "metablooms/invariants/ACTIVE_INVARIANTS.json",
      "bytes": 47,
      "sha256": "dc816eafc20a8c6fda21a79ef04a9d795ac3f7ac9044d53b98805c757d2e26db",
      "subsystem": "governance",
      "tags": [
        "governance",
        "runtime"
      ],
      "risk": "high"
    },
    {
      "path": "metablooms/invariants/invariant_governance_cert_visibility_v1.json",
      "bytes": 518,
      "sha256": "f43de2a1576a83f5cbe55d2532c3d4d002b29c369089919fc47ad07e0260bcec",
      "subsystem": "governance",
      "tags": [
        "governance",
        "runtime"
      ],
      "risk": "high"
    },
    {
      "path": "metablooms/ledgers/.keep",
      "bytes": 0,
      "sha256": "e3b0c44298fc1c149afbf4c8996fb92427ae41e4649b934ca495991b7852b855",
      "subsystem": "governance",
      "tags": [
        "governance",
        "ledger",
        "runtime"
      ],
      "risk": "high"
    },
    {
      "path": "metablooms/ledgers/LAST_KNOWN_GOOD.json",
      "bytes": 192,
      "sha256": "d92bde904247582904b55bb536c6f4a4e4a5eb4514a8b5b1733a5e70b825b197",
      "subsystem": "governance",
      "tags": [
        "governance",
        "ledger",
        "runtime"
      ],
      "risk": "high"
    },
    {
      "path": "metablooms/ledgers/invariant_ledger.jsonl",
      "bytes": 288,
      "sha256": "484acc63e66d8a24a0929cc557888b352286b485a422d875ed7dea2d6687efb4",
      "subsystem": "governance",
      "tags": [
        "governance",
        "ledger",
        "runtime"
      ],
      "risk": "high"
    },
    {
      "path": "metablooms/ledgers/metablooms_os_ledger.jsonl",
      "bytes": 409,
      "sha256": "5f4c8f1b23bb7612ba0ace4521df444e86aca4abe5fd5d4ed12ae895d12c852f",
      "subsystem": "governance",
      "tags": [
        "governance",
        "ledger",
        "runtime"
      ],
      "risk": "high"
    },
    {
      "path": "metablooms/observability/__init__.py",
      "bytes": 516,
      "sha256": "d385ecd1e9ca887d5654ac0da68a7a3c49cd50218d16256f83f16d986d29400c",
      "subsystem": "governance",
      "tags": [
        "governance",
        "runtime"
      ],
      "risk": "high"
    },
    {
      "path": "metablooms/observability/generators/generate_active_state.py",
      "bytes": 3205,
      "sha256": "60d930b14a33bf4e47d14c2a0216971ea5aa287eb0c8c91b97a727da81eb6787",
      "subsystem": "governance",
      "tags": [
        "governance",
        "runtime"
      ],
      "risk": "high"
    },
    {
      "path": "metablooms/observability/generators/generate_all.py",
      "bytes": 933,
      "sha256": "1c998a031a8db4e7e8d4068b6f7c1a8a2377d28ac450b430e291ce6997d230f6",
      "subsystem": "governance",
      "tags": [
        "governance",
        "runtime"
      ],
      "risk": "high"
    },
    {
      "path": "metablooms/observability/generators/generate_changes_today.py",
      "bytes": 3128,
      "sha256": "0210d5999529a688c1eca0d93724c436338ff76320d40fbff495cb09fc3b4b42",
      "subsystem": "governance",
      "tags": [
        "governance",
        "runtime"
      ],
      "risk": "high"
    },
    {
      "path": "metablooms/observability/generators/generate_health.py",
      "bytes": 8194,
      "sha256": "32fb23b23e41645b0801f57da0325aa53b73a613c960ca226a3b71006b9d044b",
      "subsystem": "governance",
      "tags": [
        "governance",
        "runtime"
      ],
      "risk": "high"
    },
    {
      "path": "metablooms/observability/generators/generate_status.py",
      "bytes": 2031,
      "sha256": "436140a1c635bf6bad2fc2dc44e940b2b3748bd0a303fcbb6a8af609c4eff763",
      "subsystem": "governance",
      "tags": [
        "governance",
        "runtime"
      ],
      "risk": "high"
    },
    {
      "path": "metablooms/observability/templates/ACTIVE_STATE.md.template",
      "bytes": 254,
      "sha256": "68e33ae3f10d44f087c6c701dc019621f96e9360fd06ce483a6c0063af903eaf",
      "subsystem": "governance",
      "tags": [
        "governance",
        "runtime"
      ],
      "risk": "high"
    },
    {
      "path": "metablooms/observability/templates/STATUS.md.template",
      "bytes": 468,
      "sha256": "dbd34dc4e11c0f59a1bda49b341fadd7c0b2996639a6ff01372b74c236ad90c3",
      "subsystem": "governance",
      "tags": [
        "governance",
        "runtime"
      ],
      "risk": "high"
    },
    {
      "path": "metablooms/observability/templates/WHAT_CHANGED_TODAY.md.template",
      "bytes": 75,
      "sha256": "5be8edd578889875cece9ab535e3e0713de8084674695ffe14eeb192bea847ae",
      "subsystem": "governance",
      "tags": [
        "governance",
        "runtime"
      ],
      "risk": "high"
    },
    {
      "path": "metablooms/observability/tests/test_observability_minimal.py",
      "bytes": 133,
      "sha256": "ee360920133b45e991ae91fe9c606297152d03d3e389811adc2c2e7caaba0aa4",
      "subsystem": "governance",
      "tags": [
        "governance",
        "runtime"
      ],
      "risk": "high"
    },
    {
      "path": "metablooms/observability/validators/validate_observability.py",
      "bytes": 2275,
      "sha256": "487d71900ce3c7a2c07880ec3f3b538b60a2392a8254656fd59ea79bec77f9de",
      "subsystem": "governance",
      "tags": [
        "governance",
        "runtime",
        "validation"
      ],
      "risk": "high"
    },
    {
      "path": "metablooms/reports/.keep",
      "bytes": 0,
      "sha256": "e3b0c44298fc1c149afbf4c8996fb92427ae41e4649b934ca495991b7852b855",
      "subsystem": "governance",
      "tags": [
        "governance",
        "runtime"
      ],
      "risk": "high"
    },
    {
      "path": "metablooms/tools/__init__.py",
      "bytes": 10,
      "sha256": "527c668d5ae4f9e34e46c8ad88ce3c5b4a41eb27ec684ace6a4f11621fc42edf",
      "subsystem": "governance",
      "tags": [
        "governance",
        "runtime"
      ],
      "risk": "high"
    },
    {
      "path": "metablooms/tools/diff_to_deltapack_v1.py",
      "bytes": 2138,
      "sha256": "d1e051bb47548ca684182cdbe5961d50b805b7a8e0b8877dcfc024762f4cc0b2",
      "subsystem": "governance",
      "tags": [
        "governance",
        "runtime"
      ],
      "risk": "high"
    },
    {
      "path": "metablooms/tools/mb_score_siege_v1.py",
      "bytes": 1888,
      "sha256": "035f9a2733ae4c7d95a03c408d88016b45e9879e01a9d9c8ebbd153f2f1f0a8a",
      "subsystem": "governance",
      "tags": [
        "governance",
        "runtime"
      ],
      "risk": "high"
    },
    {
      "path": "metablooms/tools/revoke_delta_v1.py",
      "bytes": 451,
      "sha256": "84725c536948c7fe321aab22825831333c8543da4244376c9a294906fc412c32",
      "subsystem": "governance",
      "tags": [
        "governance",
        "runtime"
      ],
      "risk": "high"
    },
    {
      "path": "metablooms/tools/write_dashboard_v1.py",
      "bytes": 1719,
      "sha256": "fed993a75e6a545b90f742afad0ae1e489c9f0906412abb428d00d2a996be427",
      "subsystem": "governance",
      "tags": [
        "governance",
        "runtime"
      ],
      "risk": "high"
    },
    {
      "path": "metablooms/transcripts/.keep",
      "bytes": 0,
      "sha256": "e3b0c44298fc1c149afbf4c8996fb92427ae41e4649b934ca495991b7852b855",
      "subsystem": "governance",
      "tags": [
        "governance",
        "runtime"
      ],
      "risk": "high"
    },
    {
      "path": "metablooms/validators/__init__.py",
      "bytes": 10,
      "sha256": "527c668d5ae4f9e34e46c8ad88ce3c5b4a41eb27ec684ace6a4f11621fc42edf",
      "subsystem": "governance",
      "tags": [
        "governance",
        "runtime",
        "validation"
      ],
      "risk": "high"
    },
    {
      "path": "metablooms/validators/activation_gate_v1.py",
      "bytes": 826,
      "sha256": "20616786ca34ec3b3122b5abae968bf7fe9d865c005cf84be2651405c554514f",
      "subsystem": "governance",
      "tags": [
        "governance",
        "runtime",
        "validation"
      ],
      "risk": "high"
    },
    {
      "path": "metablooms/validators/validate_deltapack_v1.py",
      "bytes": 1684,
      "sha256": "9d2dc64c42d5d26352ebbfcb7bae1cb20031ee769d5ffd5c3ca7375b3233413a",
      "subsystem": "governance",
      "tags": [
        "governance",
        "runtime",
        "validation"
      ],
      "risk": "high"
    },
    {
      "path": "metablooms_governance/CEJ1.md",
      "bytes": 63,
      "sha256": "a2c791baf8ea0b9e21648f6746fe418c2ba9b1ee03c4be4716f5df2b9e1b3054",
      "subsystem": "core",
      "tags": [],
      "risk": "low"
    },
    {
      "path": "metablooms_governance/CEJ2.md",
      "bytes": 121,
      "sha256": "e6386b35a7cf9f5bc5dc9b3db9531fea73b2923c4fe11230351ef71260cd3dd2",
      "subsystem": "core",
      "tags": [],
      "risk": "low"
    },
    {
      "path": "metablooms_governance/CEJ3.md",
      "bytes": 86,
      "sha256": "ebfff7497a6ab616449e2f0e269cf4bc307d70f0f07ebcf374836dafa2fe888e",
      "subsystem": "core",
      "tags": [],
      "risk": "low"
    },
    {
      "path": "metablooms_governance/CEJ4.md",
      "bytes": 85,
      "sha256": "488628a30f9487a5c33bf5e89ccf54e13318bbe1b292d7646d80e5ffd51abd10",
      "subsystem": "core",
      "tags": [],
      "risk": "low"
    },
    {
      "path": "metablooms_governance/CEJ5.md",
      "bytes": 72,
      "sha256": "0afa5cbc92592834992d61916d32d3f8999f5df0a022052e4c92e6c5531d6228",
      "subsystem": "core",
      "tags": [],
      "risk": "low"
    },
    {
      "path": "metablooms_governance/CEJ6.md",
      "bytes": 74,
      "sha256": "42501f3cd4e675405d04ad44611a93f20e39ac99a3e2259481ba1ef01684f60a",
      "subsystem": "core",
      "tags": [],
      "risk": "low"
    },
    {
      "path": "metablooms_governance/CEJ7.md",
      "bytes": 96,
      "sha256": "b7b427af53085fe68723460a48ecdb8fe8a20e473926ebcc5f223ab7bf9fe3b1",
      "subsystem": "core",
      "tags": [],
      "risk": "low"
    },
    {
      "path": "metablooms_governance/CEJ8.md",
      "bytes": 80,
      "sha256": "f3391c877cc4a44e266432142e430fc38d07256c9f3e5b06f9be426b1acb826c",
      "subsystem": "core",
      "tags": [],
      "risk": "low"
    },
    {
      "path": "metablooms_governance/CEJ9.md",
      "bytes": 69,
      "sha256": "0970cef2ed724a94d2cf66d0094339ee1c2eec377375a119918f0226b470441e",
      "subsystem": "core",
      "tags": [],
      "risk": "low"
    },
    {
      "path": "metablooms_governance/CRP-1.1.md",
      "bytes": 476,
      "sha256": "85f48554326203290c71e7ca1296a7e4f6ab3a24e6bd298df3a20f12e4ba8be0",
      "subsystem": "core",
      "tags": [],
      "risk": "low"
    },
    {
      "path": "metablooms_governance/CSP-1.1.md",
      "bytes": 351,
      "sha256": "22a53721ef347f80b872429e57e7226bedf5841c42f85824887ccabd46813dcb",
      "subsystem": "core",
      "tags": [],
      "risk": "low"
    },
    {
      "path": "metablooms_governance/Enabled_Systems.md",
      "bytes": 387,
      "sha256": "f9820a54c86a93e911d88c6980ba5601bce79cabb4213eed6865a879599d4665",
      "subsystem": "core",
      "tags": [],
      "risk": "low"
    },
    {
      "path": "metablooms_governance/MEEP-1.0.md",
      "bytes": 419,
      "sha256": "d66e2da8a624ea509a1fe182c1017562c914b56dad39a11593689db1226e2c8f",
      "subsystem": "core",
      "tags": [],
      "risk": "low"
    },
    {
      "path": "metablooms_governance/MIHP-1.0.md",
      "bytes": 736,
      "sha256": "6e97ad2622b88796267d828fec00ef6754fedddaf1d32c4d207a0a77d297871e",
      "subsystem": "core",
      "tags": [],
      "risk": "low"
    },
    {
      "path": "metablooms_governance/MMT-CHATLEDGER-P0.md",
      "bytes": 489,
      "sha256": "a5e21c11729189882a93e54f96d57ad27f68241f40769fb11f77a8e85ccbdef8",
      "subsystem": "ledgers",
      "tags": [
        "ledger"
      ],
      "risk": "low"
    },
    {
      "path": "metablooms_governance/Merged_Manifest.json",
      "bytes": 489,
      "sha256": "ffcff35189591202f9d33a0c94ef8733c4d7b4d4e3b100fb07b5a7818924bfba",
      "subsystem": "core",
      "tags": [],
      "risk": "low"
    },
    {
      "path": "metablooms_governance/POINTER.md",
      "bytes": 428,
      "sha256": "262bfc1b8876e3716bd0d6b51fc0daf44d0eec5f2f6938c7c8fe27c0f9789e66",
      "subsystem": "core",
      "tags": [],
      "risk": "low"
    },
    {
      "path": "microblooms/POINTER.md",
      "bytes": 418,
      "sha256": "1709b7304d7e9262cd3e6fd44ad54dcbdd31a236a465ed74e7e2094c2c9eefb6",
      "subsystem": "core",
      "tags": [],
      "risk": "low"
    },
    {
      "path": "microblooms/sandfit_v0/README.md",
      "bytes": 612,
      "sha256": "0285088098e772b53364ba52607bdc528de55b7a68a1c0e9b3ae3bbf13e2d9e8",
      "subsystem": "core",
      "tags": [],
      "risk": "low"
    },
    {
      "path": "microblooms/sandfit_v0/docs/ARCHITECTURE.md",
      "bytes": 494,
      "sha256": "92277c1689036476b91e6a03676e26e214795d90f916be4d202aee2412785c30",
      "subsystem": "core",
      "tags": [],
      "risk": "low"
    },
    {
      "path": "microblooms/sandfit_v0/examples/__init__.py",
      "bytes": 0,
      "sha256": "e3b0c44298fc1c149afbf4c8996fb92427ae41e4649b934ca495991b7852b855",
      "subsystem": "core",
      "tags": [],
      "risk": "low"
    },
    {
      "path": "microblooms/sandfit_v0/examples/example_run.py",
      "bytes": 2578,
      "sha256": "117c7cee128023ed1f15093684c03515095cff956e9110dcdfd77a7ebba911c2",
      "subsystem": "core",
      "tags": [],
      "risk": "low"
    },
    {
      "path": "microblooms/sandfit_v0/out/hdl.ndjson",
      "bytes": 566,
      "sha256": "c5126600aa12ea97700deab2e1e8c8faccec0e96a0901a885557f553eb656b82",
      "subsystem": "core",
      "tags": [],
      "risk": "low"
    },
    {
      "path": "microblooms/sandfit_v0/out/report.md",
      "bytes": 346,
      "sha256": "594e5dee4bb9518850c555cfd9dd880afc75adab9a36ff03d3625d420536b6f2",
      "subsystem": "core",
      "tags": [],
      "risk": "low"
    },
    {
      "path": "microblooms/sandfit_v0/out/sandfit_input.json",
      "bytes": 1108,
      "sha256": "022ccedcd18d6c9c1d246df0b28606bed2bc829f0cdec5e5f3e4797d4bacbddc",
      "subsystem": "core",
      "tags": [],
      "risk": "low"
    },
    {
      "path": "microblooms/sandfit_v0/out/sandfit_output.json",
      "bytes": 789,
      "sha256": "01159c1ff1a487ac8199f95f6bc9d682a01fda33b8c0d1976740264a3d3e1f6d",
      "subsystem": "core",
      "tags": [],
      "risk": "low"
    },
    {
      "path": "microblooms/sandfit_v0/schemas/hdl_entry.schema.json",
      "bytes": 1068,
      "sha256": "f5bff5d0ba5440a6741771cce554291d4bc75905bc2e42a7d436d5309ded5c4b",
      "subsystem": "core",
      "tags": [],
      "risk": "low"
    },
    {
      "path": "microblooms/sandfit_v0/schemas/sandfit_input.schema.json",
      "bytes": 1107,
      "sha256": "bbad181ad7d54481dc0a9a30bc9fe8d0262335260b514e8e233dbce0e2fd1463",
      "subsystem": "core",
      "tags": [],
      "risk": "low"
    },
    {
      "path": "microblooms/sandfit_v0/schemas/sandfit_output.schema.json",
      "bytes": 766,
      "sha256": "015ef171ff1cba952884427dc1d6400601d3a0556a236a02fe59764e596128a4",
      "subsystem": "core",
      "tags": [],
      "risk": "low"
    },
    {
      "path": "microblooms/sandfit_v0/src/__init__.py",
      "bytes": 0,
      "sha256": "e3b0c44298fc1c149afbf4c8996fb92427ae41e4649b934ca495991b7852b855",
      "subsystem": "core",
      "tags": [],
      "risk": "low"
    },
    {
      "path": "microblooms/sandfit_v0/src/hdl_logger.py",
      "bytes": 1405,
      "sha256": "e9581c43a0da1f9380335b9abb7455f89fcce1736394d996cf8a43f64ecb73c4",
      "subsystem": "core",
      "tags": [],
      "risk": "low"
    },
    {
      "path": "microblooms/sandfit_v0/src/sandcrawler_adapter.py",
      "bytes": 771,
      "sha256": "65384c3c3522235c36ca6a65e37c4927e4fd41049545c1cbec2b3d5073afdce4",
      "subsystem": "sandcrawler",
      "tags": [
        "sandcrawler"
      ],
      "risk": "high"
    },
    {
      "path": "microblooms/sandfit_v0/src/sandfit_engine.py",
      "bytes": 4189,
      "sha256": "4ba062af1a57414200f898002399814134bb32fbf970cb50f307e5e79b2eee13",
      "subsystem": "core",
      "tags": [],
      "risk": "low"
    },
    {
      "path": "microblooms/sandfit_v0/src/trends.py",
      "bytes": 966,
      "sha256": "75a9978c2c90354cce6d74e7a919164038bdc64529a501f5cf40e4bcef7f7b99",
      "subsystem": "core",
      "tags": [],
      "risk": "low"
    },
    {
      "path": "modules/POINTER.md",
      "bytes": 414,
      "sha256": "f8c25fc02a7fca7f9cc1c4d00d2213c38560eff6c35a14b6ae12d25543ec8a86",
      "subsystem": "core",
      "tags": [],
      "risk": "low"
    },
    {
      "path": "modules/hte_phase1/README.md",
      "bytes": 565,
      "sha256": "60291e02a504edca284b66a09df8041d1b5f2ab5817ad70886ffe95080e0142b",
      "subsystem": "core",
      "tags": [],
      "risk": "low"
    },
    {
      "path": "modules/hte_phase1/analysis_contract.json",
      "bytes": 400,
      "sha256": "9752e633fbd92fb4eb6132df3a7a029c8b5f799266c86f7ab6c6b94978e2182f",
      "subsystem": "core",
      "tags": [],
      "risk": "low"
    },
    {
      "path": "modules/hte_phase1/metrics.md",
      "bytes": 780,
      "sha256": "579341e3757b12f33d46d8bdf14e5ca532fa181c071276d181ce662d162a0eaf",
      "subsystem": "core",
      "tags": [],
      "risk": "low"
    },
    {
      "path": "modules/pilot_promotion/README.md",
      "bytes": 1125,
      "sha256": "0c1729ff6809c233a074a90770e57123a7472b2bba3d2615bb65fd2df95303f1",
      "subsystem": "core",
      "tags": [],
      "risk": "low"
    },
    {
      "path": "modules/pilot_promotion/pilot_ledger.ndjson",
      "bytes": 0,
      "sha256": "e3b0c44298fc1c149afbf4c8996fb92427ae41e4649b934ca495991b7852b855",
      "subsystem": "ledgers",
      "tags": [
        "ledger"
      ],
      "risk": "low"
    },
    {
      "path": "modules/pilot_promotion/pilot_report_demo.json",
      "bytes": 312,
      "sha256": "c8d4692477ef1789964eb466ac8a0c9dcd65fce31d7ae62eb768e02df816bd1e",
      "subsystem": "core",
      "tags": [],
      "risk": "low"
    },
    {
      "path": "modules/pilot_promotion/pilot_run.py",
      "bytes": 5630,
      "sha256": "71c96cef3d4f08c210a99f865674294067bd3b50055294224a7d53a2e7ee1dd9",
      "subsystem": "core",
      "tags": [],
      "risk": "low"
    },
    {
      "path": "modules/pilot_promotion/policies/pilot_policy.json",
      "bytes": 449,
      "sha256": "b10390435eb1733e2fe13f9f9c71d287449288cb91f99c1cd440264d4177bc62",
      "subsystem": "core",
      "tags": [],
      "risk": "low"
    },
    {
      "path": "modules/pilot_promotion/policies/promotion_policy.json",
      "bytes": 385,
      "sha256": "829a86dc94a50c16eb632839f452d06c1dce06fe9d16b5c1b8adb4de5c85dcf0",
      "subsystem": "core",
      "tags": [],
      "risk": "low"
    },
    {
      "path": "modules/pilot_promotion/promotion_apply.py",
      "bytes": 3688,
      "sha256": "ef7c6446e85be242be0339234d49688356b2d809b85c8b4df863d8ae3ee46ab2",
      "subsystem": "core",
      "tags": [],
      "risk": "low"
    },
    {
      "path": "modules/replay/decision_replay_engine/README.md",
      "bytes": 453,
      "sha256": "d634dff2a3cdf45f20aa9d9340ed76bbb46a9866ad413405430c5a3de4d43546",
      "subsystem": "core",
      "tags": [],
      "risk": "low"
    },
    {
      "path": "modules/replay/decision_replay_engine/examples/original_context.example.json",
      "bytes": 247,
      "sha256": "04404a9c28dad860b2f382a6e8c8231dd8721fd2566df191046abbf1638a5cab",
      "subsystem": "core",
      "tags": [],
      "risk": "low"
    },
    {
      "path": "modules/replay/decision_replay_engine/relive_v1.py",
      "bytes": 3175,
      "sha256": "ca3a58e57aca1d9cce9ccec44bdd2cdedecb0f9b6f41807da1b6012f28f82aee",
      "subsystem": "core",
      "tags": [],
      "risk": "low"
    },
    {
      "path": "modules/replay/decision_replay_engine/replay_v1.py",
      "bytes": 6254,
      "sha256": "f5cbe34fbfb98bae9757c08b358d8dd8bcdd46c90a61f25d159172c2dda14bef",
      "subsystem": "core",
      "tags": [],
      "risk": "low"
    },
    {
      "path": "modules/replay/decision_replay_engine/schemas/original_context.schema.json",
      "bytes": 519,
      "sha256": "156833b0adf0a78275907c7ceb90830819ab7e8c7f779726ef4d18816c0f97d9",
      "subsystem": "core",
      "tags": [],
      "risk": "low"
    },
    {
      "path": "scripts/hte_phase1_analyze.py",
      "bytes": 6667,
      "sha256": "3de344174d6d2fc0d1f7410212ef3282f2eef9662d84977f362e11e87a1b2aac",
      "subsystem": "core",
      "tags": [],
      "risk": "low"
    },
    {
      "path": "sops/ArticleSOP/SOP-01_ArticleSOP.md",
      "bytes": 21,
      "sha256": "0d79e313178c358b5c22f7d9bf41bf8a7fc4fdf97964b6e80a5927a9adafe781",
      "subsystem": "core",
      "tags": [],
      "risk": "low"
    },
    {
      "path": "sops/EggJuicer/SOP-02_EggJuicer.md",
      "bytes": 23,
      "sha256": "f229b2956e8463fa20b3be8c964023fbf19fefee1dd43fcc06b5d3e3cc19f957",
      "subsystem": "core",
      "tags": [],
      "risk": "low"
    },
    {
      "path": "sops/EggJuicer_SOP.md",
      "bytes": 738,
      "sha256": "67d474cc4f42d5a49ebc6fc446fbffa40f2b5e0f55542be7eecccc0f560b1839",
      "subsystem": "core",
      "tags": [],
      "risk": "low"
    },
    {
      "path": "sops/POINTER.md",
      "bytes": 411,
      "sha256": "10f05e942022ec36eebafb95b1c86606faf5203e02f6cba8bb8156c3edfa4858",
      "subsystem": "core",
      "tags": [],
      "risk": "low"
    },
    {
      "path": "sops/ToolOnDemand/SOP-03_ToolSmithing.md",
      "bytes": 1248,
      "sha256": "4a72296263ad037703ce45e90c81c1a3632d260641b9941c0a6bff895cfbdb50",
      "subsystem": "core",
      "tags": [],
      "risk": "low"
    },
    {
      "path": "specs/POINTER.md",
      "bytes": 412,
      "sha256": "51249f5dcf07c008a1a32b259a8ab90d557048dfcc5fa1ae2829aeee3a50bc82",
      "subsystem": "core",
      "tags": [],
      "risk": "low"
    },
    {
      "path": "specs/chm_ledger_schema.json",
      "bytes": 1135,
      "sha256": "01d83131f18744a466e6bb19377f71ae1051139eecb758ca729914004eb76dd7",
      "subsystem": "ledgers",
      "tags": [
        "ledger"
      ],
      "risk": "low"
    },
    {
      "path": "specs/chm_status_pulse.json",
      "bytes": 745,
      "sha256": "0508447baf7da5a75106d1d467d5617ef2f5c32c68834be283f7a53b63e4628d",
      "subsystem": "core",
      "tags": [],
      "risk": "low"
    },
    {
      "path": "tools/POINTER.md",
      "bytes": 412,
      "sha256": "c9ca6429b6503f4108d217b0405d61562197d6cf9595ab9de3f0e5af8b4c6445",
      "subsystem": "core",
      "tags": [],
      "risk": "low"
    },
    {
      "path": "tools/export_assembler.py",
      "bytes": 863,
      "sha256": "cfadbd42f91a6f9574ade8b49899d22b384654dca3f6f828ae77d437f92bd0fd",
      "subsystem": "core",
      "tags": [],
      "risk": "low"
    },
    {
      "path": "tools/rcr/README.md",
      "bytes": 1018,
      "sha256": "13b9f9bff863e1ca1fda521ea874027ddd24415e18a392fe0e485e48bf3d30f7",
      "subsystem": "core",
      "tags": [],
      "risk": "low"
    },
    {
      "path": "tools/rcr/metablooms_export_gate.py",
      "bytes": 4992,
      "sha256": "35c32f7201ea176c137af06fb9bbcc481b4b8a4b5a3b28555aafe54e5c3f6a1f",
      "subsystem": "core",
      "tags": [],
      "risk": "low"
    },
    {
      "path": "tools/rcr/metablooms_rcr.py",
      "bytes": 10684,
      "sha256": "d2b2c96d39250df33150b19916f61b5cdc355f52b76944a0e0deff40d68b6e27",
      "subsystem": "core",
      "tags": [],
      "risk": "low"
    },
    {
      "path": "tools/rcr/metablooms_ship.py",
      "bytes": 2106,
      "sha256": "025e511c0f61f2382080c6b3660e552b25d9266265f6596de59212618db0b67a",
      "subsystem": "core",
      "tags": [],
      "risk": "low"
    },
    {
      "path": "tools/tests/test_environment_interlock.py",
      "bytes": 5071,
      "sha256": "14b63d726198b5247a9c7ec1b17d1df8da5bd326e1c40ae345cefcad352bab59",
      "subsystem": "core",
      "tags": [],
      "risk": "low"
    },
    {
      "path": "tools/toolsmith.py",
      "bytes": 3409,
      "sha256": "98988447e9b13830e3e42e4b28d091c8e8c1558dc853e02b842415079a7f49c1",
      "subsystem": "core",
      "tags": [],
      "risk": "low"
    },
    {
      "path": "tools/validate_metablooms_export.py",
      "bytes": 2701,
      "sha256": "4d9aee1762f07ed74bf72b334018e7933231b4684121f73fba1e921577122d3a",
      "subsystem": "validators",
      "tags": [
        "validation"
      ],
      "risk": "high"
    },
    {
      "path": "validate_metablooms_export.py",
      "bytes": 4523,
      "sha256": "f0c4d8afe10111ee2b5dad1bc98de2221047dd51f74b7c1d4cc39c576b4a2aad",
      "subsystem": "validators",
      "tags": [
        "validation"
      ],
      "risk": "high"
    },
    {
      "path": "versions/POINTER.md",
      "bytes": 381,
      "sha256": "28ffe59602cf70d980b1f01eef76b00aadd273adac6a88e2ee5967809cd95b77",
      "subsystem": "core",
      "tags": [],
      "risk": "low"
    },
    {
      "path": "versions/VERSION_HISTORY.md",
      "bytes": 1306,
      "sha256": "a2acfc452bcf016b007c0b987d5f62b58cb730e8683e0f42f2a59b30018af444",
      "subsystem": "core",
      "tags": [],
      "risk": "low"
    },
    {
      "path": "versions/v7.5.0.json",
      "bytes": 104,
      "sha256": "b7ea93d15e9a1535990d8fbdc23d9aaf5f591582313624bca586de0089865783",
      "subsystem": "core",
      "tags": [],
      "risk": "low"
    },
    {
      "path": "versions/v7.5.1.json",
      "bytes": 147,
      "sha256": "057143de84d42bc4937531f14756f3ad0459355508024abb49151a42fbf047af",
      "subsystem": "core",
      "tags": [],
      "risk": "low"
    },
    {
      "path": "versions/v7.5.2.json",
      "bytes": 150,
      "sha256": "44722e50cebeb51dd747736382313ee115879575ac87ed23814ca332f4eacbb7",
      "subsystem": "core",
      "tags": [],
      "risk": "low"
    },
    {
      "path": "versions/v7.5.3.json",
      "bytes": 133,
      "sha256": "36f0c3688fdb6e1274cd150ca89fa45ccca9bf1e2bb3e718bbf1c6c2158eb576",
      "subsystem": "core",
      "tags": [],
      "risk": "low"
    },
    {
      "path": "versions/v7.5.4.json",
      "bytes": 143,
      "sha256": "6700e8ab4e0b4e951759b0bbc5fb4df41b846eeda958a720a1d844947bb40ead",
      "subsystem": "core",
      "tags": [],
      "risk": "low"
    },
    {
      "path": "versions/v7.5.5.json",
      "bytes": 188,
      "sha256": "a320f6bb5e7a2dc682b93ecaae6438a8b7f78894b9b8d84f0722d8074427af83",
      "subsystem": "core",
      "tags": [],
      "risk": "low"
    },
    {
      "path": "versions/v7.5.7.json",
      "bytes": 207,
      "sha256": "f39fb93e192913fdb00b9d4861e5a54bc8ef79835a3b3d912405fbbc48ca70d5",
      "subsystem": "core",
      "tags": [],
      "risk": "low"
    },
    {
      "path": "versions/v7.6.0.json",
      "bytes": 241,
      "sha256": "5c8bc1284af3e18de2225b231ffe7435c16caacf9c7fe3b02414488dfbd35f1d",
      "subsystem": "core",
      "tags": [],
      "risk": "low"
    },
    {
      "path": "versions/v7.6.1.json",
      "bytes": 246,
      "sha256": "eb4498cce6140fecf530cd7034bafa8e940812ce0ae827f034dd793f28923709",
      "subsystem": "core",
      "tags": [],
      "risk": "low"
    },
    {
      "path": "versions/v7.6.2.json",
      "bytes": 278,
      "sha256": "ee1af6f4923f517689b40d5b53188ae11d7f332fd1cfe3bc5106d0b588cff377",
      "subsystem": "core",
      "tags": [],
      "risk": "low"
    },
    {
      "path": "versions/v7.6.4.json",
      "bytes": 205,
      "sha256": "a025b1640e33b6526a4f1bb00bfd23ebc79d0608296709b53704a5ffca5227af",
      "subsystem": "core",
      "tags": [],
      "risk": "low"
    },
    {
      "path": "versions/v7.6.5.json",
      "bytes": 626,
      "sha256": "0fcf50caa859ba9bfb80e779c24b01bc9973e0f508f3877fc8e2cec427ba72f9",
      "subsystem": "core",
      "tags": [],
      "risk": "low"
    },
    {
      "path": "versions/v7.6.6.json",
      "bytes": 447,
      "sha256": "8490d52f74f4f45b25a177e77496c5cc9830d8a17a31f6fed64f3fa13c157733",
      "subsystem": "core",
      "tags": [],
      "risk": "low"
    }
  ]
}