{
  "schema": "LLM_Heuristic_Containment_Matrix.v1.1",
  "generated": "2025-12-30",
  "delta_from": "v1",
  "new_heuristics": [
    {
      "name": "Artifact Sufficiency Illusion",
      "description": "Assuming artifact quantity implies system readiness without activation or enforcement checks",
      "typical_trigger": "Large or dense file sets",
      "blocked_layers": [
        "Decision Spine",
        "Verification"
      ],
      "allowed_layers": [
        "Discovery"
      ],
      "enforcement": [
        "Activation checks",
        "BridgeTrace requirement"
      ]
    }
  ]
}