{
  "schema": "LLM_Heuristic_Containment_Matrix.v1",
  "generated": "2025-12-30",
  "purpose": "Map native LLM heuristics to MetaBlooms layers with allowed, constrained, or blocked status and enforcement mechanisms.",
  "layers": [
    {
      "layer": "Discovery / NanoBlooms",
      "allowed_heuristics": [
        "Pattern sensing",
        "Speculation",
        "Loose association",
        "Hypothesis generation"
      ],
      "blocked_heuristics": [],
      "enforcement": [
        "Tagged as non-verified",
        "Stored as NanoBlooms only",
        "No claim emission"
      ]
    },
    {
      "layer": "CEL (Cognitive Extraction Layer)",
      "allowed_heuristics": [
        "Pattern aggregation",
        "Signal salience detection"
      ],
      "blocked_heuristics": [
        "Single-instance generalization",
        "Sentiment-only promotion"
      ],
      "enforcement": [
        "Aggregation thresholds",
        "Promotion gating",
        "Noise rejection"
      ]
    },
    {
      "layer": "Decision Spine (Control Plane)",
      "allowed_heuristics": [
        "Explicit tradeoff reasoning"
      ],
      "blocked_heuristics": [
        "Speculation",
        "Helpfulness guessing",
        "Narrative smoothing"
      ],
      "enforcement": [
        "Authority checks",
        "Degraded-mode arbitration",
        "Decision logging"
      ]
    },
    {
      "layer": "Verification / Claims",
      "allowed_heuristics": [],
      "blocked_heuristics": [
        "Extrapolation beyond evidence",
        "Soft language",
        "Probabilistic hedging"
      ],
      "enforcement": [
        "Evidence binding",
        "UI-truth enforcement",
        "Audit gates"
      ]
    },
    {
      "layer": "Artifact Emission / Filesystem",
      "allowed_heuristics": [],
      "blocked_heuristics": [
        "Conversational summarization",
        "Implicit state retention"
      ],
      "enforcement": [
        "Filesystem externalization",
        "Deterministic filenames",
        "Download link requirement"
      ]
    }
  ]
}