{
  "schema_version": "SHOPPING_MODE_CONTROLLER_RULES_v1",
  "status": "draft",
  "modes": [
    "FIND",
    "EVALUATE",
    "FINE_TUNE"
  ],
  "core_rule": "If blocking constraint introduced/discovered, backtrack at least one mode.",
  "triggers": [
    {
      "id": "T1",
      "name": "Constraint change/correction",
      "severity": "HARD",
      "signals": [
        "constraint_changed",
        "spec_corrected",
        "requirement_changed"
      ],
      "default_action": "RECOMPUTE_FEASIBILITY; IF expands_search_space OR invalidates_top_pick THEN MODE=FIND ELSE MODE=EVALUATE"
    },
    {
      "id": "T2",
      "name": "Disqualifying mismatch discovered late",
      "severity": "HARD",
      "signals": [
        "fails_fit",
        "violates_must_have",
        "stack_failure",
        "taper_unacceptable",
        "behavior_mismatch"
      ],
      "default_action": "IF viable_shortlist_count < 2 THEN MODE=FIND ELSE MODE=EVALUATE"
    },
    {
      "id": "T3",
      "name": "No-homework friction signal",
      "severity": "HARD",
      "signals": [
        "user_requests_specific_products",
        "user_requests_links",
        "user_rejects_search_homework"
      ],
      "default_action": "MODE=FIND; REQUIRE sku_enumeration=true; REQUIRE links=true"
    },
    {
      "id": "T4",
      "name": "Evidence insufficiency",
      "severity": "MED",
      "signals": [
        "missing_dimensions",
        "variant_ambiguity",
        "spec_conflict"
      ],
      "default_action": "MODE=FIND; SEEK alternate sources; IF still ambiguous THEN REQUEST single measurement"
    },
    {
      "id": "T5",
      "name": "Behavioral reclassification",
      "severity": "HARD",
      "signals": [
        "use_case_changed",
        "stacking_required",
        "open_dump_required",
        "max_fill_height_constraint"
      ],
      "default_action": "MODE=FIND for correct product class; rebuild shortlist"
    }
  ],
  "output_contracts": {
    "FIND": {
      "requires": [
        "multi_retailer_sweep",
        "sku_family_expansion",
        "normalized_table",
        "links_all_finalists"
      ],
      "returns": "shortlist_3_to_7"
    },
    "EVALUATE": {
      "requires": [
        "evidence_weighted_comparison",
        "primary_and_fallback",
        "links"
      ],
      "returns": "buy_recommendation"
    },
    "FINE_TUNE": {
      "requires": [
        "layout_counts",
        "stack_plan",
        "shopping_list_with_quantities",
        "links"
      ],
      "returns": "final_plan"
    }
  }
}