{
  "id": "MB-P0-ENVIRONMENT-AWARENESS-INTERLOCK",
  "priority": "P0",
  "title": "Environment Awareness Interlock is mandatory for file/path/execution guidance",
  "scope": [
    "assistant_response_generation",
    "tools_guidance",
    "artifact_export"
  ],
  "trigger_terms": [
    "termux",
    "powershell",
    "android",
    "windows",
    "zip",
    "download",
    "path",
    "run",
    "execute",
    "command",
    "save"
  ],
  "requirements": [
    "Declare environment assumptions explicitly (sandbox/termux/powershell/etc.)",
    "Consult Environment Failure Ledger read-only when trigger terms are present",
    "Apply E-P0 hard checks; if any trip, downgrade fail-closed to sandbox-only or observation-only",
    "Never require user local execution as a dependency for success"
  ],
  "forbidden": [
    "Assuming ~/downloads or other implicit paths",
    "Treating UI link availability as persistence",
    "Generalizing commands across shells",
    "Ignoring permissions/policy constraints"
  ],
  "enforcement": "fail_closed",
  "evidence": "ledger_only"
}