{
  "$schema": "https://json-schema.org/draft/2020-12/schema",
  "title": "MetaBlooms SLG Convergence Extraction Schema",
  "type": "object",
  "required": [
    "research_packet_id",
    "systems",
    "extractions"
  ],
  "properties": {
    "research_packet_id": {
      "type": "string"
    },
    "systems": {
      "type": "array",
      "items": {
        "type": "object",
        "required": [
          "system_id",
          "vendor",
          "surface"
        ],
        "properties": {
          "system_id": {
            "type": "string"
          },
          "vendor": {
            "type": "string"
          },
          "surface": {
            "type": "string",
            "enum": [
              "ide",
              "cli",
              "cloud",
              "sdk",
              "internal"
            ]
          },
          "version_hint": {
            "type": "string"
          }
        }
      }
    },
    "extractions": {
      "type": "array",
      "items": {
        "type": "object",
        "required": [
          "system_id",
          "mechanism",
          "layer",
          "evidence"
        ],
        "properties": {
          "system_id": {
            "type": "string"
          },
          "mechanism": {
            "type": "string"
          },
          "aliases": {
            "type": "array",
            "items": {
              "type": "string"
            }
          },
          "layer": {
            "type": "string",
            "enum": [
              "context",
              "toolbus",
              "sandbox",
              "eval",
              "trace",
              "workflow",
              "ui"
            ]
          },
          "description": {
            "type": "string"
          },
          "safety_critical": {
            "type": "boolean",
            "default": false
          },
          "enforceable": {
            "type": "boolean",
            "default": true
          },
          "evidence": {
            "type": "array",
            "minItems": 1,
            "items": {
              "type": "object",
              "required": [
                "source_type",
                "title",
                "date",
                "locator"
              ],
              "properties": {
                "source_type": {
                  "type": "string",
                  "enum": [
                    "vendor_doc",
                    "repo",
                    "release_note",
                    "blog",
                    "thread",
                    "other"
                  ]
                },
                "title": {
                  "type": "string"
                },
                "date": {
                  "type": "string"
                },
                "locator": {
                  "type": "string"
                },
                "quote": {
                  "type": "string"
                }
              }
            }
          }
        }
      }
    }
  }
}