{
  "evg": {
    "status": "P0",
    "type": "fail-closed-governance-gate",
    "purpose": "prevent reinvention via mandatory external verification",
    "trigger_domains": [
      "indexing",
      "retrieval",
      "search",
      "memory",
      "scheduling",
      "orchestration",
      "agents",
      "semantic_understanding",
      "governance",
      "autonomy",
      "code_intelligence"
    ],
    "required_steps": [
      {
        "step": "problem_classification",
        "required": true
      },
      {
        "step": "sandcrawler_web_run",
        "required": true,
        "constraints": {
          "real_external_search": true,
          "min_sources": 3
        }
      },
      {
        "step": "existing_solutions_brief",
        "required": true,
        "fields": [
          "existing_solution_found",
          "named_exemplars",
          "patterns_abstracted",
          "product_dependency_declared_false"
        ]
      },
      {
        "step": "novelty_assessment",
        "required": true,
        "outputs": [
          "reuse",
          "extend",
          "invent"
        ]
      }
    ],
    "failure_modes": {
      "sandcrawler_not_run": "FAIL_CLOSED",
      "evidence_missing": "FAIL_CLOSED",
      "novelty_unverified": "FAIL_CLOSED"
    },
    "enforcement_points": [
      "governance_kernel",
      "promotion_pipeline",
      "export_gate"
    ],
    "ledgering": {
      "required": true,
      "fields": [
        "problem_id",
        "trigger_domain",
        "sandcrawler_run_id",
        "evidence_refs",
        "decision",
        "value_delta"
      ]
    },
    "provenance_policy": {
      "inspiration_not_evidence": true,
      "external_inspiration": [
        {
          "source": "Web Dev Cody (YouTube)",
          "type": "practitioner_workflow",
          "adopted_as": "abstracted patterns only",
          "product_dependency": false
        }
      ]
    }
  },
  "sandcrawler_fail_close": {
    "status": "P0",
    "rule": "If Sandcrawler is invoked explicitly, a real web.run must execute or the system fails closed.",
    "mandatory_failure_response": "SANDCRAWLER_FAIL_CLOSED",
    "export_gate_blocks": true
  }
}