{
  "links_required": [
    "chat_session_id",
    "chat_turn_id"
  ],
  "notes": "DeltaPack v1 with mandatory chat provenance links. Chat provenance required via links.chat_session_id and links.chat_turn_id.",
  "operation_types": [
    "add",
    "modify",
    "remove"
  ],
  "required": [
    "schema",
    "delta_id",
    "created_utc",
    "author",
    "scope",
    "operations",
    "activation_requirements",
    "links",
    "hash_sha256"
  ],
  "schema": "MetaBlooms::DeltaPack::v1",
  "scope_enum": [
    "filesystem",
    "governance",
    "engine",
    "policy"
  ]
}