{
  "created_utc": "2025-12-30T01:52:00Z",
  "id": "20251230T015200Z_governance_evidence_observability",
  "intent": "Surface governance certificates (mips_certificate/TIGHT_OK) in STATUS/HEALTH/ACTIVE_STATE and fail-closed if evidence exists but is not rendered.",
  "kind": "deltapack_v1",
  "ops": [
    {
      "op": "add_dir",
      "path": "metablooms/evidence"
    },
    {
      "op": "modify",
      "path": "metablooms/observability/generators/generate_health.py",
      "reason": "scan evidence for governance certificates; include governance_certifications + last_delta/deltas_active"
    },
    {
      "op": "modify",
      "path": "metablooms/observability/generators/generate_status.py",
      "reason": "render Governance Certifications section from HEALTH.json"
    },
    {
      "op": "modify",
      "path": "metablooms/observability/generators/generate_active_state.py",
      "reason": "render Active Governance Certifications"
    },
    {
      "op": "modify",
      "path": "metablooms/observability/generators/generate_changes_today.py",
      "reason": "log governance evidence ingested (filesystem scan)"
    },
    {
      "op": "modify",
      "path": "metablooms/observability/validators/validate_observability.py",
      "reason": "enforce visibility if governance evidence exists"
    }
  ],
  "scope": [
    "governance",
    "observability"
  ],
  "status": "ACTIVE"
}