{
  "spec_id": "MB_INTEGRATION_CONTRACTS_v1",
  "version": "1.0.0",
  "status": "canonical",
  "purpose": "Define deterministic contracts between MetaBlooms subsystems",
  "contracts": [
    {
      "name": "ExecutionFailure_to_FailureFactor",
      "producer": "Execution Layer",
      "consumer": "Failure Factor Registry",
      "input": [
        "stderr",
        "stdout",
        "exit_code",
        "environment_id"
      ],
      "output": [
        "cause_class"
      ],
      "guarantees": [
        "single_primary_cause",
        "environment_scoped"
      ]
    },
    {
      "name": "FailureFactor_to_TTG_TTAF",
      "producer": "Failure Factor Registry",
      "consumer": "TTG/TTAF Runner",
      "input": [
        "cause_class",
        "stderr",
        "environment_id"
      ],
      "output": [
        "matched_rule_or_noop"
      ],
      "constraints": [
        "toolchain_truth_only"
      ]
    },
    {
      "name": "TTG_TTAF_to_AutoFix",
      "producer": "TTG/TTAF Runner",
      "consumer": "AutoFix Executor",
      "input": [
        "rule_json"
      ],
      "output": [
        "receipt_json"
      ],
      "guarantees": [
        "verification_required",
        "rollback_required"
      ]
    },
    {
      "name": "AutoFix_to_Evidence",
      "producer": "AutoFix Executor",
      "consumer": "Evidence Hash System",
      "input": [
        "before_state",
        "after_state",
        "logs"
      ],
      "output": [
        "evidence_hashes"
      ]
    },
    {
      "name": "Evidence_to_BLE",
      "producer": "Evidence Hash System",
      "consumer": "BLE",
      "input": [
        "evidence_hashes",
        "session_id"
      ],
      "output": [
        "learning_events"
      ],
      "constraints": [
        "promotion_requires_valid_hash"
      ]
    },
    {
      "name": "BLE_to_SemanticShadow",
      "producer": "BLE",
      "consumer": "Semantic Shadow Executor",
      "input": [
        "candidate_ideas",
        "baseline_hash"
      ],
      "output": [
        "shadow_report"
      ],
      "constraints": [
        "shadow_only",
        "no_commit"
      ]
    },
    {
      "name": "SemanticShadow_to_Supervisor",
      "producer": "Semantic Shadow Executor",
      "consumer": "Supervisor Interface",
      "input": [
        "shadow_report"
      ],
      "output": [
        "approval_or_reject"
      ],
      "constraints": [
        "manual_review_required"
      ]
    }
  ],
  "error_handling": {
    "contract_violation": "halt_and_alert",
    "missing_input": "fail_closed",
    "unexpected_output": "reject_event"
  }
}