{
  "id": "MB-P0-ZERO-LOCAL-EXECUTION",
  "priority": "P0",
  "name": "Zero Local Execution by User",
  "statement": "Assume zero local execution by the user; all validation/repair/activation/shipping is sandbox-only and fail-closed.",
  "forbidden_outputs": [
    "Ask user to run Termux commands",
    "Ask user to run shell scripts for validation/repair",
    "Ship bundles without passing gates"
  ],
  "required_controls": [
    "Export gate must run before ship",
    "RCR auto-repair must run on gate fail",
    "Activation receipts must be emitted at boot"
  ],
  "enforcement": {
    "mode": "FAIL_CLOSED",
    "on_violation": "BLOCK_SHIP"
  },
  "version": "v1",
  "created_utc": "2025-12-29T20:43:30.624123Z"
}