{
  "schema_version": "1.0",
  "name": "ScienceOfReading_TEKs_CodeAsProse_Pipeline",
  "artifacts": {
    "teks_sor_crosswalk": {
      "path": "instructional/crosswalk/TEKS_SOR_CROSSWALK_v0.json",
      "required_fields": [
        "grade",
        "teks_code",
        "skill",
        "sor_constructs",
        "routine_archetypes",
        "notes"
      ]
    },
    "os_anchors": {
      "path": "instructional/anchors/OS_ANCHORS_v0.json",
      "required_fields": [
        "anchor_id",
        "subsystem",
        "path",
        "role",
        "tags",
        "risk"
      ]
    },
    "readers_guide": {
      "path_template": "instructional/guides/{topic}_READERS_GUIDE_v{n}.md",
      "required_sections": [
        "Purpose",
        "Key Concepts",
        "Where It Lives (Paths)",
        "How It Works",
        "TEKS Alignment",
        "SoR Alignment",
        "Checks",
        "Open Questions"
      ]
    },
    "knowledge_map": {
      "path_template": "instructional/maps/{topic}_KNOWLEDGE_MAP_v{n}.json",
      "entry_fields": [
        "id",
        "teks_code",
        "sor_constructs",
        "routine",
        "os_paths",
        "citations",
        "confidence"
      ]
    },
    "lesson_pack": {
      "path_template": "instructional/lesson_packs/{teks_code}_{topic}_LESSON_PACK_v{n}.json",
      "fields": [
        "metadata",
        "objectives",
        "materials",
        "lesson_flow",
        "checks_for_understanding",
        "differentiation",
        "bilingual_supports",
        "assessment",
        "references"
      ]
    }
  },
  "governance": {
    "evg_trigger_domains": [
      "indexing",
      "retrieval",
      "search",
      "memory",
      "scheduling",
      "orchestration",
      "agents",
      "semantic_understanding",
      "governance",
      "autonomy",
      "code_intelligence"
    ],
    "sandcrawler_required_for_external_claims": true,
    "inspiration_vs_evidence": {
      "inspiration_allowed": true,
      "inspiration_not_evidence": true,
      "evidence_requires_citations": true
    }
  },
  "agentic_orchestration": {
    "principles": [
      "index-first routing",
      "bounded reading lists",
      "path-cited outputs",
      "merge-only by orchestrator"
    ],
    "roles": [
      {
        "name": "AnchorFinder",
        "task": "resolve OS anchor paths using query router"
      },
      {
        "name": "SoRMapper",
        "task": "map TEKS skills to SoR constructs and routine archetypes"
      },
      {
        "name": "GuideWriter",
        "task": "produce Code-as-Prose readers guides with citations"
      },
      {
        "name": "LessonBuilder",
        "task": "generate lesson packs from crosswalk + anchors"
      },
      {
        "name": "Auditor",
        "task": "check invariants, missing citations, drift, and schema validity"
      }
    ]
  }
}