{
  "source_pdf": "ch-110-elar-english-i-iv-amended-0621.pdf",
  "method": "text-scan for section markers (\u00a7110.36, \u00a7110.37, \u00a7110.38, \u00a7110.39) and nearest page index",
  "anchors": {
    "english_i": {
      "section": "\u00a7110.36",
      "first_seen_page": 1
    },
    "english_ii": {
      "section": "\u00a7110.37",
      "first_seen_page": 6
    },
    "english_iii": {
      "section": "\u00a7110.38",
      "first_seen_page": 11
    },
    "english_iv": {
      "section": "\u00a7110.39",
      "first_seen_page": 16
    },
    "110.36_b1": {
      "pattern": "110\\.36\\(b\\)\\(1\\)",
      "first_seen_page": null
    },
    "110.36_b2": {
      "pattern": "110\\.36\\(b\\)\\(2\\)",
      "first_seen_page": null
    },
    "110.37_b1": {
      "pattern": "110\\.37\\(b\\)\\(1\\)",
      "first_seen_page": null
    },
    "110.37_b2": {
      "pattern": "110\\.37\\(b\\)\\(2\\)",
      "first_seen_page": null
    },
    "110.38_b1": {
      "pattern": "110\\.38\\(b\\)\\(1\\)",
      "first_seen_page": null
    },
    "110.38_b2": {
      "pattern": "110\\.38\\(b\\)\\(2\\)",
      "first_seen_page": null
    },
    "110.39_b1": {
      "pattern": "110\\.39\\(b\\)\\(1\\)",
      "first_seen_page": null
    },
    "110.39_b2": {
      "pattern": "110\\.39\\(b\\)\\(2\\)",
      "first_seen_page": null
    }
  },
  "limitations": [
    "This is a best-effort text scan; if PDF text is image-based in portions, some anchors may be missing.",
    "Page numbers are 1-based to match typical PDF viewers."
  ]
}