{
  "ledger_version": "1.0",
  "purpose": "Retroactive oppositional audit status for existing subsystems",
  "entries": [
    {
      "subsystem": "Indexing + Query Router",
      "audit_status": "PASS",
      "notes": "Observed speed, determinism, no rediscovery"
    },
    {
      "subsystem": "EVG Core",
      "audit_status": "PASS",
      "notes": "Gate logic intact; extension applied"
    },
    {
      "subsystem": "Science of Reading + TEKS CAP",
      "audit_status": "CONDITIONAL_PASS",
      "notes": "Scaffold exists; requires first full IPE lesson artifact"
    },
    {
      "subsystem": "Agentic Orchestration",
      "audit_status": "PASS",
      "notes": "Bounded, index-first, merge-only"
    }
  ],
  "timestamp_utc": "2026-01-02"
}