{
  "generated_at": "2026-01-02T19:49:01.347661+00:00",
  "bundle_base": "MultiMetaBlooms_OS_v7_6_6_FULL.zip",
  "total_files_on_disk": 367,
  "excluded_by_policy": 8,
  "non_excluded_files": 359,
  "indexed_entries": 367,
  "coverage_non_excluded_pct": 100.0,
  "missing": [],
  "router_paths": {
    "canonical_index": "metablooms/indexing/OS_INDEX_CANONICAL.json",
    "views_index": "metablooms/indexing/OS_INDEX_VIEWS.json",
    "human_index": "metablooms/indexing/OS_INDEX.md",
    "generator": "metablooms/indexing/generate_os_index.py",
    "alias_pack": "metablooms/indexing/ALIAS_PACK.json",
    "query_templates": "metablooms/indexing/QUERY_TEMPLATES.json",
    "query_router": "metablooms/indexing/query_router.py"
  }
}