{
  "delta_id": "RRU-000_EPISTEMIC_DELTA",
  "status": "frozen",
  "origin": "RRU-000",
  "scope": [
    "boot",
    "governance",
    "reading",
    "llm_operation",
    "sandcrawler"
  ],
  "core_findings": [
    "reading_must_be_staged",
    "boot_is_axiom",
    "llm_is_operator",
    "blind_spots_preserved",
    "fail_closed_epistemic"
  ],
  "doctrines": [
    "D-001",
    "D-002"
  ],
  "sandcrawler_modes": [
    "falsification",
    "triangulation",
    "scope_validation",
    "full_pressure"
  ],
  "confidence_rules": {
    "doctrine_present": "normal",
    "doctrine_missing": "downgrade_and_flag",
    "doctrine_conflict": "halt"
  },
  "blind_spots_open": [
    "post_boot_falsification",
    "environmental_drift",
    "epistemic_training_automation"
  ]
}