Cycle,Track,Rung,Frontier/Comp,Baseline,Winner,Delta,Decision
week2_turn2,System,1,download_reliability_end_to_end,,R1-V3-HedgedSlowPath+Hysteresis,,promote
week2_turn2,System,2,rich_context_handoff_quality,,R2-V4-StructuredDiff+NegEvidenceV2,,promote
week2_turn2,System,3,token_overflow_pause_logic,,R3-V2-PauseCopyB+TopicAwareSumm,,promote_minor
week2_turn2,System,4,opportunity_detector,,R4-V3-BiEnc2_1+k100+Bands,,promote_minor
week2_turn2,Summary,-,-,-,-,Sys: / Comp:,-
week2_turn3,System,1,download_reliability_end_to_end,,R1-V2-TokenBucket+OriginAffinity,,promote
week2_turn3,System,2,rich_context_handoff_quality,,R2-V5-ProvenanceChainCRC+MustCarryV3,,promote
week2_turn3,System,3,token_overflow_pause_logic,,R3-V3-TopicAware+AggressiveLowSalience,,promote_minor
week2_turn3,System,4,opportunity_detector,,R4-V4-Hybrid+PerSegmentCalibrationV2,,promote_minor
week2_turn3,Summary,-,-,-,-,Sys: / Comp:,-
week2_turn4,System,1,download_reliability_end_to_end,0.72,0.77,+5%,promote
week2_turn4,System,2,rich_context_handoff_quality,0.68,0.75,+7%,promote
week2_turn4,System,3,token_overflow_pause_logic,0.8,0.83,+3%,promote
week2_turn4,System,4,opportunity_detector,0.7,0.76,+6%,promote
week2_turn4,Summary,-,-,-,-,Sys:+21% / Comp:+6.3%,-
