{
  "manifest_version": "1.1",
  "scope": "kernel",
  "generated_utc": "2025-12-31_152315Z",
  "protected_dirs": [
    "baselines",
    "ble",
    "control_plane",
    "docs",
    "egg_juicer",
    "export_gate",
    "governance",
    "integrations",
    "learning",
    "ledgers",
    "memory",
    "metablooms",
    "metablooms_governance",
    "microblooms",
    "sops",
    "specs",
    "tools",
    "manifests",
    "kernel",
    "modules"
  ],
  "files": [
    "kernel/gates/validate_metablooms_export.py",
    "kernel/router/htdl_router_policy.json",
    "kernel/router/router_feedback_loop.py",
    "kernel/telemetry/htdl/divergence.schema.json",
    "kernel/telemetry/htdl/evidence_log.json",
    "kernel/telemetry/htdl/evidence_log_upgrade_pilot_replay_router.json",
    "kernel/telemetry/htdl/evidence_log_v1_1.json",
    "kernel/telemetry/htdl/heuristic_intent.schema.json",
    "kernel/telemetry/htdl/htdl.ndjson",
    "kernel/telemetry/htdl/verified_reality.schema.json"
  ]
}