{
  "bundle": "MultiMetaBlooms_OS_v7_6_7_FULL_INDEXED_ROUTER_INTENT_SOR_SEED.zip",
  "generated_at": "2026-01-02",
  "counts": {
    "total_files_in_zip": 375,
    "instructional_files": 5,
    "index_files": 3,
    "router_present": true
  },
  "instructional_files": [
    "metablooms/instructional/anchors/OS_ANCHORS_v0.json",
    "metablooms/instructional/crosswalk/TEKS_SOR_CROSSWALK_v0.json",
    "metablooms/instructional/guides/G3_COMPREHENSION_READERS_GUIDE_v0.md",
    "metablooms/instructional/guides/grade3_comprehension_READERS_GUIDE_v0.md",
    "metablooms/instructional/maps/G3_COMPREHENSION_KNOWLEDGE_MAP_v0.json"
  ],
  "key_paths": {
    "crosswalk": "metablooms/instructional/crosswalk/TEKS_SOR_CROSSWALK_v0.json",
    "anchors": "metablooms/instructional/anchors/OS_ANCHORS_v0.json",
    "readers_guide": "metablooms/instructional/guides/G3_COMPREHENSION_READERS_GUIDE_v0.md",
    "knowledge_map": "metablooms/instructional/maps/G3_COMPREHENSION_KNOWLEDGE_MAP_v0.json",
    "query_router": "metablooms/indexing/query_router.py"
  },
  "boot_verification": {
    "result": "BOOT_OK",
    "activation_artifact": "control_plane/state_hub/activation_status_20260102T211807Z.json"
  }
}