{
  "$schema": "https://json-schema.org/draft/2020-12/schema",
  "title": "SandFit Input",
  "type": "object",
  "required": [
    "candidates",
    "constraints",
    "context"
  ],
  "properties": {
    "candidates": {
      "type": "array",
      "items": {
        "type": "object",
        "required": [
          "candidate_id",
          "title",
          "attributes"
        ],
        "properties": {
          "candidate_id": {
            "type": "string"
          },
          "title": {
            "type": "string"
          },
          "source": {
            "type": "string"
          },
          "attributes": {
            "type": "object"
          }
        }
      }
    },
    "constraints": {
      "type": "object"
    },
    "context": {
      "type": "object",
      "properties": {
        "domain": {
          "type": "string"
        },
        "risk_tolerance": {
          "type": "string",
          "enum": [
            "low",
            "medium",
            "high"
          ]
        },
        "notes": {
          "type": "string"
        }
      }
    }
  }
}