{
  "registry_id": "FAILURE_FACTOR_REGISTRY_v1",
  "version": "1.0.0",
  "status": "canonical",
  "principle": "Learn causes, not outcomes",
  "environment_scoped_bans_only_for": [
    "INVALID_CONSTRUCT"
  ],
  "cause_classes": {
    "A": {
      "id": "INVALID_CONSTRUCT",
      "learn_speed": "immediate",
      "allowed_actions": [
        "ban_pattern",
        "canonical_rewrite"
      ],
      "forbidden_actions": [
        "retry_same_construct",
        "global_ban"
      ],
      "examples": [
        "syntax error",
        "illegal character",
        "unexpected token"
      ]
    },
    "B": {
      "id": "DEPENDENCY_MISSING",
      "learn_speed": "immediate",
      "allowed_actions": [
        "generate_preflight",
        "add_install_step"
      ],
      "forbidden_actions": [
        "ban_approach"
      ],
      "examples": [
        "module not found",
        "command not found"
      ]
    },
    "C": {
      "id": "CONFIGURATION_MISSING_OR_INVALID",
      "learn_speed": "immediate",
      "allowed_actions": [
        "add_config_validator",
        "emit_config_contract"
      ],
      "forbidden_actions": [
        "ban_approach"
      ]
    },
    "D": {
      "id": "PATH_OR_FILE_NOT_FOUND",
      "learn_speed": "immediate",
      "allowed_actions": [
        "path_verification_gate",
        "normalize_paths"
      ],
      "forbidden_actions": [
        "ban_approach"
      ]
    },
    "E": {
      "id": "PERMISSION_OR_POLICY_BLOCK",
      "learn_speed": "immediate",
      "allowed_actions": [
        "permission_preflight",
        "fallback_strategy"
      ],
      "forbidden_actions": [
        "silent_retry"
      ]
    },
    "F": {
      "id": "VERSION_OR_ABI_MISMATCH",
      "learn_speed": "immediate",
      "allowed_actions": [
        "version_pin",
        "compatibility_gate"
      ],
      "forbidden_actions": [
        "auto_upgrade_without_consent"
      ]
    },
    "G": {
      "id": "RESOURCE_CONSTRAINT",
      "learn_speed": "immediate",
      "allowed_actions": [
        "chunking",
        "streaming",
        "resource_preflight"
      ],
      "forbidden_actions": [
        "retry_without_change"
      ]
    },
    "H": {
      "id": "TRANSIENT_EXTERNAL_FAILURE",
      "learn_speed": "retry_only",
      "allowed_actions": [
        "retry_backoff",
        "cache"
      ],
      "forbidden_actions": [
        "permanent_learning",
        "ban_approach"
      ]
    },
    "I": {
      "id": "HUMAN_INPUT_ERROR",
      "learn_speed": "immediate",
      "allowed_actions": [
        "input_validation",
        "echo_receipts"
      ],
      "forbidden_actions": [
        "ban_approach"
      ]
    }
  },
  "evidence_required": [
    "environment_id",
    "toolchain",
    "tool_version",
    "command_snippet",
    "exit_code",
    "stderr_hash",
    "stdout_hash",
    "timestamp"
  ]
}