{
  "schema": "CHM_Ledger.v1",
  "file": "ledgers/chat_health.ndjson",
  "record_fields": [
    {
      "name": "ts",
      "type": "RFC3339 UTC string",
      "required": true
    },
    {
      "name": "health",
      "type": "enum",
      "values": [
        "GREEN",
        "YELLOW",
        "RED"
      ],
      "required": true
    },
    {
      "name": "signals",
      "type": "array[string]",
      "required": true
    },
    {
      "name": "response",
      "type": "enum",
      "values": [
        "NONE",
        "THROTTLE",
        "CHECKPOINT",
        "HALT"
      ],
      "required": true
    },
    {
      "name": "affected_systems",
      "type": "array[string]",
      "required": true
    },
    {
      "name": "notes",
      "type": "string",
      "required": false
    }
  ],
  "examples": [
    {
      "ts": "2025-12-30T00:00:00Z",
      "health": "YELLOW",
      "signals": [
        "LONG_TURN_CHAIN_NO_ARTIFACTS"
      ],
      "response": "CHECKPOINT",
      "affected_systems": [
        "CHM",
        "BridgeMap"
      ],
      "notes": "Forced artifact emission to re-ground state."
    }
  ]
}