{
  "schema": "CHM_StatusPulse.v1",
  "purpose": "Human-visible periodic health declaration at natural boundaries only.",
  "when_to_emit": [
    "After artifact emission",
    "After mode switch (e.g., degraded-but-functional)",
    "When health transitions GREEN\u2194YELLOW\u2194RED",
    "Before halting progression",
    "At session checkpoint/export"
  ],
  "format": {
    "template": "Chat Health: <HEALTH> | Signals: <SIG1, SIG2,...> | Action: <RESPONSE>",
    "constraints": [
      "Do not emit every turn",
      "Prefer <= 1 line unless RED"
    ]
  },
  "severity_mapping": {
    "GREEN": "No action; continue",
    "YELLOW": "Throttle or checkpoint as needed",
    "RED": "Halt or force checkpoint before any further claims"
  }
}