{
  "$schema": "https://json-schema.org/draft/2020-12/schema",
  "title": "HDL Entry",
  "type": "object",
  "required": [
    "decision_id",
    "timestamp_utc",
    "engine",
    "domain",
    "task",
    "heuristic_impulse",
    "metablooms_action",
    "laws_applied",
    "classification",
    "outcome"
  ],
  "properties": {
    "decision_id": {
      "type": "string"
    },
    "timestamp_utc": {
      "type": "string"
    },
    "engine": {
      "type": "string",
      "enum": [
        "SandFit"
      ]
    },
    "domain": {
      "type": "string"
    },
    "task": {
      "type": "string"
    },
    "heuristic_impulse": {
      "type": "string"
    },
    "metablooms_action": {
      "type": "string"
    },
    "laws_applied": {
      "type": "array",
      "items": {
        "type": "string"
      }
    },
    "classification": {
      "type": "string",
      "enum": [
        "HOLD",
        "FOLD",
        "WALK",
        "RUN"
      ]
    },
    "outcome": {
      "type": "string"
    },
    "notes": {
      "type": "string"
    }
  }
}