{
  "$schema": "https://json-schema.org/draft/2020-12/schema",
  "title": "SandFit Output",
  "type": "object",
  "required": [
    "viable",
    "rejected",
    "decision_log_ref",
    "summary"
  ],
  "properties": {
    "viable": {
      "type": "array",
      "items": {
        "type": "object"
      }
    },
    "rejected": {
      "type": "array",
      "items": {
        "type": "object",
        "required": [
          "candidate_id",
          "reason"
        ],
        "properties": {
          "candidate_id": {
            "type": "string"
          },
          "reason": {
            "type": "string"
          }
        }
      }
    },
    "decision_log_ref": {
      "type": "string"
    },
    "summary": {
      "type": "string"
    }
  }
}