{
  "BLE": {
    "name": "BLE",
    "status": "ACTIVE",
    "detail": {
      "file": "MB_REASONING_ENGINE_INTERFACE_SPEC_v1.json",
      "status": "locked",
      "kind": "ble"
    },
    "timestamp_utc": "2025-12-29T19:49:22.314929Z"
  },
  "CONTROL_PLANE_CORE": {
    "name": "CONTROL_PLANE_CORE",
    "status": "ACTIVE",
    "detail": {
      "file": "BOOT_STATE.json",
      "status": {
        "fast_lane": "enabled",
        "semantic_shadow": "enabled",
        "promotion_governed": true
      },
      "kind": "control_plane"
    },
    "timestamp_utc": "2025-12-29T19:49:22.313762Z"
  },
  "EGG_JUICER": {
    "name": "EGG_JUICER",
    "status": "ACTIVE",
    "detail": {
      "file": "README.md",
      "status": "present",
      "kind": "egg_juicer"
    },
    "timestamp_utc": "2025-12-29T19:49:22.314626Z"
  },
  "GOVERNANCE_CORE": {
    "name": "GOVERNANCE_CORE",
    "status": "ACTIVE",
    "detail": {
      "file": "MB_GATE_REGISTRY_MANIFEST_v1.json",
      "status": "locked",
      "kind": "governance"
    },
    "timestamp_utc": "2025-12-29T19:49:22.315130Z"
  },
  "INTEGRATIONS": {
    "name": "INTEGRATIONS",
    "status": "ACTIVE",
    "detail": {
      "present": true
    },
    "timestamp_utc": "2025-12-29T19:49:22.315172Z"
  },
  "SHOPPING_MODE_CONTROLLER": {
    "name": "SHOPPING_MODE_CONTROLLER",
    "status": "ACTIVE",
    "detail": {
      "schema": "SHOPPING_MODE_CONTROLLER_RULES_v1",
      "rules_status": "draft",
      "test_count": 5
    },
    "timestamp_utc": "2025-12-29T19:49:22.314327Z"
  },
  "SOPS": {
    "name": "SOPS",
    "status": "ACTIVE",
    "detail": {
      "present": true
    },
    "timestamp_utc": "2025-12-29T19:49:22.315196Z"
  },
  "TOOLS": {
    "name": "TOOLS",
    "status": "ACTIVE",
    "detail": {
      "present": true
    },
    "timestamp_utc": "2025-12-29T19:49:22.315219Z"
  }
}