{
  "id": "BLE_EXT_TOOL_ON_DEMAND_v1",
  "status": "active",
  "created": "2025-12-29T13:13:08.156260+00:00",
  "signals": [
    {
      "signal_id": "SIG_TOOL_DEFICIT",
      "severity": "high",
      "description": "Repeated iteration without instrumentation/ground truth; tool should be created.",
      "triggers": [
        {
          "type": "count",
          "metric": "same_issue_iterations",
          "op": ">=",
          "value": 2
        },
        {
          "type": "regex",
          "field": "user_feedback",
          "pattern": "(still|worse|doesn't look right|nothing happened|terrible)",
          "case_insensitive": true
        }
      ],
      "required_action": "Create on-demand tool (Python CLI or single-file HTML) or produce Tool Proposal for approval."
    }
  ],
  "promotion_note": "If SIG_TOOL_DEFICIT is observed and addressed with a tool that resolves the issue, record as a promotion-worthy improvement under LID-2.0."
}