{
  "ruleset_id": "TOOLCHAIN_TRUTH_AUTOFIX_RULESET_v1",
  "version": "1.0.0",
  "status": "canonical_draft",
  "scope": "toolchain_truth_only",
  "principle": "Deterministic errors -> mechanical fixes -> immediate verify -> commit/rollback",
  "environments": {
    "termux:bash": {
      "toolchain": "bash",
      "autofix_rules": [
        {
          "rule_id": "TTAF-BASH-001",
          "cause_class": "INVALID_CONSTRUCT",
          "match": {
            "stderr_regex": "event not found",
            "notes": "Common when '!' triggers history expansion (histexpand) or unquoted ! in some contexts"
          },
          "fix": {
            "kind": "script_transform",
            "transform": "disable_history_expansion",
            "patch": "Insert 'set +H' (or 'set +o histexpand') near top of script (after shebang), and/or escape literal ! as \\! where needed."
          },
          "verification": {
            "kind": "rerun_same_command",
            "notes": "Re-run the failing command/script; expect nonzero->zero transition"
          },
          "rollback": {
            "kind": "inverse_patch",
            "patch": "Remove inserted 'set +H' line; revert escaped tokens to original if required."
          }
        },
        {
          "rule_id": "TTAF-BASH-002",
          "cause_class": "INVALID_CONSTRUCT",
          "match": {
            "stderr_regex": "syntax error near unexpected token",
            "notes": "Shell parse error (often quoting/brace mismatch)"
          },
          "fix": {
            "kind": "localized_rewrite",
            "transform": "quote_or_brace_normalize",
            "patch": "Normalize quotes/braces for the specific failing line; prefer POSIX-safe quoting. Do not rewrite semantics beyond parsing."
          },
          "verification": {
            "kind": "shellcheck_or_parse",
            "notes": "If available, run 'bash -n <script>'; otherwise rerun script to confirm parse passes."
          },
          "rollback": {
            "kind": "inverse_patch",
            "patch": "Restore original line(s) from pre-patch buffer."
          }
        },
        {
          "rule_id": "TTAF-BASH-003",
          "cause_class": "DEPENDENCY_MISSING",
          "match": {
            "stderr_regex": "command not found",
            "notes": "Missing executable in PATH"
          },
          "fix": {
            "kind": "preflight_generate",
            "transform": "ensure_command_installed",
            "patch": "Add a preflight: 'command -v <cmd> >/dev/null || { echo \"Missing <cmd>\"; exit 1; }' and propose install step (pkg/apt)."
          },
          "verification": {
            "kind": "command_v",
            "notes": "Verify 'command -v <cmd>' succeeds after install step."
          },
          "rollback": {
            "kind": "remove_preflight",
            "patch": "Remove added preflight lines if needed."
          }
        }
      ]
    },
    "powershell:pwsh": {
      "toolchain": "pwsh",
      "autofix_rules": [
        {
          "rule_id": "TTAF-PWSH-001",
          "cause_class": "INVALID_CONSTRUCT",
          "match": {
            "stderr_regex": "Unexpected token",
            "notes": "PowerShell parser error; often caused by bash syntax or quoting mismatches"
          },
          "fix": {
            "kind": "localized_rewrite",
            "transform": "pwsh_syntax_normalize",
            "patch": "Replace bash constructs with PowerShell equivalents (e.g., use ';' instead of '&&'; use '$env:VAR' for env vars; use backtick for line continuation). Keep changes minimal and parse-focused."
          },
          "verification": {
            "kind": "parse_only",
            "notes": "Run 'pwsh -NoProfile -Command \"[ScriptBlock]::Create((Get-Content -Raw <file>)) | Out-Null\"' or rerun command to ensure parser passes."
          },
          "rollback": {
            "kind": "inverse_patch",
            "patch": "Restore the original line(s) from pre-patch buffer."
          }
        },
        {
          "rule_id": "TTAF-PWSH-002",
          "cause_class": "DEPENDENCY_MISSING",
          "match": {
            "stderr_regex": "The term '.+' is not recognized as the name of a cmdlet",
            "notes": "Command/cmdlet not available"
          },
          "fix": {
            "kind": "preflight_generate",
            "transform": "ensure_command_available",
            "patch": "Add preflight: 'Get-Command <cmd> -ErrorAction Stop | Out-Null' and propose module install/import if applicable."
          },
          "verification": {
            "kind": "get_command",
            "notes": "Verify Get-Command succeeds."
          },
          "rollback": {
            "kind": "remove_preflight",
            "patch": "Remove added preflight lines if needed."
          }
        }
      ]
    },
    "python:cpython": {
      "toolchain": "python",
      "autofix_rules": [
        {
          "rule_id": "TTAF-PY-001",
          "cause_class": "INVALID_CONSTRUCT",
          "match": {
            "stderr_regex": "IndentationError|TabError",
            "notes": "Indentation invalid or mixed tabs/spaces"
          },
          "fix": {
            "kind": "file_transform",
            "transform": "normalize_indentation",
            "patch": "Convert tabs to 4 spaces; ensure consistent indentation per block. No semantic refactor."
          },
          "verification": {
            "kind": "compile",
            "notes": "Run 'python -m py_compile <file>' to confirm syntax/indentation is valid."
          },
          "rollback": {
            "kind": "inverse_patch",
            "patch": "Restore file from pre-patch snapshot."
          }
        },
        {
          "rule_id": "TTAF-PY-002",
          "cause_class": "INVALID_CONSTRUCT",
          "match": {
            "stderr_regex": "SyntaxError",
            "notes": "Python parse error"
          },
          "fix": {
            "kind": "localized_rewrite",
            "transform": "syntax_fix_minimal",
            "patch": "Apply minimal edit to satisfy parser (missing colon, unmatched brackets, bad quotes). Do not change logic beyond syntactic repair."
          },
          "verification": {
            "kind": "compile",
            "notes": "Run 'python -m py_compile <file>'; pass required."
          },
          "rollback": {
            "kind": "inverse_patch",
            "patch": "Restore original line(s) from pre-patch buffer."
          }
        },
        {
          "rule_id": "TTAF-PY-003",
          "cause_class": "DEPENDENCY_MISSING",
          "match": {
            "stderr_regex": "ModuleNotFoundError: No module named",
            "notes": "Missing Python dependency"
          },
          "fix": {
            "kind": "preflight_generate",
            "transform": "pip_install_requirement",
            "patch": "Add requirement to requirements.txt and emit install step 'python -m pip install -r requirements.txt' (or pipx/uv if pinned)."
          },
          "verification": {
            "kind": "import_test",
            "notes": "Re-run import or rerun script to confirm module resolves."
          },
          "rollback": {
            "kind": "inverse_patch",
            "patch": "Remove requirement entry and revert install instructions if needed."
          }
        }
      ]
    },
    "generic:zip_build": {
      "toolchain": "zip/file_ops",
      "autofix_rules": [
        {
          "rule_id": "TTAF-ZIP-001",
          "cause_class": "PATH_OR_FILE_NOT_FOUND",
          "match": {
            "stderr_regex": "FileNotFoundError|No such file or directory",
            "notes": "Artifact path missing during packaging"
          },
          "fix": {
            "kind": "build_gate",
            "transform": "artifact_verify_before_package",
            "patch": "Add gate: verify file exists + size>0 + sha256 before referencing/packaging. If missing, stop and emit required upstream step."
          },
          "verification": {
            "kind": "exists_hash",
            "notes": "Verify existence + hash on the artifact before continuing."
          },
          "rollback": {
            "kind": "remove_gate",
            "patch": "Remove added gate lines if needed."
          }
        }
      ]
    }
  },
  "global_constraints": {
    "whitelist_fix_kinds": [
      "script_transform",
      "file_transform",
      "localized_rewrite",
      "preflight_generate",
      "build_gate"
    ],
    "forbidden": [
      "semantic_refactor",
      "behavioral_policy_change",
      "global_rewrite",
      "network_fetch_without_user_permission"
    ],
    "verification_required": true,
    "rollback_required": true
  }
}