{
  "$schema": "https://json-schema.org/draft/2020-12/schema",
  "title": "MetaBlooms Known-Issue Catalog (KIC) Schema",
  "type": "object",
  "required": [
    "catalog_version",
    "generated_at",
    "entries"
  ],
  "properties": {
    "catalog_version": {
      "type": "string"
    },
    "generated_at": {
      "type": "string"
    },
    "entries": {
      "type": "array",
      "items": {
        "type": "object",
        "required": [
          "id",
          "system",
          "surface",
          "severity",
          "status",
          "trigger_signatures",
          "prechecks",
          "remediation_steps",
          "rollback_steps",
          "source_evidence",
          "last_verified"
        ],
        "properties": {
          "id": {
            "type": "string"
          },
          "system": {
            "type": "string"
          },
          "surface": {
            "type": "string",
            "enum": [
              "ui",
              "cli",
              "api"
            ]
          },
          "severity": {
            "type": "string",
            "enum": [
              "low",
              "medium",
              "high",
              "critical"
            ]
          },
          "status": {
            "type": "string",
            "enum": [
              "active",
              "quarantine",
              "deprecated"
            ]
          },
          "summary": {
            "type": "string"
          },
          "trigger_signatures": {
            "type": "array",
            "minItems": 1,
            "items": {
              "type": "string"
            }
          },
          "prechecks": {
            "type": "array",
            "minItems": 1,
            "items": {
              "type": "string"
            }
          },
          "remediation_steps": {
            "type": "array",
            "minItems": 1,
            "items": {
              "type": "string"
            }
          },
          "rollback_steps": {
            "type": "array",
            "minItems": 1,
            "items": {
              "type": "string"
            }
          },
          "source_evidence": {
            "type": "array",
            "minItems": 1,
            "items": {
              "type": "object",
              "required": [
                "source_type",
                "title",
                "date",
                "locator"
              ],
              "properties": {
                "source_type": {
                  "type": "string",
                  "enum": [
                    "vendor_doc",
                    "release_note",
                    "repo_issue",
                    "forum_thread",
                    "thread",
                    "other"
                  ]
                },
                "title": {
                  "type": "string"
                },
                "date": {
                  "type": "string"
                },
                "locator": {
                  "type": "string"
                },
                "quote": {
                  "type": "string"
                }
              }
            }
          },
          "last_verified": {
            "type": "string"
          },
          "notes": {
            "type": "string"
          }
        }
      }
    }
  }
}