{
  "catalog_version": "1.0",
  "generated_at": "2025-12-31T00:00:00Z",
  "entries": [
    {
      "id": "KIC-GH-0001",
      "system": "GitHub",
      "surface": "ui",
      "severity": "high",
      "status": "active",
      "summary": "Repository-level GitHub Actions 'Workflow permissions' default can restrict GITHUB_TOKEN to read-only; workflows needing writes fail unless permissions are adjusted or explicitly granted per-workflow.",
      "trigger_signatures": [
        "Resource not accessible by integration",
        "permission denied to github-actions[bot]",
        "Workflows have read permissions"
      ],
      "prechecks": [
        "Verify repo Settings \u2192 Actions \u2192 General \u2192 Workflow permissions (read-only vs read/write).",
        "Prefer least-privilege via workflow `permissions:` stanza when possible."
      ],
      "remediation_steps": [
        "If repository default is too restrictive for the intended workflow, either (a) grant minimal required `permissions:` in workflow YAML, or (b) set Workflow permissions to allow necessary scope.",
        "Re-run workflow after change; confirm token scopes."
      ],
      "rollback_steps": [
        "Restore prior Workflow permissions setting; remove unnecessary workflow permissions scopes."
      ],
      "source_evidence": [
        {
          "source_type": "vendor_doc",
          "title": "Managing GitHub Actions settings for a repository",
          "date": "2025-12-31",
          "locator": "https://docs.github.com/.../managing-github-actions-settings-for-a-repository"
        },
        {
          "source_type": "forum_thread",
          "title": "Changing 'Workflow permissions' to 'Read and write' (GitHub Community)",
          "date": "2023-06-??",
          "locator": "https://github.com/orgs/community/discussions/21061"
        }
      ],
      "last_verified": "2025-12-31",
      "notes": "Validated via GitHub Docs and community discussion; enforce via EFL branches."
    },
    {
      "id": "KIC-GH-0002",
      "system": "GitHub",
      "surface": "ui",
      "severity": "high",
      "status": "active",
      "summary": "Secrets are scoped (repository vs environment vs organization); workflows can fail if secrets are defined in an inaccessible scope or environment protections prevent access.",
      "trigger_signatures": [
        "secret was not found",
        "Environment protection rules"
      ],
      "prechecks": [
        "Confirm secret scope: Settings \u2192 Secrets and variables \u2192 Actions (repo or environment).",
        "If using environments, confirm workflow targets environment and any required reviewers/approvals."
      ],
      "remediation_steps": [
        "Move or duplicate secret into the scope the workflow can access.",
        "If environment requires approvals, either approve, adjust protection, or use a different scope."
      ],
      "rollback_steps": [
        "Remove duplicated secrets; revert environment protections to prior state."
      ],
      "source_evidence": [
        {
          "source_type": "vendor_doc",
          "title": "Using secrets in GitHub Actions",
          "date": "2025-12-31",
          "locator": "https://docs.github.com/actions/security-guides/using-secrets-in-github-actions"
        },
        {
          "source_type": "vendor_doc",
          "title": "Secrets (concepts)",
          "date": "2025-12-31",
          "locator": "https://docs.github.com/en/actions/concepts/security/secrets"
        }
      ],
      "last_verified": "2025-12-31",
      "notes": "Scopes and protections are a frequent mismatch; enforce via EFL prechecks."
    },
    {
      "id": "KIC-GH-0003",
      "system": "GitHub",
      "surface": "ui",
      "severity": "medium",
      "status": "active",
      "summary": "Branch protections and/or rulesets can block automation and merges if required checks or restrictions are enabled without configuring bypass/roles appropriately.",
      "trigger_signatures": [
        "Required status checks",
        "Protected branch hook declined",
        "Pushes to protected branches are not permitted"
      ],
      "prechecks": [
        "Inventory branch protections/rulesets before enabling automation that writes or merges.",
        "Identify whether rulesets are in use in addition to branch protection rules."
      ],
      "remediation_steps": [
        "Adjust rules/ruleset to permit intended automation pathway (e.g., PR-based changes), or configure appropriate bypass/roles when supported.",
        "Prefer PR flow over direct pushes to protected branches."
      ],
      "rollback_steps": [
        "Restore prior protection settings; remove bypass if added unnecessarily."
      ],
      "source_evidence": [
        {
          "source_type": "vendor_doc",
          "title": "Managing a branch protection rule",
          "date": "2025-12-31",
          "locator": "https://docs.github.com/.../managing-a-branch-protection-rule"
        },
        {
          "source_type": "vendor_doc",
          "title": "About rulesets",
          "date": "2025-12-31",
          "locator": "https://docs.github.com/.../about-rulesets"
        }
      ],
      "last_verified": "2025-12-31",
      "notes": "Modern GitHub uses rulesets alongside protections; guard for UI drift."
    },
    {
      "id": "KIC-GH-0004",
      "system": "GitHub",
      "surface": "ui",
      "severity": "medium",
      "status": "active",
      "summary": "Actions can appear enabled yet workflows do not run due to account/repo settings or approvals; requires explicit verification that Actions are permitted and workflows are enabled.",
      "trigger_signatures": [
        "Workflows are disabled",
        "This workflow has been disabled"
      ],
      "prechecks": [
        "Verify repo Actions settings are enabled and permitted (Settings \u2192 Actions \u2192 General).",
        "Confirm any first-run approval requirements."
      ],
      "remediation_steps": [
        "Enable Actions at repo/account level and approve if prompted; re-run workflow.",
        "If organization policies apply, adjust or use a personal repo."
      ],
      "rollback_steps": [
        "Disable Actions if not needed; remove workflows."
      ],
      "source_evidence": [
        {
          "source_type": "vendor_doc",
          "title": "Managing GitHub Actions settings for a repository",
          "date": "2025-12-31",
          "locator": "https://docs.github.com/en/repositories/managing-your-repositorys-settings-and-features/enabling-features-for-your-repository/managing-github-actions-settings-for-a-repository"
        },
        {
          "source_type": "forum_thread",
          "title": "Changing Workflow permissions to Read and write (policy restrictions)",
          "date": "2025-12-31",
          "locator": "https://github.com/orgs/community/discussions/57244"
        }
      ],
      "last_verified": "2025-12-31",
      "notes": "Policy/approval friction varies; treat as precheck branch."
    }
  ]
}