{
  "$schema": "https://json-schema.org/draft/2020-12/schema",
  "title": "MetaBlooms Original Context",
  "type": "object",
  "required": ["task", "expected_artifacts"],
  "properties": {
    "task": {"type": "object"},
    "expected_artifacts": {
      "type": "array",
      "items": {
        "type": "object",
        "required": ["path", "sha256"],
        "properties": {
          "path": {"type": "string"},
          "sha256": {"type": "string"}
        }
      }
    },
    "notes": {"type": "string"}
  }
}
