{
  "name": "MANIFEST_TDL_WIRING_v1",
  "generated_at": 1767468339.5857058,
  "root": "/mnt/data/_repack_metablooms_os_v7_6_9R/unzipped",
  "added_files_count": 12,
  "added_files": [
    {
      "path": "TDL/DOCTRINE/2026-01-03_metablooms_TDL_doctrine.md",
      "sha256": "5968f524a90f1279ed3fb389f7f1f5be2fe8f2020907de5fa2bba7c7a1eff992",
      "size": 2631
    },
    {
      "path": "TDL/PYTHON_UNBLINDER/2026-01-03_metablooms-python-unblinder.md",
      "sha256": "766787b1a28c5b830ed298122e77d0e3609614b8cb717c7589c8c7e2ceff933a",
      "size": 5905
    },
    {
      "path": "TDL/PYTHON_UNBLINDER/2026-01-03_metablooms_python_unblinder.py",
      "sha256": "a69a34aacfce320067913704077a06335e4a1ef0c339b4d32dd3c4a3060f40f9",
      "size": 6708
    },
    {
      "path": "TDL/RUNTIME/runtime_bundle/MANIFEST.json",
      "sha256": "9982771f053cb59c94cc44c3bbcc8b462a42f246f017d28e1a170658bc236377",
      "size": 1050
    },
    {
      "path": "TDL/RUNTIME/runtime_bundle/boot_wrapper.py",
      "sha256": "b6fc722e6da656b74022a9b7b1d3c370515c4a1d3ba957c93d82c78394bb6cdc",
      "size": 1117
    },
    {
      "path": "TDL/RUNTIME/runtime_bundle/lane_omega.py",
      "sha256": "b94d54e829632552624f1b693ab711b72c3a521598ea6727132a438ccf3ab51f",
      "size": 309
    },
    {
      "path": "TDL/RUNTIME/runtime_bundle/registry.json",
      "sha256": "2264d7241ba2ce631d0d961638607cf6c009045c2e963fbc88a31b42215771c4",
      "size": 127
    },
    {
      "path": "TDL/RUNTIME/runtime_bundle/templates/arbitration.py",
      "sha256": "b13be686b0949bc8e11158b30b4314fa3d8b8524d5ebb1af2547d9f70005e486",
      "size": 226
    },
    {
      "path": "TDL/RUNTIME/runtime_bundle/templates/inspection.py",
      "sha256": "d1689f5fb4ed1b2ebb8c3dd24a697701c67f353233b4f6bed076409a899706a7",
      "size": 141
    },
    {
      "path": "TDL/RUNTIME/runtime_bundle/templates/verification.py",
      "sha256": "cb0c6756c335e21e501b574873b96b0fb05c42882900242e926a975c5ea67a7f",
      "size": 500
    },
    {
      "path": "TDL/RUNTIME/runtime_bundle/templates/world_capture.py",
      "sha256": "68a03c4d3a89bdb0199789a090da683b1be9d897da442d13e6260a50e0af6392",
      "size": 431
    },
    {
      "path": "TDL/SCAFFOLD/2026-01-03_metablooms_TDL_scaffold.py",
      "sha256": "c2c0543700dca0ed29b947b6f6f8cf60c0d75144aaaf89bb6cb7fc89b43c2bd3",
      "size": 3016
    }
  ]
}