{
  "boot_manifest_version": "1.0",
  "entrypoint": "BOOT_METABLOOMS.py",
  "doctrine": [
    "metablooms_core_doctrine.md",
    "metablooms_epistemic_loop_doctrine_v1.md"
  ],
  "preflight": [
    "metablooms_smoke_test.py",
    "metablooms_epistemic_loop_activation_proof.py",
    "metablooms_memory_violation_gate_activation_proof.py",
    "metablooms_system_index_gate.py",
    "metablooms_boot_gate.py"
  ],
  "version": "7.6.9R",
  "metadata": {
    "bundle_name": "MultiMetaBlooms",
    "entry_kind": "immutable",
    "enforced_mode": "fail-closed"
  },
  "notes": "Project-files-bootable bundle: precomputed SYSTEM_INDEX.json is required (fail-closed); boot uses system_index_gate for fast validation and only regenerates if missing/corrupt."
}
