{
  "schema": "MB_GATESET_v1",
  "gates": [
    {
      "id": "NO_DORMANT_CAPABILITIES",
      "severity": "P0",
      "rule": "all declared subsystems must be activated or boot fails"
    },
    {
      "id": "NO_PROCEDURAL_ONLY_LEARNING",
      "severity": "P0",
      "rule": "any discovered failure must produce an enforceable artifact (gate/invariant/schema) or export blocked"
    },
    {
      "id": "NEAR_MISS_NAME_STRICT",
      "severity": "P1",
      "rule": "reject near-miss filenames/manifests via regex+edit-distance guard"
    },
    {
      "id": "LAST_KNOWN_GOOD_POINTER",
      "severity": "P0",
      "rule": "successful export must update LAST_KNOWN_GOOD.json; failures halt promotion"
    },
    {
      "id": "DELTA_HASH_MUST_MATCH",
      "severity": "P0",
      "rule": "delta sha256 must match manifest; mismatch blocks"
    },
    {
      "id": "ACTIVATION_ARTIFACT_REQUIRED",
      "severity": "P0",
      "rule": "activation_status artifact must exist after boot; missing blocks"
    },
    {
      "id": "MANIFEST_ENTRYPOINT_MATCH",
      "severity": "P0",
      "rule": "boot_manifest entrypoint must exist and be executed"
    }
  ]
}