{
  "catalog_version": "0.1",
  "generated_at": "2025-12-31T00:00:00Z",
  "entries": [
    {
      "id": "KIC-PS-0001",
      "system": "PowerShell",
      "surface": "cli",
      "severity": "medium",
      "status": "quarantine",
      "summary": "[ASSUMED] Script execution blocked by policy / security prompts in some environments.",
      "trigger_signatures": [
        "running scripts is disabled on this system",
        "cannot be loaded because running scripts is disabled"
      ],
      "prechecks": [
        "Record PowerShell version (Get-Host)",
        "Check execution policy scope (Get-ExecutionPolicy -List)"
      ],
      "remediation_steps": [
        "Prefer running signed scripts or inline commands",
        "If policy change is required, document exact scope change and rollback; require explicit approval"
      ],
      "rollback_steps": [
        "Restore prior execution policy values per scope"
      ],
      "source_evidence": [
        {
          "source_type": "other",
          "title": "Placeholder \u2014 populate via PRE sweep",
          "date": "2025-12-31",
          "locator": "TBD"
        }
      ],
      "last_verified": "2025-12-31",
      "notes": "Quarantined until verified by PRE with contemporary sources."
    },
    {
      "id": "KIC-TMX-0001",
      "system": "Termux",
      "surface": "cli",
      "severity": "medium",
      "status": "quarantine",
      "summary": "[ASSUMED] Storage access friction / path changes under Android scoped storage.",
      "trigger_signatures": [
        "permission denied",
        "cannot access /storage/emulated/0",
        "no such file or directory: /sdcard"
      ],
      "prechecks": [
        "Confirm Termux storage setup status",
        "Confirm expected shared storage paths"
      ],
      "remediation_steps": [
        "Use approved shared storage paths for downloads",
        "Use explicit permission steps; require approval for any broad filesystem scope expansion"
      ],
      "rollback_steps": [
        "Revert any scope expansions; keep write scope minimal"
      ],
      "source_evidence": [
        {
          "source_type": "other",
          "title": "Placeholder \u2014 populate via PRE sweep",
          "date": "2025-12-31",
          "locator": "TBD"
        }
      ],
      "last_verified": "2025-12-31",
      "notes": "Quarantined until verified by PRE with contemporary sources."
    }
  ]
}