{
  "manifest_id": "MB_BOOT_MANIFEST_v1",
  "entrypoint": "RUN_METABLOOMS.py",
  "mode": "fail_closed",
  "success_signal": "BOOT_OK",
  "failure_signal": "BOOT_FAILED",
  "required_doctrine": [
    "BOOT.md",
    "BOOT_METABLOOMS.py",
    "BUILD_MANIFEST_2025-12-30.json",
    "BUILD_MANIFEST_2025-12-30_v7_2.json",
    "BUILD_MANIFEST_2025-12-30_v7_3.json",
    "BUILD_MANIFEST_2025-12-30_v7_4.json",
    "BUILD_MANIFEST_2025-12-30_v7_4_1.json",
    "BUILD_MANIFEST_2025-12-31_152159Z_v7_5_2.json",
    "BUILD_MANIFEST_2025-12-31_153241Z_v7_5_3.json",
    "BUILD_MANIFEST_2025-12-31_153528Z_v7_5_4.json",
    "BUILD_MANIFEST_2025-12-31_155757Z_v7_5_5.json",
    "BUILD_MANIFEST_2025-12-31_161317Z_v7_5_6.json",
    "BUILD_MANIFEST_2025-12-31_161917Z_v7_5_7.json",
    "BUILD_MANIFEST_2025-12-31_162835Z_v7_6_0.json",
    "BUILD_MANIFEST_2025-12-31_164137Z_v7_6_1.json",
    "BUILD_MANIFEST_2025-12-31_164355Z_v7_6_2.json",
    "BUILD_MANIFEST_2025-12-31_173357Z_v7_6_3.json",
    "BUILD_MANIFEST_2025-12-31_v7_5.json",
    "ENTRYPOINT.md",
    "EXPORT_CHECKLIST.md",
    "HANDOFF_NEXT_CHAT.md",
    "INVARIANTS.json",
    "MANIFEST_WITH_BLOOMS.json",
    "MEEP_Manifest.json",
    "README.md",
    "README_BOOT_RULES.md",
    "RELEASE_NOTES_v7_6_4.md",
    "VALIDATION_REPORT.txt",
    "boot_contract.json",
    "boot_manifest.json",
    "control_plane",
    "export_gate",
    "governance",
    "manifests",
    "metablooms_governance",
    "validate_metablooms_export.py"
  ]
}