{
  "build_date": "2025-12-30",
  "source_os_zip": "2025-12-30_MetaBlooms_OS_CANONICAL_v7.zip",
  "included": {
    "bridge_map": "control_plane/bridge_map.json",
    "heuristic_matrix": "control_plane/heuristic_matrix.json",
    "heuristic_matrix_delta_v1_1": "control_plane/heuristic_matrix_v1_1_delta.json",
    "chm_contract": "control_plane/chm_contract.json",
    "chm_ledger_schema": "specs/chm_ledger_schema.json",
    "chm_status_pulse": "specs/chm_status_pulse.json"
  },
  "notes": [
    "BOOT entrypoint unchanged; this build adds control-plane governance artifacts and ledger scaffolding.",
    "v1.1 heuristic delta is provided as a delta artifact; integration logic should apply it at runtime."
  ]
}