{
  "build_id": "v7_5_0",
  "built_at_utc": "2025-12-31T14:14:20.817598Z",
  "base_bundle": "2025-12-30_MetaBlooms_OS_CANONICAL_v7_4_1.zip",
  "changes": {
    "added": [
      {
        "path": "governance/MB_PREFLIGHT_REALITY_ENGINE_PRE-1.0.md",
        "sha256": "fad2d61d1e8c3d3262966c7f85118c2061728f93a2151c54bb0b648119aae26b"
      },
      {
        "path": "governance/MB_EXPECTED_FAILURES_LAYER_EFL-1.0.md",
        "sha256": "526b10c13544b74128005197a62aeda91faac54ca8590fd5d6317685f3934a3e"
      },
      {
        "path": "governance/MB_SYSTEM_LEVEL_GRABBER_SLG-1.0.md",
        "sha256": "38d1f8684b9a74fe7a8252cc65c4e733ea1b173f12dcb2a0ef27d029a899f5d3"
      },
      {
        "path": "governance/MB_MEMORY_PROMOTION_CONTRACT_MPC-1.0.md",
        "sha256": "177578127846159b2f5868100b233e30993dba295486bcdeb7ff63561a9cd501"
      },
      {
        "path": "governance/kic/KIC_SCHEMA.json",
        "sha256": "0c745ccc4d68d8a1f220512c9387423521d35b793e8f7d51578c599d27ebdf85"
      },
      {
        "path": "governance/kic/KIC_EXAMPLE.json",
        "sha256": "7d04ed3cfeecccb68816a1172bc566c18ac21685114b36d9e6ef20edadd5472d"
      },
      {
        "path": "governance/slg/convergence_extraction_schema.json",
        "sha256": "2c449c5736d91740741960475cc4b99649ec2fca1aef3fc015aa345ffdc16b29"
      },
      {
        "path": "governance/slg/slg_stub.py",
        "sha256": "16478c71fbc48440a472de32bf6c005952469c23e43e35f9bcd5fdc49fccd14b"
      },
      {
        "path": "memory/active/kic/known_issue_catalog.json",
        "sha256": "d75e9d78e2f35f6243afacadd4f3187ed63d0ccd5de8b2bb37d2167aeb2f4d02"
      },
      {
        "path": "export_gate/EXPORT_GATE_MINIMUMS.json",
        "sha256": "4ca4dff8e3f31c788d164dd1fd85ea384f9913ace064ee2935db1badfd24f5b1"
      },
      {
        "path": "governance/pre/github/PRE_GITHUB_UI_MAP_2025-12-31.md",
        "sha256": "0d85280f820b5474c419aff5d4f6ba08d192e2d7250c753495220f6397dc1bf9"
      },
      {
        "path": "governance/pre/github/PRE_GITHUB_DRIFT_REPORT_2025-12-31.md",
        "sha256": "4cbbd136b757d0c6c1972e5f1b3dffabb182a0c292a0e3f8813dcf8cfc8f5113"
      }
    ],
    "modified": [
      {
        "path": "validate_metablooms_export.py",
        "sha256": "f0c4d8afe10111ee2b5dad1bc98de2221047dd51f74b7c1d4cc39c576b4a2aad"
      },
      {
        "path": "ledgers/decisions.ndjson",
        "sha256": "0c89b2101514c713b0a28e42bc483b4fbeae25397d685a77b50aaf1eae04cd0c"
      },
      {
        "path": "ledgers/evidence.ndjson",
        "sha256": "fed2b47388cc8695d0e4b9bd50820975a4ed61afcb56f2e08ba8686ae716b86f"
      }
    ]
  },
  "export_gate_minimums": {
    "min_zip_bytes": 150000,
    "min_file_count": 150,
    "min_required_paths": [
      "BOOT_METABLOOMS.py",
      "RUN_METABLOOMS.py",
      "boot_contract.json"
    ]
  }
}